

Microchip MPLAB XC8 Assembler V3.10 build 20250813170317 
                                                                                               Wed May  6 11:57:58 2026

Microchip MPLAB XC8 C Compiler v3.10 (Free license) build 20250813170317 Og1 
     1                           	processor	18F46K22
     2                           	fnconf	rparam,??,?,0
     3                           	pagewidth 120
     4                           	opt	flic
     5                           	psect	idataCOMRAM,global,class=CODE,space=0,delta=1,noexec
     6                           	psect	idataBANK0,global,class=CODE,space=0,delta=1,noexec
     7                           	psect	cinit,global,reloc=2,class=CODE,space=0,delta=1
     8                           	psect	bssCOMRAM,global,class=COMRAM,space=1,delta=1,lowdata,noexec
     9                           	psect	dataCOMRAM,global,class=COMRAM,space=1,delta=1,lowdata,noexec
    10                           	psect	bssBANK0,global,class=BANK0,space=1,delta=1,lowdata,noexec
    11                           	psect	dataBANK0,global,class=BANK0,space=1,delta=1,lowdata,noexec
    12                           	psect	bssBIGRAM,global,class=BIGRAM,space=1,delta=1,noexec
    13                           	psect	cstackBANK2,global,class=BANK2,space=1,delta=1,lowdata,noexec
    14                           	psect	cstackBANK1,global,class=BANK1,space=1,delta=1,lowdata,noexec
    15                           	psect	cstackBANK0,global,class=BANK0,space=1,delta=1,lowdata,noexec
    16                           	psect	cstackCOMRAM,global,class=COMRAM,space=1,delta=1,lowdata,noexec
    17                           	psect	text0,global,reloc=2,class=CODE,space=0,delta=1
    18                           	psect	text1,global,reloc=2,class=CODE,space=0,delta=1
    19                           	psect	text2,global,reloc=2,class=CODE,space=0,delta=1
    20                           	psect	text3,global,reloc=2,class=CODE,space=0,delta=1
    21                           	psect	text4,global,reloc=2,class=CODE,space=0,delta=1
    22                           	psect	text5,global,reloc=2,class=CODE,space=0,delta=1,group=1
    23                           	psect	text6,global,reloc=2,class=CODE,space=0,delta=1
    24                           	psect	text7,global,reloc=2,class=CODE,space=0,delta=1
    25                           	psect	text8,global,reloc=2,class=CODE,space=0,delta=1
    26                           	psect	text9,global,reloc=2,class=CODE,space=0,delta=1
    27                           	psect	text10,global,reloc=2,class=CODE,space=0,delta=1
    28                           	psect	text11,global,reloc=2,class=CODE,space=0,delta=1
    29                           	psect	text12,global,reloc=2,class=CODE,space=0,delta=1
    30                           	psect	text13,global,reloc=2,class=CODE,space=0,delta=1
    31                           	psect	text14,global,reloc=2,class=CODE,space=0,delta=1
    32                           	psect	text15,global,reloc=2,class=CODE,space=0,delta=1
    33                           	psect	text16,global,reloc=2,class=CODE,space=0,delta=1
    34                           	psect	text17,global,reloc=2,class=CODE,space=0,delta=1
    35                           	psect	text18,global,reloc=2,class=CODE,space=0,delta=1
    36                           	psect	text19,global,reloc=2,class=CODE,space=0,delta=1
    37                           	psect	text20,global,reloc=2,class=CODE,space=0,delta=1
    38                           	psect	text21,global,reloc=2,class=CODE,space=0,delta=1
    39                           	psect	intcode,global,reloc=2,class=CODE,space=0,delta=1
    40                           	psect	text23,global,reloc=2,class=CODE,space=0,delta=1
    41                           	psect	text24,global,reloc=2,class=CODE,space=0,delta=1
    42                           	psect	text25,global,reloc=2,class=CODE,space=0,delta=1
    43                           	psect	smallconst,global,reloc=2,class=SMALLCONST,space=0,delta=1,noexec
    44                           	psect	intsave_regs,global,class=BIGRAM,space=1,delta=1,noexec
    45                           	psect	rparam,global,class=COMRAM,space=1,delta=1,noexec
    46                           	dabs	1,0x1,1
    47   000000                     
    48                           ; Generated 24/03/2025 GMT
    49                           ; 
    50                           ; Copyright © 2025, Microchip Technology Inc. and its subsidiaries ("Microchip")
    51                           ; All rights reserved.
    52                           ; 
    53                           ; This software is developed by Microchip Technology Inc. and its subsidiaries ("Microch
      +                          ip").
    54                           ; 
    55                           ; Redistribution and use in source and binary forms, with or without modification, are
    56                           ; permitted provided that the following conditions are met:
    57                           ; 
    58                           ;     1. Redistributions of source code must retain the above copyright notice, this lis
      +                          t of
    59                           ;        conditions and the following disclaimer.
    60                           ; 
    61                           ;     2. Redistributions in binary form must reproduce the above copyright notice, this 
      +                          list
    62                           ;        of conditions and the following disclaimer in the documentation and/or other
    63                           ;        materials provided with the distribution. Publication is not required when
    64                           ;        this file is used in an embedded application.
    65                           ; 
    66                           ;     3. Microchip's name may not be used to endorse or promote products derived from th
      +                          is
    67                           ;        software without specific prior written permission.
    68                           ; 
    69                           ; THIS SOFTWARE IS PROVIDED BY MICROCHIP "AS IS" AND ANY EXPRESS OR IMPLIED WARRANTIES,
    70                           ; INCLUDING, BUT NOT LIMITED TO, THE IMPLIED WARRANTIES OF MERCHANTABILITY AND FITNESS F
      +                          OR
    71                           ; PURPOSE ARE DISCLAIMED.  IN NO EVENT SHALL MICROCHIP BE LIABLE FOR ANY DIRECT, INDIREC
      +                          T,
    72                           ; INCIDENTAL, SPECIAL, EXEMPLARY, OR CONSEQUENTIAL DAMAGES (INCLUDING BUT NOT LIMITED TO
    73                           ; PROCUREMENT OF SUBSTITUTE GOODS OR SERVICES; LOSS OF USE, DATA OR PROFITS; OR BUSINESS
    74                           ; INTERRUPTION) HOWSOEVER CAUSED AND ON ANY THEORY OF LIABILITY, WHETHER IN CONTRACT, ST
      +                          RICT
    75                           ; LIABILITY, OR TORT (INCLUDING NEGLIGENCE OR OTHERWISE) ARISING IN ANY WAY OUT OF THE U
      +                          SE OF
    76                           ; THIS SOFTWARE, EVEN IF ADVISED OF THE POSSIBILITY OF SUCH DAMAGE.
    77                           ; 
    78                           ; 
    79                           ; Code-generator required, PIC18F46K22 Definitions
    80                           ; 
    81                           ; SFR Addresses
    82   000FE0                     bsr             equ	4064
    83   000FE9                     fsr0            equ	4073
    84   000FEA                     fsr0h           equ	4074
    85   000FE9                     fsr0l           equ	4073
    86   000FE1                     fsr1            equ	4065
    87   000FE2                     fsr1h           equ	4066
    88   000FE1                     fsr1l           equ	4065
    89   000FD9                     fsr2            equ	4057
    90   000FDA                     fsr2h           equ	4058
    91   000FD9                     fsr2l           equ	4057
    92   000FEF                     indf0           equ	4079
    93   000FE7                     indf1           equ	4071
    94   000FDF                     indf2           equ	4063
    95   000FF2                     intcon          equ	4082
    96   000000                     nvmcon          equ	0
    97   000FF9                     pcl             equ	4089
    98   000FFA                     pclath          equ	4090
    99   000FFB                     pclatu          equ	4091
   100   000FEB                     plusw0          equ	4075
   101   000FE3                     plusw1          equ	4067
   102   000FDB                     plusw2          equ	4059
   103   000FED                     postdec0        equ	4077
   104   000FE5                     postdec1        equ	4069
   105   000FDD                     postdec2        equ	4061
   106   000FEE                     postinc0        equ	4078
   107   000FE6                     postinc1        equ	4070
   108   000FDE                     postinc2        equ	4062
   109   000FEC                     preinc0         equ	4076
   110   000FE4                     preinc1         equ	4068
   111   000FDC                     preinc2         equ	4060
   112   000FF3                     prod            equ	4083
   113   000FF4                     prodh           equ	4084
   114   000FF3                     prodl           equ	4083
   115   000FD8                     status          equ	4056
   116   000FF5                     tablat          equ	4085
   117   000FF6                     tblptr          equ	4086
   118   000FF7                     tblptrh         equ	4087
   119   000FF6                     tblptrl         equ	4086
   120   000FF8                     tblptru         equ	4088
   121   000FFD                     tosl            equ	4093
   122   000FE8                     wreg            equ	4072
   123   000F38                     ANSELA          equ	3896	;# 
   124   000F39                     ANSELB          equ	3897	;# 
   125   000F3A                     ANSELC          equ	3898	;# 
   126   000F3B                     ANSELD          equ	3899	;# 
   127   000F3C                     ANSELE          equ	3900	;# 
   128   000F3D                     PMD2            equ	3901	;# 
   129   000F3E                     PMD1            equ	3902	;# 
   130   000F3F                     PMD0            equ	3903	;# 
   131   000F40                     VREFCON2        equ	3904	;# 
   132   000F40                     DACCON1         equ	3904	;# 
   133   000F41                     VREFCON1        equ	3905	;# 
   134   000F41                     DACCON0         equ	3905	;# 
   135   000F42                     VREFCON0        equ	3906	;# 
   136   000F42                     FVRCON          equ	3906	;# 
   137   000F43                     CTMUICON        equ	3907	;# 
   138   000F43                     CTMUICONH       equ	3907	;# 
   139   000F44                     CTMUCONL        equ	3908	;# 
   140   000F44                     CTMUCON1        equ	3908	;# 
   141   000F45                     CTMUCONH        equ	3909	;# 
   142   000F45                     CTMUCON0        equ	3909	;# 
   143   000F46                     SRCON1          equ	3910	;# 
   144   000F47                     SRCON0          equ	3911	;# 
   145   000F48                     CCPTMRS1        equ	3912	;# 
   146   000F49                     CCPTMRS0        equ	3913	;# 
   147   000F4A                     T6CON           equ	3914	;# 
   148   000F4B                     PR6             equ	3915	;# 
   149   000F4C                     TMR6            equ	3916	;# 
   150   000F4D                     T5GCON          equ	3917	;# 
   151   000F4E                     T5CON           equ	3918	;# 
   152   000F4F                     TMR5            equ	3919	;# 
   153   000F4F                     TMR5L           equ	3919	;# 
   154   000F50                     TMR5H           equ	3920	;# 
   155   000F51                     T4CON           equ	3921	;# 
   156   000F52                     PR4             equ	3922	;# 
   157   000F53                     TMR4            equ	3923	;# 
   158   000F54                     CCP5CON         equ	3924	;# 
   159   000F55                     CCPR5           equ	3925	;# 
   160   000F55                     CCPR5L          equ	3925	;# 
   161   000F56                     CCPR5H          equ	3926	;# 
   162   000F57                     CCP4CON         equ	3927	;# 
   163   000F58                     CCPR4           equ	3928	;# 
   164   000F58                     CCPR4L          equ	3928	;# 
   165   000F59                     CCPR4H          equ	3929	;# 
   166   000F5A                     PSTR3CON        equ	3930	;# 
   167   000F5B                     ECCP3AS         equ	3931	;# 
   168   000F5B                     CCP3AS          equ	3931	;# 
   169   000F5C                     PWM3CON         equ	3932	;# 
   170   000F5D                     CCP3CON         equ	3933	;# 
   171   000F5E                     CCPR3           equ	3934	;# 
   172   000F5E                     CCPR3L          equ	3934	;# 
   173   000F5F                     CCPR3H          equ	3935	;# 
   174   000F60                     SLRCON          equ	3936	;# 
   175   000F61                     WPUB            equ	3937	;# 
   176   000F62                     IOCB            equ	3938	;# 
   177   000F63                     PSTR2CON        equ	3939	;# 
   178   000F64                     ECCP2AS         equ	3940	;# 
   179   000F64                     CCP2AS          equ	3940	;# 
   180   000F65                     PWM2CON         equ	3941	;# 
   181   000F66                     CCP2CON         equ	3942	;# 
   182   000F67                     CCPR2           equ	3943	;# 
   183   000F67                     CCPR2L          equ	3943	;# 
   184   000F68                     CCPR2H          equ	3944	;# 
   185   000F69                     SSP2CON3        equ	3945	;# 
   186   000F6A                     SSP2MSK         equ	3946	;# 
   187   000F6B                     SSP2CON2        equ	3947	;# 
   188   000F6C                     SSP2CON1        equ	3948	;# 
   189   000F6D                     SSP2STAT        equ	3949	;# 
   190   000F6E                     SSP2ADD         equ	3950	;# 
   191   000F6F                     SSP2BUF         equ	3951	;# 
   192   000F70                     BAUDCON2        equ	3952	;# 
   193   000F70                     BAUD2CON        equ	3952	;# 
   194   000F71                     RCSTA2          equ	3953	;# 
   195   000F71                     RC2STA          equ	3953	;# 
   196   000F72                     TXSTA2          equ	3954	;# 
   197   000F72                     TX2STA          equ	3954	;# 
   198   000F73                     TXREG2          equ	3955	;# 
   199   000F73                     TX2REG          equ	3955	;# 
   200   000F74                     RCREG2          equ	3956	;# 
   201   000F74                     RC2REG          equ	3956	;# 
   202   000F75                     SPBRG2          equ	3957	;# 
   203   000F75                     SP2BRG          equ	3957	;# 
   204   000F76                     SPBRGH2         equ	3958	;# 
   205   000F76                     SP2BRGH         equ	3958	;# 
   206   000F77                     CM2CON1         equ	3959	;# 
   207   000F77                     CM12CON         equ	3959	;# 
   208   000F78                     CM2CON0         equ	3960	;# 
   209   000F78                     CM2CON          equ	3960	;# 
   210   000F79                     CM1CON0         equ	3961	;# 
   211   000F79                     CM1CON          equ	3961	;# 
   212   000F7A                     PIE4            equ	3962	;# 
   213   000F7B                     PIR4            equ	3963	;# 
   214   000F7C                     IPR4            equ	3964	;# 
   215   000F7D                     PIE5            equ	3965	;# 
   216   000F7E                     PIR5            equ	3966	;# 
   217   000F7F                     IPR5            equ	3967	;# 
   218   000F80                     PORTA           equ	3968	;# 
   219   000F81                     PORTB           equ	3969	;# 
   220   000F82                     PORTC           equ	3970	;# 
   221   000F83                     PORTD           equ	3971	;# 
   222   000F84                     PORTE           equ	3972	;# 
   223   000F89                     LATA            equ	3977	;# 
   224   000F8A                     LATB            equ	3978	;# 
   225   000F8B                     LATC            equ	3979	;# 
   226   000F8C                     LATD            equ	3980	;# 
   227   000F8D                     LATE            equ	3981	;# 
   228   000F92                     TRISA           equ	3986	;# 
   229   000F92                     DDRA            equ	3986	;# 
   230   000F93                     TRISB           equ	3987	;# 
   231   000F93                     DDRB            equ	3987	;# 
   232   000F94                     TRISC           equ	3988	;# 
   233   000F94                     DDRC            equ	3988	;# 
   234   000F95                     TRISD           equ	3989	;# 
   235   000F95                     DDRD            equ	3989	;# 
   236   000F96                     TRISE           equ	3990	;# 
   237   000F96                     DDRE            equ	3990	;# 
   238   000F9B                     OSCTUNE         equ	3995	;# 
   239   000F9C                     HLVDCON         equ	3996	;# 
   240   000F9C                     LVDCON          equ	3996	;# 
   241   000F9D                     PIE1            equ	3997	;# 
   242   000F9E                     PIR1            equ	3998	;# 
   243   000F9F                     IPR1            equ	3999	;# 
   244   000FA0                     PIE2            equ	4000	;# 
   245   000FA1                     PIR2            equ	4001	;# 
   246   000FA2                     IPR2            equ	4002	;# 
   247   000FA3                     PIE3            equ	4003	;# 
   248   000FA4                     PIR3            equ	4004	;# 
   249   000FA5                     IPR3            equ	4005	;# 
   250   000FA6                     EECON1          equ	4006	;# 
   251   000FA7                     EECON2          equ	4007	;# 
   252   000FA8                     EEDATA          equ	4008	;# 
   253   000FA9                     EEADR           equ	4009	;# 
   254   000FAA                     EEADRH          equ	4010	;# 
   255   000FAB                     RCSTA1          equ	4011	;# 
   256   000FAB                     RCSTA           equ	4011	;# 
   257   000FAB                     RC1STA          equ	4011	;# 
   258   000FAC                     TXSTA1          equ	4012	;# 
   259   000FAC                     TXSTA           equ	4012	;# 
   260   000FAC                     TX1STA          equ	4012	;# 
   261   000FAD                     TXREG1          equ	4013	;# 
   262   000FAD                     TXREG           equ	4013	;# 
   263   000FAD                     TX1REG          equ	4013	;# 
   264   000FAE                     RCREG1          equ	4014	;# 
   265   000FAE                     RCREG           equ	4014	;# 
   266   000FAE                     RC1REG          equ	4014	;# 
   267   000FAF                     SPBRG1          equ	4015	;# 
   268   000FAF                     SPBRG           equ	4015	;# 
   269   000FAF                     SP1BRG          equ	4015	;# 
   270   000FB0                     SPBRGH1         equ	4016	;# 
   271   000FB0                     SPBRGH          equ	4016	;# 
   272   000FB0                     SP1BRGH         equ	4016	;# 
   273   000FB1                     T3CON           equ	4017	;# 
   274   000FB2                     TMR3            equ	4018	;# 
   275   000FB2                     TMR3L           equ	4018	;# 
   276   000FB3                     TMR3H           equ	4019	;# 
   277   000FB4                     T3GCON          equ	4020	;# 
   278   000FB6                     ECCP1AS         equ	4022	;# 
   279   000FB6                     ECCPAS          equ	4022	;# 
   280   000FB7                     PWM1CON         equ	4023	;# 
   281   000FB7                     PWMCON          equ	4023	;# 
   282   000FB8                     BAUDCON1        equ	4024	;# 
   283   000FB8                     BAUDCON         equ	4024	;# 
   284   000FB8                     BAUDCTL         equ	4024	;# 
   285   000FB8                     BAUD1CON        equ	4024	;# 
   286   000FB9                     PSTR1CON        equ	4025	;# 
   287   000FB9                     PSTRCON         equ	4025	;# 
   288   000FBA                     T2CON           equ	4026	;# 
   289   000FBB                     PR2             equ	4027	;# 
   290   000FBC                     TMR2            equ	4028	;# 
   291   000FBD                     CCP1CON         equ	4029	;# 
   292   000FBE                     CCPR1           equ	4030	;# 
   293   000FBE                     CCPR1L          equ	4030	;# 
   294   000FBF                     CCPR1H          equ	4031	;# 
   295   000FC0                     ADCON2          equ	4032	;# 
   296   000FC1                     ADCON1          equ	4033	;# 
   297   000FC2                     ADCON0          equ	4034	;# 
   298   000FC3                     ADRES           equ	4035	;# 
   299   000FC3                     ADRESL          equ	4035	;# 
   300   000FC4                     ADRESH          equ	4036	;# 
   301   000FC5                     SSP1CON2        equ	4037	;# 
   302   000FC5                     SSPCON2         equ	4037	;# 
   303   000FC6                     SSP1CON1        equ	4038	;# 
   304   000FC6                     SSPCON1         equ	4038	;# 
   305   000FC7                     SSP1STAT        equ	4039	;# 
   306   000FC7                     SSPSTAT         equ	4039	;# 
   307   000FC8                     SSP1ADD         equ	4040	;# 
   308   000FC8                     SSPADD          equ	4040	;# 
   309   000FC9                     SSP1BUF         equ	4041	;# 
   310   000FC9                     SSPBUF          equ	4041	;# 
   311   000FCA                     SSP1MSK         equ	4042	;# 
   312   000FCA                     SSPMSK          equ	4042	;# 
   313   000FCB                     SSP1CON3        equ	4043	;# 
   314   000FCB                     SSPCON3         equ	4043	;# 
   315   000FCC                     T1GCON          equ	4044	;# 
   316   000FCD                     T1CON           equ	4045	;# 
   317   000FCE                     TMR1            equ	4046	;# 
   318   000FCE                     TMR1L           equ	4046	;# 
   319   000FCF                     TMR1H           equ	4047	;# 
   320   000FD0                     RCON            equ	4048	;# 
   321   000FD1                     WDTCON          equ	4049	;# 
   322   000FD2                     OSCCON2         equ	4050	;# 
   323   000FD3                     OSCCON          equ	4051	;# 
   324   000FD5                     T0CON           equ	4053	;# 
   325   000FD6                     TMR0            equ	4054	;# 
   326   000FD6                     TMR0L           equ	4054	;# 
   327   000FD7                     TMR0H           equ	4055	;# 
   328   000FD8                     STATUS          equ	4056	;# 
   329   000FD9                     FSR2            equ	4057	;# 
   330   000FD9                     FSR2L           equ	4057	;# 
   331   000FDA                     FSR2H           equ	4058	;# 
   332   000FDB                     PLUSW2          equ	4059	;# 
   333   000FDC                     PREINC2         equ	4060	;# 
   334   000FDD                     POSTDEC2        equ	4061	;# 
   335   000FDE                     POSTINC2        equ	4062	;# 
   336   000FDF                     INDF2           equ	4063	;# 
   337   000FE0                     BSR             equ	4064	;# 
   338   000FE1                     FSR1            equ	4065	;# 
   339   000FE1                     FSR1L           equ	4065	;# 
   340   000FE2                     FSR1H           equ	4066	;# 
   341   000FE3                     PLUSW1          equ	4067	;# 
   342   000FE4                     PREINC1         equ	4068	;# 
   343   000FE5                     POSTDEC1        equ	4069	;# 
   344   000FE6                     POSTINC1        equ	4070	;# 
   345   000FE7                     INDF1           equ	4071	;# 
   346   000FE8                     WREG            equ	4072	;# 
   347   000FE9                     FSR0            equ	4073	;# 
   348   000FE9                     FSR0L           equ	4073	;# 
   349   000FEA                     FSR0H           equ	4074	;# 
   350   000FEB                     PLUSW0          equ	4075	;# 
   351   000FEC                     PREINC0         equ	4076	;# 
   352   000FED                     POSTDEC0        equ	4077	;# 
   353   000FEE                     POSTINC0        equ	4078	;# 
   354   000FEF                     INDF0           equ	4079	;# 
   355   000FF0                     INTCON3         equ	4080	;# 
   356   000FF1                     INTCON2         equ	4081	;# 
   357   000FF2                     INTCON          equ	4082	;# 
   358   000FF3                     PROD            equ	4083	;# 
   359   000FF3                     PRODL           equ	4083	;# 
   360   000FF4                     PRODH           equ	4084	;# 
   361   000FF5                     TABLAT          equ	4085	;# 
   362   000FF6                     TBLPTR          equ	4086	;# 
   363   000FF6                     TBLPTRL         equ	4086	;# 
   364   000FF7                     TBLPTRH         equ	4087	;# 
   365   000FF8                     TBLPTRU         equ	4088	;# 
   366   000FF9                     PCLAT           equ	4089	;# 
   367   000FF9                     PC              equ	4089	;# 
   368   000FF9                     PCL             equ	4089	;# 
   369   000FFA                     PCLATH          equ	4090	;# 
   370   000FFB                     PCLATU          equ	4091	;# 
   371   000FFC                     STKPTR          equ	4092	;# 
   372   000FFD                     TOS             equ	4093	;# 
   373   000FFD                     TOSL            equ	4093	;# 
   374   000FFE                     TOSH            equ	4094	;# 
   375   000FFF                     TOSU            equ	4095	;# 
   376   000F38                     ANSELA          equ	3896	;# 
   377   000F39                     ANSELB          equ	3897	;# 
   378   000F3A                     ANSELC          equ	3898	;# 
   379   000F3B                     ANSELD          equ	3899	;# 
   380   000F3C                     ANSELE          equ	3900	;# 
   381   000F3D                     PMD2            equ	3901	;# 
   382   000F3E                     PMD1            equ	3902	;# 
   383   000F3F                     PMD0            equ	3903	;# 
   384   000F40                     VREFCON2        equ	3904	;# 
   385   000F40                     DACCON1         equ	3904	;# 
   386   000F41                     VREFCON1        equ	3905	;# 
   387   000F41                     DACCON0         equ	3905	;# 
   388   000F42                     VREFCON0        equ	3906	;# 
   389   000F42                     FVRCON          equ	3906	;# 
   390   000F43                     CTMUICON        equ	3907	;# 
   391   000F43                     CTMUICONH       equ	3907	;# 
   392   000F44                     CTMUCONL        equ	3908	;# 
   393   000F44                     CTMUCON1        equ	3908	;# 
   394   000F45                     CTMUCONH        equ	3909	;# 
   395   000F45                     CTMUCON0        equ	3909	;# 
   396   000F46                     SRCON1          equ	3910	;# 
   397   000F47                     SRCON0          equ	3911	;# 
   398   000F48                     CCPTMRS1        equ	3912	;# 
   399   000F49                     CCPTMRS0        equ	3913	;# 
   400   000F4A                     T6CON           equ	3914	;# 
   401   000F4B                     PR6             equ	3915	;# 
   402   000F4C                     TMR6            equ	3916	;# 
   403   000F4D                     T5GCON          equ	3917	;# 
   404   000F4E                     T5CON           equ	3918	;# 
   405   000F4F                     TMR5            equ	3919	;# 
   406   000F4F                     TMR5L           equ	3919	;# 
   407   000F50                     TMR5H           equ	3920	;# 
   408   000F51                     T4CON           equ	3921	;# 
   409   000F52                     PR4             equ	3922	;# 
   410   000F53                     TMR4            equ	3923	;# 
   411   000F54                     CCP5CON         equ	3924	;# 
   412   000F55                     CCPR5           equ	3925	;# 
   413   000F55                     CCPR5L          equ	3925	;# 
   414   000F56                     CCPR5H          equ	3926	;# 
   415   000F57                     CCP4CON         equ	3927	;# 
   416   000F58                     CCPR4           equ	3928	;# 
   417   000F58                     CCPR4L          equ	3928	;# 
   418   000F59                     CCPR4H          equ	3929	;# 
   419   000F5A                     PSTR3CON        equ	3930	;# 
   420   000F5B                     ECCP3AS         equ	3931	;# 
   421   000F5B                     CCP3AS          equ	3931	;# 
   422   000F5C                     PWM3CON         equ	3932	;# 
   423   000F5D                     CCP3CON         equ	3933	;# 
   424   000F5E                     CCPR3           equ	3934	;# 
   425   000F5E                     CCPR3L          equ	3934	;# 
   426   000F5F                     CCPR3H          equ	3935	;# 
   427   000F60                     SLRCON          equ	3936	;# 
   428   000F61                     WPUB            equ	3937	;# 
   429   000F62                     IOCB            equ	3938	;# 
   430   000F63                     PSTR2CON        equ	3939	;# 
   431   000F64                     ECCP2AS         equ	3940	;# 
   432   000F64                     CCP2AS          equ	3940	;# 
   433   000F65                     PWM2CON         equ	3941	;# 
   434   000F66                     CCP2CON         equ	3942	;# 
   435   000F67                     CCPR2           equ	3943	;# 
   436   000F67                     CCPR2L          equ	3943	;# 
   437   000F68                     CCPR2H          equ	3944	;# 
   438   000F69                     SSP2CON3        equ	3945	;# 
   439   000F6A                     SSP2MSK         equ	3946	;# 
   440   000F6B                     SSP2CON2        equ	3947	;# 
   441   000F6C                     SSP2CON1        equ	3948	;# 
   442   000F6D                     SSP2STAT        equ	3949	;# 
   443   000F6E                     SSP2ADD         equ	3950	;# 
   444   000F6F                     SSP2BUF         equ	3951	;# 
   445   000F70                     BAUDCON2        equ	3952	;# 
   446   000F70                     BAUD2CON        equ	3952	;# 
   447   000F71                     RCSTA2          equ	3953	;# 
   448   000F71                     RC2STA          equ	3953	;# 
   449   000F72                     TXSTA2          equ	3954	;# 
   450   000F72                     TX2STA          equ	3954	;# 
   451   000F73                     TXREG2          equ	3955	;# 
   452   000F73                     TX2REG          equ	3955	;# 
   453   000F74                     RCREG2          equ	3956	;# 
   454   000F74                     RC2REG          equ	3956	;# 
   455   000F75                     SPBRG2          equ	3957	;# 
   456   000F75                     SP2BRG          equ	3957	;# 
   457   000F76                     SPBRGH2         equ	3958	;# 
   458   000F76                     SP2BRGH         equ	3958	;# 
   459   000F77                     CM2CON1         equ	3959	;# 
   460   000F77                     CM12CON         equ	3959	;# 
   461   000F78                     CM2CON0         equ	3960	;# 
   462   000F78                     CM2CON          equ	3960	;# 
   463   000F79                     CM1CON0         equ	3961	;# 
   464   000F79                     CM1CON          equ	3961	;# 
   465   000F7A                     PIE4            equ	3962	;# 
   466   000F7B                     PIR4            equ	3963	;# 
   467   000F7C                     IPR4            equ	3964	;# 
   468   000F7D                     PIE5            equ	3965	;# 
   469   000F7E                     PIR5            equ	3966	;# 
   470   000F7F                     IPR5            equ	3967	;# 
   471   000F80                     PORTA           equ	3968	;# 
   472   000F81                     PORTB           equ	3969	;# 
   473   000F82                     PORTC           equ	3970	;# 
   474   000F83                     PORTD           equ	3971	;# 
   475   000F84                     PORTE           equ	3972	;# 
   476   000F89                     LATA            equ	3977	;# 
   477   000F8A                     LATB            equ	3978	;# 
   478   000F8B                     LATC            equ	3979	;# 
   479   000F8C                     LATD            equ	3980	;# 
   480   000F8D                     LATE            equ	3981	;# 
   481   000F92                     TRISA           equ	3986	;# 
   482   000F92                     DDRA            equ	3986	;# 
   483   000F93                     TRISB           equ	3987	;# 
   484   000F93                     DDRB            equ	3987	;# 
   485   000F94                     TRISC           equ	3988	;# 
   486   000F94                     DDRC            equ	3988	;# 
   487   000F95                     TRISD           equ	3989	;# 
   488   000F95                     DDRD            equ	3989	;# 
   489   000F96                     TRISE           equ	3990	;# 
   490   000F96                     DDRE            equ	3990	;# 
   491   000F9B                     OSCTUNE         equ	3995	;# 
   492   000F9C                     HLVDCON         equ	3996	;# 
   493   000F9C                     LVDCON          equ	3996	;# 
   494   000F9D                     PIE1            equ	3997	;# 
   495   000F9E                     PIR1            equ	3998	;# 
   496   000F9F                     IPR1            equ	3999	;# 
   497   000FA0                     PIE2            equ	4000	;# 
   498   000FA1                     PIR2            equ	4001	;# 
   499   000FA2                     IPR2            equ	4002	;# 
   500   000FA3                     PIE3            equ	4003	;# 
   501   000FA4                     PIR3            equ	4004	;# 
   502   000FA5                     IPR3            equ	4005	;# 
   503   000FA6                     EECON1          equ	4006	;# 
   504   000FA7                     EECON2          equ	4007	;# 
   505   000FA8                     EEDATA          equ	4008	;# 
   506   000FA9                     EEADR           equ	4009	;# 
   507   000FAA                     EEADRH          equ	4010	;# 
   508   000FAB                     RCSTA1          equ	4011	;# 
   509   000FAB                     RCSTA           equ	4011	;# 
   510   000FAB                     RC1STA          equ	4011	;# 
   511   000FAC                     TXSTA1          equ	4012	;# 
   512   000FAC                     TXSTA           equ	4012	;# 
   513   000FAC                     TX1STA          equ	4012	;# 
   514   000FAD                     TXREG1          equ	4013	;# 
   515   000FAD                     TXREG           equ	4013	;# 
   516   000FAD                     TX1REG          equ	4013	;# 
   517   000FAE                     RCREG1          equ	4014	;# 
   518   000FAE                     RCREG           equ	4014	;# 
   519   000FAE                     RC1REG          equ	4014	;# 
   520   000FAF                     SPBRG1          equ	4015	;# 
   521   000FAF                     SPBRG           equ	4015	;# 
   522   000FAF                     SP1BRG          equ	4015	;# 
   523   000FB0                     SPBRGH1         equ	4016	;# 
   524   000FB0                     SPBRGH          equ	4016	;# 
   525   000FB0                     SP1BRGH         equ	4016	;# 
   526   000FB1                     T3CON           equ	4017	;# 
   527   000FB2                     TMR3            equ	4018	;# 
   528   000FB2                     TMR3L           equ	4018	;# 
   529   000FB3                     TMR3H           equ	4019	;# 
   530   000FB4                     T3GCON          equ	4020	;# 
   531   000FB6                     ECCP1AS         equ	4022	;# 
   532   000FB6                     ECCPAS          equ	4022	;# 
   533   000FB7                     PWM1CON         equ	4023	;# 
   534   000FB7                     PWMCON          equ	4023	;# 
   535   000FB8                     BAUDCON1        equ	4024	;# 
   536   000FB8                     BAUDCON         equ	4024	;# 
   537   000FB8                     BAUDCTL         equ	4024	;# 
   538   000FB8                     BAUD1CON        equ	4024	;# 
   539   000FB9                     PSTR1CON        equ	4025	;# 
   540   000FB9                     PSTRCON         equ	4025	;# 
   541   000FBA                     T2CON           equ	4026	;# 
   542   000FBB                     PR2             equ	4027	;# 
   543   000FBC                     TMR2            equ	4028	;# 
   544   000FBD                     CCP1CON         equ	4029	;# 
   545   000FBE                     CCPR1           equ	4030	;# 
   546   000FBE                     CCPR1L          equ	4030	;# 
   547   000FBF                     CCPR1H          equ	4031	;# 
   548   000FC0                     ADCON2          equ	4032	;# 
   549   000FC1                     ADCON1          equ	4033	;# 
   550   000FC2                     ADCON0          equ	4034	;# 
   551   000FC3                     ADRES           equ	4035	;# 
   552   000FC3                     ADRESL          equ	4035	;# 
   553   000FC4                     ADRESH          equ	4036	;# 
   554   000FC5                     SSP1CON2        equ	4037	;# 
   555   000FC5                     SSPCON2         equ	4037	;# 
   556   000FC6                     SSP1CON1        equ	4038	;# 
   557   000FC6                     SSPCON1         equ	4038	;# 
   558   000FC7                     SSP1STAT        equ	4039	;# 
   559   000FC7                     SSPSTAT         equ	4039	;# 
   560   000FC8                     SSP1ADD         equ	4040	;# 
   561   000FC8                     SSPADD          equ	4040	;# 
   562   000FC9                     SSP1BUF         equ	4041	;# 
   563   000FC9                     SSPBUF          equ	4041	;# 
   564   000FCA                     SSP1MSK         equ	4042	;# 
   565   000FCA                     SSPMSK          equ	4042	;# 
   566   000FCB                     SSP1CON3        equ	4043	;# 
   567   000FCB                     SSPCON3         equ	4043	;# 
   568   000FCC                     T1GCON          equ	4044	;# 
   569   000FCD                     T1CON           equ	4045	;# 
   570   000FCE                     TMR1            equ	4046	;# 
   571   000FCE                     TMR1L           equ	4046	;# 
   572   000FCF                     TMR1H           equ	4047	;# 
   573   000FD0                     RCON            equ	4048	;# 
   574   000FD1                     WDTCON          equ	4049	;# 
   575   000FD2                     OSCCON2         equ	4050	;# 
   576   000FD3                     OSCCON          equ	4051	;# 
   577   000FD5                     T0CON           equ	4053	;# 
   578   000FD6                     TMR0            equ	4054	;# 
   579   000FD6                     TMR0L           equ	4054	;# 
   580   000FD7                     TMR0H           equ	4055	;# 
   581   000FD8                     STATUS          equ	4056	;# 
   582   000FD9                     FSR2            equ	4057	;# 
   583   000FD9                     FSR2L           equ	4057	;# 
   584   000FDA                     FSR2H           equ	4058	;# 
   585   000FDB                     PLUSW2          equ	4059	;# 
   586   000FDC                     PREINC2         equ	4060	;# 
   587   000FDD                     POSTDEC2        equ	4061	;# 
   588   000FDE                     POSTINC2        equ	4062	;# 
   589   000FDF                     INDF2           equ	4063	;# 
   590   000FE0                     BSR             equ	4064	;# 
   591   000FE1                     FSR1            equ	4065	;# 
   592   000FE1                     FSR1L           equ	4065	;# 
   593   000FE2                     FSR1H           equ	4066	;# 
   594   000FE3                     PLUSW1          equ	4067	;# 
   595   000FE4                     PREINC1         equ	4068	;# 
   596   000FE5                     POSTDEC1        equ	4069	;# 
   597   000FE6                     POSTINC1        equ	4070	;# 
   598   000FE7                     INDF1           equ	4071	;# 
   599   000FE8                     WREG            equ	4072	;# 
   600   000FE9                     FSR0            equ	4073	;# 
   601   000FE9                     FSR0L           equ	4073	;# 
   602   000FEA                     FSR0H           equ	4074	;# 
   603   000FEB                     PLUSW0          equ	4075	;# 
   604   000FEC                     PREINC0         equ	4076	;# 
   605   000FED                     POSTDEC0        equ	4077	;# 
   606   000FEE                     POSTINC0        equ	4078	;# 
   607   000FEF                     INDF0           equ	4079	;# 
   608   000FF0                     INTCON3         equ	4080	;# 
   609   000FF1                     INTCON2         equ	4081	;# 
   610   000FF2                     INTCON          equ	4082	;# 
   611   000FF3                     PROD            equ	4083	;# 
   612   000FF3                     PRODL           equ	4083	;# 
   613   000FF4                     PRODH           equ	4084	;# 
   614   000FF5                     TABLAT          equ	4085	;# 
   615   000FF6                     TBLPTR          equ	4086	;# 
   616   000FF6                     TBLPTRL         equ	4086	;# 
   617   000FF7                     TBLPTRH         equ	4087	;# 
   618   000FF8                     TBLPTRU         equ	4088	;# 
   619   000FF9                     PCLAT           equ	4089	;# 
   620   000FF9                     PC              equ	4089	;# 
   621   000FF9                     PCL             equ	4089	;# 
   622   000FFA                     PCLATH          equ	4090	;# 
   623   000FFB                     PCLATU          equ	4091	;# 
   624   000FFC                     STKPTR          equ	4092	;# 
   625   000FFD                     TOS             equ	4093	;# 
   626   000FFD                     TOSL            equ	4093	;# 
   627   000FFE                     TOSH            equ	4094	;# 
   628   000FFF                     TOSU            equ	4095	;# 
   629   000F38                     ANSELA          equ	3896	;# 
   630   000F39                     ANSELB          equ	3897	;# 
   631   000F3A                     ANSELC          equ	3898	;# 
   632   000F3B                     ANSELD          equ	3899	;# 
   633   000F3C                     ANSELE          equ	3900	;# 
   634   000F3D                     PMD2            equ	3901	;# 
   635   000F3E                     PMD1            equ	3902	;# 
   636   000F3F                     PMD0            equ	3903	;# 
   637   000F40                     VREFCON2        equ	3904	;# 
   638   000F40                     DACCON1         equ	3904	;# 
   639   000F41                     VREFCON1        equ	3905	;# 
   640   000F41                     DACCON0         equ	3905	;# 
   641   000F42                     VREFCON0        equ	3906	;# 
   642   000F42                     FVRCON          equ	3906	;# 
   643   000F43                     CTMUICON        equ	3907	;# 
   644   000F43                     CTMUICONH       equ	3907	;# 
   645   000F44                     CTMUCONL        equ	3908	;# 
   646   000F44                     CTMUCON1        equ	3908	;# 
   647   000F45                     CTMUCONH        equ	3909	;# 
   648   000F45                     CTMUCON0        equ	3909	;# 
   649   000F46                     SRCON1          equ	3910	;# 
   650   000F47                     SRCON0          equ	3911	;# 
   651   000F48                     CCPTMRS1        equ	3912	;# 
   652   000F49                     CCPTMRS0        equ	3913	;# 
   653   000F4A                     T6CON           equ	3914	;# 
   654   000F4B                     PR6             equ	3915	;# 
   655   000F4C                     TMR6            equ	3916	;# 
   656   000F4D                     T5GCON          equ	3917	;# 
   657   000F4E                     T5CON           equ	3918	;# 
   658   000F4F                     TMR5            equ	3919	;# 
   659   000F4F                     TMR5L           equ	3919	;# 
   660   000F50                     TMR5H           equ	3920	;# 
   661   000F51                     T4CON           equ	3921	;# 
   662   000F52                     PR4             equ	3922	;# 
   663   000F53                     TMR4            equ	3923	;# 
   664   000F54                     CCP5CON         equ	3924	;# 
   665   000F55                     CCPR5           equ	3925	;# 
   666   000F55                     CCPR5L          equ	3925	;# 
   667   000F56                     CCPR5H          equ	3926	;# 
   668   000F57                     CCP4CON         equ	3927	;# 
   669   000F58                     CCPR4           equ	3928	;# 
   670   000F58                     CCPR4L          equ	3928	;# 
   671   000F59                     CCPR4H          equ	3929	;# 
   672   000F5A                     PSTR3CON        equ	3930	;# 
   673   000F5B                     ECCP3AS         equ	3931	;# 
   674   000F5B                     CCP3AS          equ	3931	;# 
   675   000F5C                     PWM3CON         equ	3932	;# 
   676   000F5D                     CCP3CON         equ	3933	;# 
   677   000F5E                     CCPR3           equ	3934	;# 
   678   000F5E                     CCPR3L          equ	3934	;# 
   679   000F5F                     CCPR3H          equ	3935	;# 
   680   000F60                     SLRCON          equ	3936	;# 
   681   000F61                     WPUB            equ	3937	;# 
   682   000F62                     IOCB            equ	3938	;# 
   683   000F63                     PSTR2CON        equ	3939	;# 
   684   000F64                     ECCP2AS         equ	3940	;# 
   685   000F64                     CCP2AS          equ	3940	;# 
   686   000F65                     PWM2CON         equ	3941	;# 
   687   000F66                     CCP2CON         equ	3942	;# 
   688   000F67                     CCPR2           equ	3943	;# 
   689   000F67                     CCPR2L          equ	3943	;# 
   690   000F68                     CCPR2H          equ	3944	;# 
   691   000F69                     SSP2CON3        equ	3945	;# 
   692   000F6A                     SSP2MSK         equ	3946	;# 
   693   000F6B                     SSP2CON2        equ	3947	;# 
   694   000F6C                     SSP2CON1        equ	3948	;# 
   695   000F6D                     SSP2STAT        equ	3949	;# 
   696   000F6E                     SSP2ADD         equ	3950	;# 
   697   000F6F                     SSP2BUF         equ	3951	;# 
   698   000F70                     BAUDCON2        equ	3952	;# 
   699   000F70                     BAUD2CON        equ	3952	;# 
   700   000F71                     RCSTA2          equ	3953	;# 
   701   000F71                     RC2STA          equ	3953	;# 
   702   000F72                     TXSTA2          equ	3954	;# 
   703   000F72                     TX2STA          equ	3954	;# 
   704   000F73                     TXREG2          equ	3955	;# 
   705   000F73                     TX2REG          equ	3955	;# 
   706   000F74                     RCREG2          equ	3956	;# 
   707   000F74                     RC2REG          equ	3956	;# 
   708   000F75                     SPBRG2          equ	3957	;# 
   709   000F75                     SP2BRG          equ	3957	;# 
   710   000F76                     SPBRGH2         equ	3958	;# 
   711   000F76                     SP2BRGH         equ	3958	;# 
   712   000F77                     CM2CON1         equ	3959	;# 
   713   000F77                     CM12CON         equ	3959	;# 
   714   000F78                     CM2CON0         equ	3960	;# 
   715   000F78                     CM2CON          equ	3960	;# 
   716   000F79                     CM1CON0         equ	3961	;# 
   717   000F79                     CM1CON          equ	3961	;# 
   718   000F7A                     PIE4            equ	3962	;# 
   719   000F7B                     PIR4            equ	3963	;# 
   720   000F7C                     IPR4            equ	3964	;# 
   721   000F7D                     PIE5            equ	3965	;# 
   722   000F7E                     PIR5            equ	3966	;# 
   723   000F7F                     IPR5            equ	3967	;# 
   724   000F80                     PORTA           equ	3968	;# 
   725   000F81                     PORTB           equ	3969	;# 
   726   000F82                     PORTC           equ	3970	;# 
   727   000F83                     PORTD           equ	3971	;# 
   728   000F84                     PORTE           equ	3972	;# 
   729   000F89                     LATA            equ	3977	;# 
   730   000F8A                     LATB            equ	3978	;# 
   731   000F8B                     LATC            equ	3979	;# 
   732   000F8C                     LATD            equ	3980	;# 
   733   000F8D                     LATE            equ	3981	;# 
   734   000F92                     TRISA           equ	3986	;# 
   735   000F92                     DDRA            equ	3986	;# 
   736   000F93                     TRISB           equ	3987	;# 
   737   000F93                     DDRB            equ	3987	;# 
   738   000F94                     TRISC           equ	3988	;# 
   739   000F94                     DDRC            equ	3988	;# 
   740   000F95                     TRISD           equ	3989	;# 
   741   000F95                     DDRD            equ	3989	;# 
   742   000F96                     TRISE           equ	3990	;# 
   743   000F96                     DDRE            equ	3990	;# 
   744   000F9B                     OSCTUNE         equ	3995	;# 
   745   000F9C                     HLVDCON         equ	3996	;# 
   746   000F9C                     LVDCON          equ	3996	;# 
   747   000F9D                     PIE1            equ	3997	;# 
   748   000F9E                     PIR1            equ	3998	;# 
   749   000F9F                     IPR1            equ	3999	;# 
   750   000FA0                     PIE2            equ	4000	;# 
   751   000FA1                     PIR2            equ	4001	;# 
   752   000FA2                     IPR2            equ	4002	;# 
   753   000FA3                     PIE3            equ	4003	;# 
   754   000FA4                     PIR3            equ	4004	;# 
   755   000FA5                     IPR3            equ	4005	;# 
   756   000FA6                     EECON1          equ	4006	;# 
   757   000FA7                     EECON2          equ	4007	;# 
   758   000FA8                     EEDATA          equ	4008	;# 
   759   000FA9                     EEADR           equ	4009	;# 
   760   000FAA                     EEADRH          equ	4010	;# 
   761   000FAB                     RCSTA1          equ	4011	;# 
   762   000FAB                     RCSTA           equ	4011	;# 
   763   000FAB                     RC1STA          equ	4011	;# 
   764   000FAC                     TXSTA1          equ	4012	;# 
   765   000FAC                     TXSTA           equ	4012	;# 
   766   000FAC                     TX1STA          equ	4012	;# 
   767   000FAD                     TXREG1          equ	4013	;# 
   768   000FAD                     TXREG           equ	4013	;# 
   769   000FAD                     TX1REG          equ	4013	;# 
   770   000FAE                     RCREG1          equ	4014	;# 
   771   000FAE                     RCREG           equ	4014	;# 
   772   000FAE                     RC1REG          equ	4014	;# 
   773   000FAF                     SPBRG1          equ	4015	;# 
   774   000FAF                     SPBRG           equ	4015	;# 
   775   000FAF                     SP1BRG          equ	4015	;# 
   776   000FB0                     SPBRGH1         equ	4016	;# 
   777   000FB0                     SPBRGH          equ	4016	;# 
   778   000FB0                     SP1BRGH         equ	4016	;# 
   779   000FB1                     T3CON           equ	4017	;# 
   780   000FB2                     TMR3            equ	4018	;# 
   781   000FB2                     TMR3L           equ	4018	;# 
   782   000FB3                     TMR3H           equ	4019	;# 
   783   000FB4                     T3GCON          equ	4020	;# 
   784   000FB6                     ECCP1AS         equ	4022	;# 
   785   000FB6                     ECCPAS          equ	4022	;# 
   786   000FB7                     PWM1CON         equ	4023	;# 
   787   000FB7                     PWMCON          equ	4023	;# 
   788   000FB8                     BAUDCON1        equ	4024	;# 
   789   000FB8                     BAUDCON         equ	4024	;# 
   790   000FB8                     BAUDCTL         equ	4024	;# 
   791   000FB8                     BAUD1CON        equ	4024	;# 
   792   000FB9                     PSTR1CON        equ	4025	;# 
   793   000FB9                     PSTRCON         equ	4025	;# 
   794   000FBA                     T2CON           equ	4026	;# 
   795   000FBB                     PR2             equ	4027	;# 
   796   000FBC                     TMR2            equ	4028	;# 
   797   000FBD                     CCP1CON         equ	4029	;# 
   798   000FBE                     CCPR1           equ	4030	;# 
   799   000FBE                     CCPR1L          equ	4030	;# 
   800   000FBF                     CCPR1H          equ	4031	;# 
   801   000FC0                     ADCON2          equ	4032	;# 
   802   000FC1                     ADCON1          equ	4033	;# 
   803   000FC2                     ADCON0          equ	4034	;# 
   804   000FC3                     ADRES           equ	4035	;# 
   805   000FC3                     ADRESL          equ	4035	;# 
   806   000FC4                     ADRESH          equ	4036	;# 
   807   000FC5                     SSP1CON2        equ	4037	;# 
   808   000FC5                     SSPCON2         equ	4037	;# 
   809   000FC6                     SSP1CON1        equ	4038	;# 
   810   000FC6                     SSPCON1         equ	4038	;# 
   811   000FC7                     SSP1STAT        equ	4039	;# 
   812   000FC7                     SSPSTAT         equ	4039	;# 
   813   000FC8                     SSP1ADD         equ	4040	;# 
   814   000FC8                     SSPADD          equ	4040	;# 
   815   000FC9                     SSP1BUF         equ	4041	;# 
   816   000FC9                     SSPBUF          equ	4041	;# 
   817   000FCA                     SSP1MSK         equ	4042	;# 
   818   000FCA                     SSPMSK          equ	4042	;# 
   819   000FCB                     SSP1CON3        equ	4043	;# 
   820   000FCB                     SSPCON3         equ	4043	;# 
   821   000FCC                     T1GCON          equ	4044	;# 
   822   000FCD                     T1CON           equ	4045	;# 
   823   000FCE                     TMR1            equ	4046	;# 
   824   000FCE                     TMR1L           equ	4046	;# 
   825   000FCF                     TMR1H           equ	4047	;# 
   826   000FD0                     RCON            equ	4048	;# 
   827   000FD1                     WDTCON          equ	4049	;# 
   828   000FD2                     OSCCON2         equ	4050	;# 
   829   000FD3                     OSCCON          equ	4051	;# 
   830   000FD5                     T0CON           equ	4053	;# 
   831   000FD6                     TMR0            equ	4054	;# 
   832   000FD6                     TMR0L           equ	4054	;# 
   833   000FD7                     TMR0H           equ	4055	;# 
   834   000FD8                     STATUS          equ	4056	;# 
   835   000FD9                     FSR2            equ	4057	;# 
   836   000FD9                     FSR2L           equ	4057	;# 
   837   000FDA                     FSR2H           equ	4058	;# 
   838   000FDB                     PLUSW2          equ	4059	;# 
   839   000FDC                     PREINC2         equ	4060	;# 
   840   000FDD                     POSTDEC2        equ	4061	;# 
   841   000FDE                     POSTINC2        equ	4062	;# 
   842   000FDF                     INDF2           equ	4063	;# 
   843   000FE0                     BSR             equ	4064	;# 
   844   000FE1                     FSR1            equ	4065	;# 
   845   000FE1                     FSR1L           equ	4065	;# 
   846   000FE2                     FSR1H           equ	4066	;# 
   847   000FE3                     PLUSW1          equ	4067	;# 
   848   000FE4                     PREINC1         equ	4068	;# 
   849   000FE5                     POSTDEC1        equ	4069	;# 
   850   000FE6                     POSTINC1        equ	4070	;# 
   851   000FE7                     INDF1           equ	4071	;# 
   852   000FE8                     WREG            equ	4072	;# 
   853   000FE9                     FSR0            equ	4073	;# 
   854   000FE9                     FSR0L           equ	4073	;# 
   855   000FEA                     FSR0H           equ	4074	;# 
   856   000FEB                     PLUSW0          equ	4075	;# 
   857   000FEC                     PREINC0         equ	4076	;# 
   858   000FED                     POSTDEC0        equ	4077	;# 
   859   000FEE                     POSTINC0        equ	4078	;# 
   860   000FEF                     INDF0           equ	4079	;# 
   861   000FF0                     INTCON3         equ	4080	;# 
   862   000FF1                     INTCON2         equ	4081	;# 
   863   000FF2                     INTCON          equ	4082	;# 
   864   000FF3                     PROD            equ	4083	;# 
   865   000FF3                     PRODL           equ	4083	;# 
   866   000FF4                     PRODH           equ	4084	;# 
   867   000FF5                     TABLAT          equ	4085	;# 
   868   000FF6                     TBLPTR          equ	4086	;# 
   869   000FF6                     TBLPTRL         equ	4086	;# 
   870   000FF7                     TBLPTRH         equ	4087	;# 
   871   000FF8                     TBLPTRU         equ	4088	;# 
   872   000FF9                     PCLAT           equ	4089	;# 
   873   000FF9                     PC              equ	4089	;# 
   874   000FF9                     PCL             equ	4089	;# 
   875   000FFA                     PCLATH          equ	4090	;# 
   876   000FFB                     PCLATU          equ	4091	;# 
   877   000FFC                     STKPTR          equ	4092	;# 
   878   000FFD                     TOS             equ	4093	;# 
   879   000FFD                     TOSL            equ	4093	;# 
   880   000FFE                     TOSH            equ	4094	;# 
   881   000FFF                     TOSU            equ	4095	;# 
   882   000F38                     ANSELA          equ	3896	;# 
   883   000F39                     ANSELB          equ	3897	;# 
   884   000F3A                     ANSELC          equ	3898	;# 
   885   000F3B                     ANSELD          equ	3899	;# 
   886   000F3C                     ANSELE          equ	3900	;# 
   887   000F3D                     PMD2            equ	3901	;# 
   888   000F3E                     PMD1            equ	3902	;# 
   889   000F3F                     PMD0            equ	3903	;# 
   890   000F40                     VREFCON2        equ	3904	;# 
   891   000F40                     DACCON1         equ	3904	;# 
   892   000F41                     VREFCON1        equ	3905	;# 
   893   000F41                     DACCON0         equ	3905	;# 
   894   000F42                     VREFCON0        equ	3906	;# 
   895   000F42                     FVRCON          equ	3906	;# 
   896   000F43                     CTMUICON        equ	3907	;# 
   897   000F43                     CTMUICONH       equ	3907	;# 
   898   000F44                     CTMUCONL        equ	3908	;# 
   899   000F44                     CTMUCON1        equ	3908	;# 
   900   000F45                     CTMUCONH        equ	3909	;# 
   901   000F45                     CTMUCON0        equ	3909	;# 
   902   000F46                     SRCON1          equ	3910	;# 
   903   000F47                     SRCON0          equ	3911	;# 
   904   000F48                     CCPTMRS1        equ	3912	;# 
   905   000F49                     CCPTMRS0        equ	3913	;# 
   906   000F4A                     T6CON           equ	3914	;# 
   907   000F4B                     PR6             equ	3915	;# 
   908   000F4C                     TMR6            equ	3916	;# 
   909   000F4D                     T5GCON          equ	3917	;# 
   910   000F4E                     T5CON           equ	3918	;# 
   911   000F4F                     TMR5            equ	3919	;# 
   912   000F4F                     TMR5L           equ	3919	;# 
   913   000F50                     TMR5H           equ	3920	;# 
   914   000F51                     T4CON           equ	3921	;# 
   915   000F52                     PR4             equ	3922	;# 
   916   000F53                     TMR4            equ	3923	;# 
   917   000F54                     CCP5CON         equ	3924	;# 
   918   000F55                     CCPR5           equ	3925	;# 
   919   000F55                     CCPR5L          equ	3925	;# 
   920   000F56                     CCPR5H          equ	3926	;# 
   921   000F57                     CCP4CON         equ	3927	;# 
   922   000F58                     CCPR4           equ	3928	;# 
   923   000F58                     CCPR4L          equ	3928	;# 
   924   000F59                     CCPR4H          equ	3929	;# 
   925   000F5A                     PSTR3CON        equ	3930	;# 
   926   000F5B                     ECCP3AS         equ	3931	;# 
   927   000F5B                     CCP3AS          equ	3931	;# 
   928   000F5C                     PWM3CON         equ	3932	;# 
   929   000F5D                     CCP3CON         equ	3933	;# 
   930   000F5E                     CCPR3           equ	3934	;# 
   931   000F5E                     CCPR3L          equ	3934	;# 
   932   000F5F                     CCPR3H          equ	3935	;# 
   933   000F60                     SLRCON          equ	3936	;# 
   934   000F61                     WPUB            equ	3937	;# 
   935   000F62                     IOCB            equ	3938	;# 
   936   000F63                     PSTR2CON        equ	3939	;# 
   937   000F64                     ECCP2AS         equ	3940	;# 
   938   000F64                     CCP2AS          equ	3940	;# 
   939   000F65                     PWM2CON         equ	3941	;# 
   940   000F66                     CCP2CON         equ	3942	;# 
   941   000F67                     CCPR2           equ	3943	;# 
   942   000F67                     CCPR2L          equ	3943	;# 
   943   000F68                     CCPR2H          equ	3944	;# 
   944   000F69                     SSP2CON3        equ	3945	;# 
   945   000F6A                     SSP2MSK         equ	3946	;# 
   946   000F6B                     SSP2CON2        equ	3947	;# 
   947   000F6C                     SSP2CON1        equ	3948	;# 
   948   000F6D                     SSP2STAT        equ	3949	;# 
   949   000F6E                     SSP2ADD         equ	3950	;# 
   950   000F6F                     SSP2BUF         equ	3951	;# 
   951   000F70                     BAUDCON2        equ	3952	;# 
   952   000F70                     BAUD2CON        equ	3952	;# 
   953   000F71                     RCSTA2          equ	3953	;# 
   954   000F71                     RC2STA          equ	3953	;# 
   955   000F72                     TXSTA2          equ	3954	;# 
   956   000F72                     TX2STA          equ	3954	;# 
   957   000F73                     TXREG2          equ	3955	;# 
   958   000F73                     TX2REG          equ	3955	;# 
   959   000F74                     RCREG2          equ	3956	;# 
   960   000F74                     RC2REG          equ	3956	;# 
   961   000F75                     SPBRG2          equ	3957	;# 
   962   000F75                     SP2BRG          equ	3957	;# 
   963   000F76                     SPBRGH2         equ	3958	;# 
   964   000F76                     SP2BRGH         equ	3958	;# 
   965   000F77                     CM2CON1         equ	3959	;# 
   966   000F77                     CM12CON         equ	3959	;# 
   967   000F78                     CM2CON0         equ	3960	;# 
   968   000F78                     CM2CON          equ	3960	;# 
   969   000F79                     CM1CON0         equ	3961	;# 
   970   000F79                     CM1CON          equ	3961	;# 
   971   000F7A                     PIE4            equ	3962	;# 
   972   000F7B                     PIR4            equ	3963	;# 
   973   000F7C                     IPR4            equ	3964	;# 
   974   000F7D                     PIE5            equ	3965	;# 
   975   000F7E                     PIR5            equ	3966	;# 
   976   000F7F                     IPR5            equ	3967	;# 
   977   000F80                     PORTA           equ	3968	;# 
   978   000F81                     PORTB           equ	3969	;# 
   979   000F82                     PORTC           equ	3970	;# 
   980   000F83                     PORTD           equ	3971	;# 
   981   000F84                     PORTE           equ	3972	;# 
   982   000F89                     LATA            equ	3977	;# 
   983   000F8A                     LATB            equ	3978	;# 
   984   000F8B                     LATC            equ	3979	;# 
   985   000F8C                     LATD            equ	3980	;# 
   986   000F8D                     LATE            equ	3981	;# 
   987   000F92                     TRISA           equ	3986	;# 
   988   000F92                     DDRA            equ	3986	;# 
   989   000F93                     TRISB           equ	3987	;# 
   990   000F93                     DDRB            equ	3987	;# 
   991   000F94                     TRISC           equ	3988	;# 
   992   000F94                     DDRC            equ	3988	;# 
   993   000F95                     TRISD           equ	3989	;# 
   994   000F95                     DDRD            equ	3989	;# 
   995   000F96                     TRISE           equ	3990	;# 
   996   000F96                     DDRE            equ	3990	;# 
   997   000F9B                     OSCTUNE         equ	3995	;# 
   998   000F9C                     HLVDCON         equ	3996	;# 
   999   000F9C                     LVDCON          equ	3996	;# 
  1000   000F9D                     PIE1            equ	3997	;# 
  1001   000F9E                     PIR1            equ	3998	;# 
  1002   000F9F                     IPR1            equ	3999	;# 
  1003   000FA0                     PIE2            equ	4000	;# 
  1004   000FA1                     PIR2            equ	4001	;# 
  1005   000FA2                     IPR2            equ	4002	;# 
  1006   000FA3                     PIE3            equ	4003	;# 
  1007   000FA4                     PIR3            equ	4004	;# 
  1008   000FA5                     IPR3            equ	4005	;# 
  1009   000FA6                     EECON1          equ	4006	;# 
  1010   000FA7                     EECON2          equ	4007	;# 
  1011   000FA8                     EEDATA          equ	4008	;# 
  1012   000FA9                     EEADR           equ	4009	;# 
  1013   000FAA                     EEADRH          equ	4010	;# 
  1014   000FAB                     RCSTA1          equ	4011	;# 
  1015   000FAB                     RCSTA           equ	4011	;# 
  1016   000FAB                     RC1STA          equ	4011	;# 
  1017   000FAC                     TXSTA1          equ	4012	;# 
  1018   000FAC                     TXSTA           equ	4012	;# 
  1019   000FAC                     TX1STA          equ	4012	;# 
  1020   000FAD                     TXREG1          equ	4013	;# 
  1021   000FAD                     TXREG           equ	4013	;# 
  1022   000FAD                     TX1REG          equ	4013	;# 
  1023   000FAE                     RCREG1          equ	4014	;# 
  1024   000FAE                     RCREG           equ	4014	;# 
  1025   000FAE                     RC1REG          equ	4014	;# 
  1026   000FAF                     SPBRG1          equ	4015	;# 
  1027   000FAF                     SPBRG           equ	4015	;# 
  1028   000FAF                     SP1BRG          equ	4015	;# 
  1029   000FB0                     SPBRGH1         equ	4016	;# 
  1030   000FB0                     SPBRGH          equ	4016	;# 
  1031   000FB0                     SP1BRGH         equ	4016	;# 
  1032   000FB1                     T3CON           equ	4017	;# 
  1033   000FB2                     TMR3            equ	4018	;# 
  1034   000FB2                     TMR3L           equ	4018	;# 
  1035   000FB3                     TMR3H           equ	4019	;# 
  1036   000FB4                     T3GCON          equ	4020	;# 
  1037   000FB6                     ECCP1AS         equ	4022	;# 
  1038   000FB6                     ECCPAS          equ	4022	;# 
  1039   000FB7                     PWM1CON         equ	4023	;# 
  1040   000FB7                     PWMCON          equ	4023	;# 
  1041   000FB8                     BAUDCON1        equ	4024	;# 
  1042   000FB8                     BAUDCON         equ	4024	;# 
  1043   000FB8                     BAUDCTL         equ	4024	;# 
  1044   000FB8                     BAUD1CON        equ	4024	;# 
  1045   000FB9                     PSTR1CON        equ	4025	;# 
  1046   000FB9                     PSTRCON         equ	4025	;# 
  1047   000FBA                     T2CON           equ	4026	;# 
  1048   000FBB                     PR2             equ	4027	;# 
  1049   000FBC                     TMR2            equ	4028	;# 
  1050   000FBD                     CCP1CON         equ	4029	;# 
  1051   000FBE                     CCPR1           equ	4030	;# 
  1052   000FBE                     CCPR1L          equ	4030	;# 
  1053   000FBF                     CCPR1H          equ	4031	;# 
  1054   000FC0                     ADCON2          equ	4032	;# 
  1055   000FC1                     ADCON1          equ	4033	;# 
  1056   000FC2                     ADCON0          equ	4034	;# 
  1057   000FC3                     ADRES           equ	4035	;# 
  1058   000FC3                     ADRESL          equ	4035	;# 
  1059   000FC4                     ADRESH          equ	4036	;# 
  1060   000FC5                     SSP1CON2        equ	4037	;# 
  1061   000FC5                     SSPCON2         equ	4037	;# 
  1062   000FC6                     SSP1CON1        equ	4038	;# 
  1063   000FC6                     SSPCON1         equ	4038	;# 
  1064   000FC7                     SSP1STAT        equ	4039	;# 
  1065   000FC7                     SSPSTAT         equ	4039	;# 
  1066   000FC8                     SSP1ADD         equ	4040	;# 
  1067   000FC8                     SSPADD          equ	4040	;# 
  1068   000FC9                     SSP1BUF         equ	4041	;# 
  1069   000FC9                     SSPBUF          equ	4041	;# 
  1070   000FCA                     SSP1MSK         equ	4042	;# 
  1071   000FCA                     SSPMSK          equ	4042	;# 
  1072   000FCB                     SSP1CON3        equ	4043	;# 
  1073   000FCB                     SSPCON3         equ	4043	;# 
  1074   000FCC                     T1GCON          equ	4044	;# 
  1075   000FCD                     T1CON           equ	4045	;# 
  1076   000FCE                     TMR1            equ	4046	;# 
  1077   000FCE                     TMR1L           equ	4046	;# 
  1078   000FCF                     TMR1H           equ	4047	;# 
  1079   000FD0                     RCON            equ	4048	;# 
  1080   000FD1                     WDTCON          equ	4049	;# 
  1081   000FD2                     OSCCON2         equ	4050	;# 
  1082   000FD3                     OSCCON          equ	4051	;# 
  1083   000FD5                     T0CON           equ	4053	;# 
  1084   000FD6                     TMR0            equ	4054	;# 
  1085   000FD6                     TMR0L           equ	4054	;# 
  1086   000FD7                     TMR0H           equ	4055	;# 
  1087   000FD8                     STATUS          equ	4056	;# 
  1088   000FD9                     FSR2            equ	4057	;# 
  1089   000FD9                     FSR2L           equ	4057	;# 
  1090   000FDA                     FSR2H           equ	4058	;# 
  1091   000FDB                     PLUSW2          equ	4059	;# 
  1092   000FDC                     PREINC2         equ	4060	;# 
  1093   000FDD                     POSTDEC2        equ	4061	;# 
  1094   000FDE                     POSTINC2        equ	4062	;# 
  1095   000FDF                     INDF2           equ	4063	;# 
  1096   000FE0                     BSR             equ	4064	;# 
  1097   000FE1                     FSR1            equ	4065	;# 
  1098   000FE1                     FSR1L           equ	4065	;# 
  1099   000FE2                     FSR1H           equ	4066	;# 
  1100   000FE3                     PLUSW1          equ	4067	;# 
  1101   000FE4                     PREINC1         equ	4068	;# 
  1102   000FE5                     POSTDEC1        equ	4069	;# 
  1103   000FE6                     POSTINC1        equ	4070	;# 
  1104   000FE7                     INDF1           equ	4071	;# 
  1105   000FE8                     WREG            equ	4072	;# 
  1106   000FE9                     FSR0            equ	4073	;# 
  1107   000FE9                     FSR0L           equ	4073	;# 
  1108   000FEA                     FSR0H           equ	4074	;# 
  1109   000FEB                     PLUSW0          equ	4075	;# 
  1110   000FEC                     PREINC0         equ	4076	;# 
  1111   000FED                     POSTDEC0        equ	4077	;# 
  1112   000FEE                     POSTINC0        equ	4078	;# 
  1113   000FEF                     INDF0           equ	4079	;# 
  1114   000FF0                     INTCON3         equ	4080	;# 
  1115   000FF1                     INTCON2         equ	4081	;# 
  1116   000FF2                     INTCON          equ	4082	;# 
  1117   000FF3                     PROD            equ	4083	;# 
  1118   000FF3                     PRODL           equ	4083	;# 
  1119   000FF4                     PRODH           equ	4084	;# 
  1120   000FF5                     TABLAT          equ	4085	;# 
  1121   000FF6                     TBLPTR          equ	4086	;# 
  1122   000FF6                     TBLPTRL         equ	4086	;# 
  1123   000FF7                     TBLPTRH         equ	4087	;# 
  1124   000FF8                     TBLPTRU         equ	4088	;# 
  1125   000FF9                     PCLAT           equ	4089	;# 
  1126   000FF9                     PC              equ	4089	;# 
  1127   000FF9                     PCL             equ	4089	;# 
  1128   000FFA                     PCLATH          equ	4090	;# 
  1129   000FFB                     PCLATU          equ	4091	;# 
  1130   000FFC                     STKPTR          equ	4092	;# 
  1131   000FFD                     TOS             equ	4093	;# 
  1132   000FFD                     TOSL            equ	4093	;# 
  1133   000FFE                     TOSH            equ	4094	;# 
  1134   000FFF                     TOSU            equ	4095	;# 
  1135   000F38                     ANSELA          equ	3896	;# 
  1136   000F39                     ANSELB          equ	3897	;# 
  1137   000F3A                     ANSELC          equ	3898	;# 
  1138   000F3B                     ANSELD          equ	3899	;# 
  1139   000F3C                     ANSELE          equ	3900	;# 
  1140   000F3D                     PMD2            equ	3901	;# 
  1141   000F3E                     PMD1            equ	3902	;# 
  1142   000F3F                     PMD0            equ	3903	;# 
  1143   000F40                     VREFCON2        equ	3904	;# 
  1144   000F40                     DACCON1         equ	3904	;# 
  1145   000F41                     VREFCON1        equ	3905	;# 
  1146   000F41                     DACCON0         equ	3905	;# 
  1147   000F42                     VREFCON0        equ	3906	;# 
  1148   000F42                     FVRCON          equ	3906	;# 
  1149   000F43                     CTMUICON        equ	3907	;# 
  1150   000F43                     CTMUICONH       equ	3907	;# 
  1151   000F44                     CTMUCONL        equ	3908	;# 
  1152   000F44                     CTMUCON1        equ	3908	;# 
  1153   000F45                     CTMUCONH        equ	3909	;# 
  1154   000F45                     CTMUCON0        equ	3909	;# 
  1155   000F46                     SRCON1          equ	3910	;# 
  1156   000F47                     SRCON0          equ	3911	;# 
  1157   000F48                     CCPTMRS1        equ	3912	;# 
  1158   000F49                     CCPTMRS0        equ	3913	;# 
  1159   000F4A                     T6CON           equ	3914	;# 
  1160   000F4B                     PR6             equ	3915	;# 
  1161   000F4C                     TMR6            equ	3916	;# 
  1162   000F4D                     T5GCON          equ	3917	;# 
  1163   000F4E                     T5CON           equ	3918	;# 
  1164   000F4F                     TMR5            equ	3919	;# 
  1165   000F4F                     TMR5L           equ	3919	;# 
  1166   000F50                     TMR5H           equ	3920	;# 
  1167   000F51                     T4CON           equ	3921	;# 
  1168   000F52                     PR4             equ	3922	;# 
  1169   000F53                     TMR4            equ	3923	;# 
  1170   000F54                     CCP5CON         equ	3924	;# 
  1171   000F55                     CCPR5           equ	3925	;# 
  1172   000F55                     CCPR5L          equ	3925	;# 
  1173   000F56                     CCPR5H          equ	3926	;# 
  1174   000F57                     CCP4CON         equ	3927	;# 
  1175   000F58                     CCPR4           equ	3928	;# 
  1176   000F58                     CCPR4L          equ	3928	;# 
  1177   000F59                     CCPR4H          equ	3929	;# 
  1178   000F5A                     PSTR3CON        equ	3930	;# 
  1179   000F5B                     ECCP3AS         equ	3931	;# 
  1180   000F5B                     CCP3AS          equ	3931	;# 
  1181   000F5C                     PWM3CON         equ	3932	;# 
  1182   000F5D                     CCP3CON         equ	3933	;# 
  1183   000F5E                     CCPR3           equ	3934	;# 
  1184   000F5E                     CCPR3L          equ	3934	;# 
  1185   000F5F                     CCPR3H          equ	3935	;# 
  1186   000F60                     SLRCON          equ	3936	;# 
  1187   000F61                     WPUB            equ	3937	;# 
  1188   000F62                     IOCB            equ	3938	;# 
  1189   000F63                     PSTR2CON        equ	3939	;# 
  1190   000F64                     ECCP2AS         equ	3940	;# 
  1191   000F64                     CCP2AS          equ	3940	;# 
  1192   000F65                     PWM2CON         equ	3941	;# 
  1193   000F66                     CCP2CON         equ	3942	;# 
  1194   000F67                     CCPR2           equ	3943	;# 
  1195   000F67                     CCPR2L          equ	3943	;# 
  1196   000F68                     CCPR2H          equ	3944	;# 
  1197   000F69                     SSP2CON3        equ	3945	;# 
  1198   000F6A                     SSP2MSK         equ	3946	;# 
  1199   000F6B                     SSP2CON2        equ	3947	;# 
  1200   000F6C                     SSP2CON1        equ	3948	;# 
  1201   000F6D                     SSP2STAT        equ	3949	;# 
  1202   000F6E                     SSP2ADD         equ	3950	;# 
  1203   000F6F                     SSP2BUF         equ	3951	;# 
  1204   000F70                     BAUDCON2        equ	3952	;# 
  1205   000F70                     BAUD2CON        equ	3952	;# 
  1206   000F71                     RCSTA2          equ	3953	;# 
  1207   000F71                     RC2STA          equ	3953	;# 
  1208   000F72                     TXSTA2          equ	3954	;# 
  1209   000F72                     TX2STA          equ	3954	;# 
  1210   000F73                     TXREG2          equ	3955	;# 
  1211   000F73                     TX2REG          equ	3955	;# 
  1212   000F74                     RCREG2          equ	3956	;# 
  1213   000F74                     RC2REG          equ	3956	;# 
  1214   000F75                     SPBRG2          equ	3957	;# 
  1215   000F75                     SP2BRG          equ	3957	;# 
  1216   000F76                     SPBRGH2         equ	3958	;# 
  1217   000F76                     SP2BRGH         equ	3958	;# 
  1218   000F77                     CM2CON1         equ	3959	;# 
  1219   000F77                     CM12CON         equ	3959	;# 
  1220   000F78                     CM2CON0         equ	3960	;# 
  1221   000F78                     CM2CON          equ	3960	;# 
  1222   000F79                     CM1CON0         equ	3961	;# 
  1223   000F79                     CM1CON          equ	3961	;# 
  1224   000F7A                     PIE4            equ	3962	;# 
  1225   000F7B                     PIR4            equ	3963	;# 
  1226   000F7C                     IPR4            equ	3964	;# 
  1227   000F7D                     PIE5            equ	3965	;# 
  1228   000F7E                     PIR5            equ	3966	;# 
  1229   000F7F                     IPR5            equ	3967	;# 
  1230   000F80                     PORTA           equ	3968	;# 
  1231   000F81                     PORTB           equ	3969	;# 
  1232   000F82                     PORTC           equ	3970	;# 
  1233   000F83                     PORTD           equ	3971	;# 
  1234   000F84                     PORTE           equ	3972	;# 
  1235   000F89                     LATA            equ	3977	;# 
  1236   000F8A                     LATB            equ	3978	;# 
  1237   000F8B                     LATC            equ	3979	;# 
  1238   000F8C                     LATD            equ	3980	;# 
  1239   000F8D                     LATE            equ	3981	;# 
  1240   000F92                     TRISA           equ	3986	;# 
  1241   000F92                     DDRA            equ	3986	;# 
  1242   000F93                     TRISB           equ	3987	;# 
  1243   000F93                     DDRB            equ	3987	;# 
  1244   000F94                     TRISC           equ	3988	;# 
  1245   000F94                     DDRC            equ	3988	;# 
  1246   000F95                     TRISD           equ	3989	;# 
  1247   000F95                     DDRD            equ	3989	;# 
  1248   000F96                     TRISE           equ	3990	;# 
  1249   000F96                     DDRE            equ	3990	;# 
  1250   000F9B                     OSCTUNE         equ	3995	;# 
  1251   000F9C                     HLVDCON         equ	3996	;# 
  1252   000F9C                     LVDCON          equ	3996	;# 
  1253   000F9D                     PIE1            equ	3997	;# 
  1254   000F9E                     PIR1            equ	3998	;# 
  1255   000F9F                     IPR1            equ	3999	;# 
  1256   000FA0                     PIE2            equ	4000	;# 
  1257   000FA1                     PIR2            equ	4001	;# 
  1258   000FA2                     IPR2            equ	4002	;# 
  1259   000FA3                     PIE3            equ	4003	;# 
  1260   000FA4                     PIR3            equ	4004	;# 
  1261   000FA5                     IPR3            equ	4005	;# 
  1262   000FA6                     EECON1          equ	4006	;# 
  1263   000FA7                     EECON2          equ	4007	;# 
  1264   000FA8                     EEDATA          equ	4008	;# 
  1265   000FA9                     EEADR           equ	4009	;# 
  1266   000FAA                     EEADRH          equ	4010	;# 
  1267   000FAB                     RCSTA1          equ	4011	;# 
  1268   000FAB                     RCSTA           equ	4011	;# 
  1269   000FAB                     RC1STA          equ	4011	;# 
  1270   000FAC                     TXSTA1          equ	4012	;# 
  1271   000FAC                     TXSTA           equ	4012	;# 
  1272   000FAC                     TX1STA          equ	4012	;# 
  1273   000FAD                     TXREG1          equ	4013	;# 
  1274   000FAD                     TXREG           equ	4013	;# 
  1275   000FAD                     TX1REG          equ	4013	;# 
  1276   000FAE                     RCREG1          equ	4014	;# 
  1277   000FAE                     RCREG           equ	4014	;# 
  1278   000FAE                     RC1REG          equ	4014	;# 
  1279   000FAF                     SPBRG1          equ	4015	;# 
  1280   000FAF                     SPBRG           equ	4015	;# 
  1281   000FAF                     SP1BRG          equ	4015	;# 
  1282   000FB0                     SPBRGH1         equ	4016	;# 
  1283   000FB0                     SPBRGH          equ	4016	;# 
  1284   000FB0                     SP1BRGH         equ	4016	;# 
  1285   000FB1                     T3CON           equ	4017	;# 
  1286   000FB2                     TMR3            equ	4018	;# 
  1287   000FB2                     TMR3L           equ	4018	;# 
  1288   000FB3                     TMR3H           equ	4019	;# 
  1289   000FB4                     T3GCON          equ	4020	;# 
  1290   000FB6                     ECCP1AS         equ	4022	;# 
  1291   000FB6                     ECCPAS          equ	4022	;# 
  1292   000FB7                     PWM1CON         equ	4023	;# 
  1293   000FB7                     PWMCON          equ	4023	;# 
  1294   000FB8                     BAUDCON1        equ	4024	;# 
  1295   000FB8                     BAUDCON         equ	4024	;# 
  1296   000FB8                     BAUDCTL         equ	4024	;# 
  1297   000FB8                     BAUD1CON        equ	4024	;# 
  1298   000FB9                     PSTR1CON        equ	4025	;# 
  1299   000FB9                     PSTRCON         equ	4025	;# 
  1300   000FBA                     T2CON           equ	4026	;# 
  1301   000FBB                     PR2             equ	4027	;# 
  1302   000FBC                     TMR2            equ	4028	;# 
  1303   000FBD                     CCP1CON         equ	4029	;# 
  1304   000FBE                     CCPR1           equ	4030	;# 
  1305   000FBE                     CCPR1L          equ	4030	;# 
  1306   000FBF                     CCPR1H          equ	4031	;# 
  1307   000FC0                     ADCON2          equ	4032	;# 
  1308   000FC1                     ADCON1          equ	4033	;# 
  1309   000FC2                     ADCON0          equ	4034	;# 
  1310   000FC3                     ADRES           equ	4035	;# 
  1311   000FC3                     ADRESL          equ	4035	;# 
  1312   000FC4                     ADRESH          equ	4036	;# 
  1313   000FC5                     SSP1CON2        equ	4037	;# 
  1314   000FC5                     SSPCON2         equ	4037	;# 
  1315   000FC6                     SSP1CON1        equ	4038	;# 
  1316   000FC6                     SSPCON1         equ	4038	;# 
  1317   000FC7                     SSP1STAT        equ	4039	;# 
  1318   000FC7                     SSPSTAT         equ	4039	;# 
  1319   000FC8                     SSP1ADD         equ	4040	;# 
  1320   000FC8                     SSPADD          equ	4040	;# 
  1321   000FC9                     SSP1BUF         equ	4041	;# 
  1322   000FC9                     SSPBUF          equ	4041	;# 
  1323   000FCA                     SSP1MSK         equ	4042	;# 
  1324   000FCA                     SSPMSK          equ	4042	;# 
  1325   000FCB                     SSP1CON3        equ	4043	;# 
  1326   000FCB                     SSPCON3         equ	4043	;# 
  1327   000FCC                     T1GCON          equ	4044	;# 
  1328   000FCD                     T1CON           equ	4045	;# 
  1329   000FCE                     TMR1            equ	4046	;# 
  1330   000FCE                     TMR1L           equ	4046	;# 
  1331   000FCF                     TMR1H           equ	4047	;# 
  1332   000FD0                     RCON            equ	4048	;# 
  1333   000FD1                     WDTCON          equ	4049	;# 
  1334   000FD2                     OSCCON2         equ	4050	;# 
  1335   000FD3                     OSCCON          equ	4051	;# 
  1336   000FD5                     T0CON           equ	4053	;# 
  1337   000FD6                     TMR0            equ	4054	;# 
  1338   000FD6                     TMR0L           equ	4054	;# 
  1339   000FD7                     TMR0H           equ	4055	;# 
  1340   000FD8                     STATUS          equ	4056	;# 
  1341   000FD9                     FSR2            equ	4057	;# 
  1342   000FD9                     FSR2L           equ	4057	;# 
  1343   000FDA                     FSR2H           equ	4058	;# 
  1344   000FDB                     PLUSW2          equ	4059	;# 
  1345   000FDC                     PREINC2         equ	4060	;# 
  1346   000FDD                     POSTDEC2        equ	4061	;# 
  1347   000FDE                     POSTINC2        equ	4062	;# 
  1348   000FDF                     INDF2           equ	4063	;# 
  1349   000FE0                     BSR             equ	4064	;# 
  1350   000FE1                     FSR1            equ	4065	;# 
  1351   000FE1                     FSR1L           equ	4065	;# 
  1352   000FE2                     FSR1H           equ	4066	;# 
  1353   000FE3                     PLUSW1          equ	4067	;# 
  1354   000FE4                     PREINC1         equ	4068	;# 
  1355   000FE5                     POSTDEC1        equ	4069	;# 
  1356   000FE6                     POSTINC1        equ	4070	;# 
  1357   000FE7                     INDF1           equ	4071	;# 
  1358   000FE8                     WREG            equ	4072	;# 
  1359   000FE9                     FSR0            equ	4073	;# 
  1360   000FE9                     FSR0L           equ	4073	;# 
  1361   000FEA                     FSR0H           equ	4074	;# 
  1362   000FEB                     PLUSW0          equ	4075	;# 
  1363   000FEC                     PREINC0         equ	4076	;# 
  1364   000FED                     POSTDEC0        equ	4077	;# 
  1365   000FEE                     POSTINC0        equ	4078	;# 
  1366   000FEF                     INDF0           equ	4079	;# 
  1367   000FF0                     INTCON3         equ	4080	;# 
  1368   000FF1                     INTCON2         equ	4081	;# 
  1369   000FF2                     INTCON          equ	4082	;# 
  1370   000FF3                     PROD            equ	4083	;# 
  1371   000FF3                     PRODL           equ	4083	;# 
  1372   000FF4                     PRODH           equ	4084	;# 
  1373   000FF5                     TABLAT          equ	4085	;# 
  1374   000FF6                     TBLPTR          equ	4086	;# 
  1375   000FF6                     TBLPTRL         equ	4086	;# 
  1376   000FF7                     TBLPTRH         equ	4087	;# 
  1377   000FF8                     TBLPTRU         equ	4088	;# 
  1378   000FF9                     PCLAT           equ	4089	;# 
  1379   000FF9                     PC              equ	4089	;# 
  1380   000FF9                     PCL             equ	4089	;# 
  1381   000FFA                     PCLATH          equ	4090	;# 
  1382   000FFB                     PCLATU          equ	4091	;# 
  1383   000FFC                     STKPTR          equ	4092	;# 
  1384   000FFD                     TOS             equ	4093	;# 
  1385   000FFD                     TOSL            equ	4093	;# 
  1386   000FFE                     TOSH            equ	4094	;# 
  1387   000FFF                     TOSU            equ	4095	;# 
  1388   000F38                     ANSELA          equ	3896	;# 
  1389   000F39                     ANSELB          equ	3897	;# 
  1390   000F3A                     ANSELC          equ	3898	;# 
  1391   000F3B                     ANSELD          equ	3899	;# 
  1392   000F3C                     ANSELE          equ	3900	;# 
  1393   000F3D                     PMD2            equ	3901	;# 
  1394   000F3E                     PMD1            equ	3902	;# 
  1395   000F3F                     PMD0            equ	3903	;# 
  1396   000F40                     VREFCON2        equ	3904	;# 
  1397   000F40                     DACCON1         equ	3904	;# 
  1398   000F41                     VREFCON1        equ	3905	;# 
  1399   000F41                     DACCON0         equ	3905	;# 
  1400   000F42                     VREFCON0        equ	3906	;# 
  1401   000F42                     FVRCON          equ	3906	;# 
  1402   000F43                     CTMUICON        equ	3907	;# 
  1403   000F43                     CTMUICONH       equ	3907	;# 
  1404   000F44                     CTMUCONL        equ	3908	;# 
  1405   000F44                     CTMUCON1        equ	3908	;# 
  1406   000F45                     CTMUCONH        equ	3909	;# 
  1407   000F45                     CTMUCON0        equ	3909	;# 
  1408   000F46                     SRCON1          equ	3910	;# 
  1409   000F47                     SRCON0          equ	3911	;# 
  1410   000F48                     CCPTMRS1        equ	3912	;# 
  1411   000F49                     CCPTMRS0        equ	3913	;# 
  1412   000F4A                     T6CON           equ	3914	;# 
  1413   000F4B                     PR6             equ	3915	;# 
  1414   000F4C                     TMR6            equ	3916	;# 
  1415   000F4D                     T5GCON          equ	3917	;# 
  1416   000F4E                     T5CON           equ	3918	;# 
  1417   000F4F                     TMR5            equ	3919	;# 
  1418   000F4F                     TMR5L           equ	3919	;# 
  1419   000F50                     TMR5H           equ	3920	;# 
  1420   000F51                     T4CON           equ	3921	;# 
  1421   000F52                     PR4             equ	3922	;# 
  1422   000F53                     TMR4            equ	3923	;# 
  1423   000F54                     CCP5CON         equ	3924	;# 
  1424   000F55                     CCPR5           equ	3925	;# 
  1425   000F55                     CCPR5L          equ	3925	;# 
  1426   000F56                     CCPR5H          equ	3926	;# 
  1427   000F57                     CCP4CON         equ	3927	;# 
  1428   000F58                     CCPR4           equ	3928	;# 
  1429   000F58                     CCPR4L          equ	3928	;# 
  1430   000F59                     CCPR4H          equ	3929	;# 
  1431   000F5A                     PSTR3CON        equ	3930	;# 
  1432   000F5B                     ECCP3AS         equ	3931	;# 
  1433   000F5B                     CCP3AS          equ	3931	;# 
  1434   000F5C                     PWM3CON         equ	3932	;# 
  1435   000F5D                     CCP3CON         equ	3933	;# 
  1436   000F5E                     CCPR3           equ	3934	;# 
  1437   000F5E                     CCPR3L          equ	3934	;# 
  1438   000F5F                     CCPR3H          equ	3935	;# 
  1439   000F60                     SLRCON          equ	3936	;# 
  1440   000F61                     WPUB            equ	3937	;# 
  1441   000F62                     IOCB            equ	3938	;# 
  1442   000F63                     PSTR2CON        equ	3939	;# 
  1443   000F64                     ECCP2AS         equ	3940	;# 
  1444   000F64                     CCP2AS          equ	3940	;# 
  1445   000F65                     PWM2CON         equ	3941	;# 
  1446   000F66                     CCP2CON         equ	3942	;# 
  1447   000F67                     CCPR2           equ	3943	;# 
  1448   000F67                     CCPR2L          equ	3943	;# 
  1449   000F68                     CCPR2H          equ	3944	;# 
  1450   000F69                     SSP2CON3        equ	3945	;# 
  1451   000F6A                     SSP2MSK         equ	3946	;# 
  1452   000F6B                     SSP2CON2        equ	3947	;# 
  1453   000F6C                     SSP2CON1        equ	3948	;# 
  1454   000F6D                     SSP2STAT        equ	3949	;# 
  1455   000F6E                     SSP2ADD         equ	3950	;# 
  1456   000F6F                     SSP2BUF         equ	3951	;# 
  1457   000F70                     BAUDCON2        equ	3952	;# 
  1458   000F70                     BAUD2CON        equ	3952	;# 
  1459   000F71                     RCSTA2          equ	3953	;# 
  1460   000F71                     RC2STA          equ	3953	;# 
  1461   000F72                     TXSTA2          equ	3954	;# 
  1462   000F72                     TX2STA          equ	3954	;# 
  1463   000F73                     TXREG2          equ	3955	;# 
  1464   000F73                     TX2REG          equ	3955	;# 
  1465   000F74                     RCREG2          equ	3956	;# 
  1466   000F74                     RC2REG          equ	3956	;# 
  1467   000F75                     SPBRG2          equ	3957	;# 
  1468   000F75                     SP2BRG          equ	3957	;# 
  1469   000F76                     SPBRGH2         equ	3958	;# 
  1470   000F76                     SP2BRGH         equ	3958	;# 
  1471   000F77                     CM2CON1         equ	3959	;# 
  1472   000F77                     CM12CON         equ	3959	;# 
  1473   000F78                     CM2CON0         equ	3960	;# 
  1474   000F78                     CM2CON          equ	3960	;# 
  1475   000F79                     CM1CON0         equ	3961	;# 
  1476   000F79                     CM1CON          equ	3961	;# 
  1477   000F7A                     PIE4            equ	3962	;# 
  1478   000F7B                     PIR4            equ	3963	;# 
  1479   000F7C                     IPR4            equ	3964	;# 
  1480   000F7D                     PIE5            equ	3965	;# 
  1481   000F7E                     PIR5            equ	3966	;# 
  1482   000F7F                     IPR5            equ	3967	;# 
  1483   000F80                     PORTA           equ	3968	;# 
  1484   000F81                     PORTB           equ	3969	;# 
  1485   000F82                     PORTC           equ	3970	;# 
  1486   000F83                     PORTD           equ	3971	;# 
  1487   000F84                     PORTE           equ	3972	;# 
  1488   000F89                     LATA            equ	3977	;# 
  1489   000F8A                     LATB            equ	3978	;# 
  1490   000F8B                     LATC            equ	3979	;# 
  1491   000F8C                     LATD            equ	3980	;# 
  1492   000F8D                     LATE            equ	3981	;# 
  1493   000F92                     TRISA           equ	3986	;# 
  1494   000F92                     DDRA            equ	3986	;# 
  1495   000F93                     TRISB           equ	3987	;# 
  1496   000F93                     DDRB            equ	3987	;# 
  1497   000F94                     TRISC           equ	3988	;# 
  1498   000F94                     DDRC            equ	3988	;# 
  1499   000F95                     TRISD           equ	3989	;# 
  1500   000F95                     DDRD            equ	3989	;# 
  1501   000F96                     TRISE           equ	3990	;# 
  1502   000F96                     DDRE            equ	3990	;# 
  1503   000F9B                     OSCTUNE         equ	3995	;# 
  1504   000F9C                     HLVDCON         equ	3996	;# 
  1505   000F9C                     LVDCON          equ	3996	;# 
  1506   000F9D                     PIE1            equ	3997	;# 
  1507   000F9E                     PIR1            equ	3998	;# 
  1508   000F9F                     IPR1            equ	3999	;# 
  1509   000FA0                     PIE2            equ	4000	;# 
  1510   000FA1                     PIR2            equ	4001	;# 
  1511   000FA2                     IPR2            equ	4002	;# 
  1512   000FA3                     PIE3            equ	4003	;# 
  1513   000FA4                     PIR3            equ	4004	;# 
  1514   000FA5                     IPR3            equ	4005	;# 
  1515   000FA6                     EECON1          equ	4006	;# 
  1516   000FA7                     EECON2          equ	4007	;# 
  1517   000FA8                     EEDATA          equ	4008	;# 
  1518   000FA9                     EEADR           equ	4009	;# 
  1519   000FAA                     EEADRH          equ	4010	;# 
  1520   000FAB                     RCSTA1          equ	4011	;# 
  1521   000FAB                     RCSTA           equ	4011	;# 
  1522   000FAB                     RC1STA          equ	4011	;# 
  1523   000FAC                     TXSTA1          equ	4012	;# 
  1524   000FAC                     TXSTA           equ	4012	;# 
  1525   000FAC                     TX1STA          equ	4012	;# 
  1526   000FAD                     TXREG1          equ	4013	;# 
  1527   000FAD                     TXREG           equ	4013	;# 
  1528   000FAD                     TX1REG          equ	4013	;# 
  1529   000FAE                     RCREG1          equ	4014	;# 
  1530   000FAE                     RCREG           equ	4014	;# 
  1531   000FAE                     RC1REG          equ	4014	;# 
  1532   000FAF                     SPBRG1          equ	4015	;# 
  1533   000FAF                     SPBRG           equ	4015	;# 
  1534   000FAF                     SP1BRG          equ	4015	;# 
  1535   000FB0                     SPBRGH1         equ	4016	;# 
  1536   000FB0                     SPBRGH          equ	4016	;# 
  1537   000FB0                     SP1BRGH         equ	4016	;# 
  1538   000FB1                     T3CON           equ	4017	;# 
  1539   000FB2                     TMR3            equ	4018	;# 
  1540   000FB2                     TMR3L           equ	4018	;# 
  1541   000FB3                     TMR3H           equ	4019	;# 
  1542   000FB4                     T3GCON          equ	4020	;# 
  1543   000FB6                     ECCP1AS         equ	4022	;# 
  1544   000FB6                     ECCPAS          equ	4022	;# 
  1545   000FB7                     PWM1CON         equ	4023	;# 
  1546   000FB7                     PWMCON          equ	4023	;# 
  1547   000FB8                     BAUDCON1        equ	4024	;# 
  1548   000FB8                     BAUDCON         equ	4024	;# 
  1549   000FB8                     BAUDCTL         equ	4024	;# 
  1550   000FB8                     BAUD1CON        equ	4024	;# 
  1551   000FB9                     PSTR1CON        equ	4025	;# 
  1552   000FB9                     PSTRCON         equ	4025	;# 
  1553   000FBA                     T2CON           equ	4026	;# 
  1554   000FBB                     PR2             equ	4027	;# 
  1555   000FBC                     TMR2            equ	4028	;# 
  1556   000FBD                     CCP1CON         equ	4029	;# 
  1557   000FBE                     CCPR1           equ	4030	;# 
  1558   000FBE                     CCPR1L          equ	4030	;# 
  1559   000FBF                     CCPR1H          equ	4031	;# 
  1560   000FC0                     ADCON2          equ	4032	;# 
  1561   000FC1                     ADCON1          equ	4033	;# 
  1562   000FC2                     ADCON0          equ	4034	;# 
  1563   000FC3                     ADRES           equ	4035	;# 
  1564   000FC3                     ADRESL          equ	4035	;# 
  1565   000FC4                     ADRESH          equ	4036	;# 
  1566   000FC5                     SSP1CON2        equ	4037	;# 
  1567   000FC5                     SSPCON2         equ	4037	;# 
  1568   000FC6                     SSP1CON1        equ	4038	;# 
  1569   000FC6                     SSPCON1         equ	4038	;# 
  1570   000FC7                     SSP1STAT        equ	4039	;# 
  1571   000FC7                     SSPSTAT         equ	4039	;# 
  1572   000FC8                     SSP1ADD         equ	4040	;# 
  1573   000FC8                     SSPADD          equ	4040	;# 
  1574   000FC9                     SSP1BUF         equ	4041	;# 
  1575   000FC9                     SSPBUF          equ	4041	;# 
  1576   000FCA                     SSP1MSK         equ	4042	;# 
  1577   000FCA                     SSPMSK          equ	4042	;# 
  1578   000FCB                     SSP1CON3        equ	4043	;# 
  1579   000FCB                     SSPCON3         equ	4043	;# 
  1580   000FCC                     T1GCON          equ	4044	;# 
  1581   000FCD                     T1CON           equ	4045	;# 
  1582   000FCE                     TMR1            equ	4046	;# 
  1583   000FCE                     TMR1L           equ	4046	;# 
  1584   000FCF                     TMR1H           equ	4047	;# 
  1585   000FD0                     RCON            equ	4048	;# 
  1586   000FD1                     WDTCON          equ	4049	;# 
  1587   000FD2                     OSCCON2         equ	4050	;# 
  1588   000FD3                     OSCCON          equ	4051	;# 
  1589   000FD5                     T0CON           equ	4053	;# 
  1590   000FD6                     TMR0            equ	4054	;# 
  1591   000FD6                     TMR0L           equ	4054	;# 
  1592   000FD7                     TMR0H           equ	4055	;# 
  1593   000FD8                     STATUS          equ	4056	;# 
  1594   000FD9                     FSR2            equ	4057	;# 
  1595   000FD9                     FSR2L           equ	4057	;# 
  1596   000FDA                     FSR2H           equ	4058	;# 
  1597   000FDB                     PLUSW2          equ	4059	;# 
  1598   000FDC                     PREINC2         equ	4060	;# 
  1599   000FDD                     POSTDEC2        equ	4061	;# 
  1600   000FDE                     POSTINC2        equ	4062	;# 
  1601   000FDF                     INDF2           equ	4063	;# 
  1602   000FE0                     BSR             equ	4064	;# 
  1603   000FE1                     FSR1            equ	4065	;# 
  1604   000FE1                     FSR1L           equ	4065	;# 
  1605   000FE2                     FSR1H           equ	4066	;# 
  1606   000FE3                     PLUSW1          equ	4067	;# 
  1607   000FE4                     PREINC1         equ	4068	;# 
  1608   000FE5                     POSTDEC1        equ	4069	;# 
  1609   000FE6                     POSTINC1        equ	4070	;# 
  1610   000FE7                     INDF1           equ	4071	;# 
  1611   000FE8                     WREG            equ	4072	;# 
  1612   000FE9                     FSR0            equ	4073	;# 
  1613   000FE9                     FSR0L           equ	4073	;# 
  1614   000FEA                     FSR0H           equ	4074	;# 
  1615   000FEB                     PLUSW0          equ	4075	;# 
  1616   000FEC                     PREINC0         equ	4076	;# 
  1617   000FED                     POSTDEC0        equ	4077	;# 
  1618   000FEE                     POSTINC0        equ	4078	;# 
  1619   000FEF                     INDF0           equ	4079	;# 
  1620   000FF0                     INTCON3         equ	4080	;# 
  1621   000FF1                     INTCON2         equ	4081	;# 
  1622   000FF2                     INTCON          equ	4082	;# 
  1623   000FF3                     PROD            equ	4083	;# 
  1624   000FF3                     PRODL           equ	4083	;# 
  1625   000FF4                     PRODH           equ	4084	;# 
  1626   000FF5                     TABLAT          equ	4085	;# 
  1627   000FF6                     TBLPTR          equ	4086	;# 
  1628   000FF6                     TBLPTRL         equ	4086	;# 
  1629   000FF7                     TBLPTRH         equ	4087	;# 
  1630   000FF8                     TBLPTRU         equ	4088	;# 
  1631   000FF9                     PCLAT           equ	4089	;# 
  1632   000FF9                     PC              equ	4089	;# 
  1633   000FF9                     PCL             equ	4089	;# 
  1634   000FFA                     PCLATH          equ	4090	;# 
  1635   000FFB                     PCLATU          equ	4091	;# 
  1636   000FFC                     STKPTR          equ	4092	;# 
  1637   000FFD                     TOS             equ	4093	;# 
  1638   000FFD                     TOSL            equ	4093	;# 
  1639   000FFE                     TOSH            equ	4094	;# 
  1640   000FFF                     TOSU            equ	4095	;# 
  1641                           
  1642                           	psect	idataCOMRAM
  1643   002652                     __pidataCOMRAM:
  1644                           	callstack 0
  1645                           
  1646                           ;initializer for _rr_quantum
  1647   002652  05                 	db	5
  1648                           
  1649                           	psect	idataBANK0
  1650   00264C                     __pidataBANK0:
  1651                           	callstack 0
  1652                           
  1653                           ;initializer for LED_1@F6266
  1654   00264C  4C                 	db	76
  1655   00264D  4C                 	db	76
  1656   00264E  44                 	db	68
  1657   00264F  4C                 	db	76
  1658   002650  44                 	db	68
  1659   002651  44                 	db	68
  1660   000F3A                     _ANSELCbits     set	3898
  1661   000F3B                     _ANSELDbits     set	3899
  1662   000FD6                     _TMR0           set	4054
  1663   000FD5                     _T0CONbits      set	4053
  1664   000F83                     _PORTDbits      set	3971
  1665   000F95                     _TRISDbits      set	3989
  1666   000F82                     _PORTCbits      set	3970
  1667   000F94                     _TRISCbits      set	3988
  1668   000FFC                     _STKPTR         set	4092
  1669   000FFF                     _TOSU           set	4095
  1670   000FFE                     _TOSH           set	4094
  1671   000FFD                     _TOSL           set	4093
  1672   000FD8                     _STATUS         set	4056
  1673   000FE8                     _WREG           set	4072
  1674   000FF8                     _TBLPTRU        set	4088
  1675   000FF6                     _TBLPTRL        set	4086
  1676   000FF7                     _TBLPTRH        set	4087
  1677   000FF5                     _TABLAT         set	4085
  1678   000FF3                     _PRODL          set	4083
  1679   000FF4                     _PRODH          set	4084
  1680   000FFB                     _PCLATU         set	4091
  1681   000FFA                     _PCLATH         set	4090
  1682   000FD9                     _FSR2L          set	4057
  1683   000FDA                     _FSR2H          set	4058
  1684   000FE1                     _FSR1L          set	4065
  1685   000FE2                     _FSR1H          set	4066
  1686   000FE9                     _FSR0L          set	4073
  1687   000FEA                     _FSR0H          set	4074
  1688   000FE0                     _BSR            set	4064
  1689   000FF2                     _INTCONbits     set	4082
  1690                           
  1691                           ; #config settings
  1692                           
  1693                           	psect	cinit
  1694   00228A                     __pcinit:
  1695                           	callstack 0
  1696   00228A                     start_initialization:
  1697                           	callstack 0
  1698   00228A                     __initialization:
  1699                           	callstack 0
  1700                           
  1701                           ; Initialize objects allocated to BANK0 (6 bytes)
  1702                           ; load TBLPTR registers with __pidataBANK0
  1703   00228A  0E4C               	movlw	low __pidataBANK0
  1704   00228C  6EF6               	movwf	tblptrl,c
  1705   00228E  0E26               	movlw	high __pidataBANK0
  1706   002290  6EF7               	movwf	tblptrh,c
  1707   002292  0E00               	movlw	low (__pidataBANK0 shr (0+16))
  1708   002294  6EF8               	movwf	tblptru,c
  1709   002296  EE00  F074         	lfsr	0,__pdataBANK0
  1710   00229A  EE10 F006          	lfsr	1,6
  1711   00229E                     copy_data0:
  1712   00229E  0009               	tblrd		*+
  1713   0022A0  CFF5 FFEE          	movff	tablat,postinc0
  1714   0022A4  50E5               	movf	postdec1,w,c
  1715   0022A6  50E1               	movf	fsr1l,w,c
  1716   0022A8  E1FA               	bnz	copy_data0
  1717                           
  1718                           ; Initialize objects allocated to COMRAM (1 bytes)
  1719                           ; load TBLPTR registers with __pidataCOMRAM
  1720   0022AA  0E52               	movlw	low __pidataCOMRAM
  1721   0022AC  6EF6               	movwf	tblptrl,c
  1722   0022AE  0E26               	movlw	high __pidataCOMRAM
  1723   0022B0  6EF7               	movwf	tblptrh,c
  1724   0022B2  0E00               	movlw	low (__pidataCOMRAM shr (0+16))
  1725   0022B4  6EF8               	movwf	tblptru,c
  1726   0022B6  0009               	tblrd		*+	;fetch initializer
  1727   0022B8  CFF5 F028          	movff	tablat,__pdataCOMRAM
  1728                           
  1729                           ; Clear objects allocated to BIGRAM (984 bytes)
  1730   0022BC  EE02  F07A         	lfsr	0,__pbssBIGRAM
  1731   0022C0  EE13 F0D8          	lfsr	1,984
  1732   0022C4                     clear_0:
  1733   0022C4  6AEE               	clrf	postinc0,c
  1734   0022C6  50E5               	movf	postdec1,w,c
  1735   0022C8  50E1               	movf	fsr1l,w,c
  1736   0022CA  E1FC               	bnz	clear_0
  1737   0022CC  50E2               	movf	fsr1h,w,c
  1738   0022CE  E1FA               	bnz	clear_0
  1739                           
  1740                           ; Clear objects allocated to BANK0 (20 bytes)
  1741   0022D0  EE00  F060         	lfsr	0,__pbssBANK0
  1742   0022D4  0E14               	movlw	20
  1743   0022D6                     clear_1:
  1744   0022D6  6AEE               	clrf	postinc0,c
  1745   0022D8  06E8               	decf	wreg,f,c
  1746   0022DA  E1FD               	bnz	clear_1
  1747                           
  1748                           ; Clear objects allocated to COMRAM (7 bytes)
  1749   0022DC  EE00  F021         	lfsr	0,__pbssCOMRAM
  1750   0022E0  0E07               	movlw	7
  1751   0022E2                     clear_2:
  1752   0022E2  6AEE               	clrf	postinc0,c
  1753   0022E4  06E8               	decf	wreg,f,c
  1754   0022E6  E1FD               	bnz	clear_2
  1755   0022E8                     end_of_initialization:
  1756                           	callstack 0
  1757   0022E8                     __end_of__initialization:
  1758                           	callstack 0
  1759   0022E8  9001               	bcf	int$flags,0,c	;clear compiler interrupt flag (level 1)
  1760   0022EA  9201               	bcf	int$flags,1,c	;clear compiler interrupt flag (level 2)
  1761   0022EC  0E00               	movlw	low (__Lmediumconst shr (0+16))
  1762   0022EE  6EF8               	movwf	tblptru,c
  1763   0022F0  0100               	movlb	0
  1764   0022F2  EF07  F012         	goto	_main	;jump to C main() function
  1765                           
  1766                           	psect	bssCOMRAM
  1767   000021                     __pbssCOMRAM:
  1768                           	callstack 0
  1769   000021                     _s:
  1770                           	callstack 0
  1771   000021                     	ds	7
  1772                           
  1773                           	psect	dataCOMRAM
  1774   000028                     __pdataCOMRAM:
  1775                           	callstack 0
  1776   000028                     _rr_quantum:
  1777                           	callstack 0
  1778   000028                     	ds	1
  1779                           
  1780                           	psect	bssBANK0
  1781   000060                     __pbssBANK0:
  1782                           	callstack 0
  1783   000060                     _p:
  1784                           	callstack 0
  1785   000060                     	ds	20
  1786                           
  1787                           	psect	dataBANK0
  1788   000074                     __pdataBANK0:
  1789                           	callstack 0
  1790   000074                     LED_1@F6266:
  1791                           	callstack 0
  1792   000074                     	ds	6
  1793                           
  1794                           	psect	bssBIGRAM
  1795   00027A                     __pbssBIGRAM:
  1796                           	callstack 0
  1797   00027A                     __uDynamicHeap:
  1798                           	callstack 0
  1799   00027A                     	ds	512
  1800   00047A                     _r_queue:
  1801                           	callstack 0
  1802   00047A                     	ds	472
  1803                           
  1804                           	psect	cstackBANK2
  1805   000200                     __pcstackBANK2:
  1806                           	callstack 0
  1807   000200                     ?___awmod:
  1808                           	callstack 0
  1809   000200                     sem_init@sem:
  1810                           	callstack 0
  1811   000200                     os_create_task@func:
  1812                           	callstack 0
  1813   000200                     ___awmod@dividend:
  1814                           	callstack 0
  1815                           
  1816                           ; 2 bytes @ 0x0
  1817   000200                     	ds	1
  1818   000201                     sem_init@valor:
  1819                           	callstack 0
  1820                           
  1821                           ; 1 bytes @ 0x1
  1822   000201                     	ds	1
  1823   000202                     os_create_task@prior:
  1824                           	callstack 0
  1825   000202                     ___awmod@divisor:
  1826                           	callstack 0
  1827   000202                     ??_sem_init:
  1828                           
  1829                           ; 1 bytes @ 0x2
  1830   000202                     	ds	1
  1831   000203                     ??_os_create_task:
  1832                           
  1833                           ; 1 bytes @ 0x3
  1834   000203                     	ds	1
  1835   000204                     os_create_task@id:
  1836                           	callstack 0
  1837   000204                     pipe_init@p:
  1838                           	callstack 0
  1839   000204                     ___awmod@counter:
  1840                           	callstack 0
  1841                           
  1842                           ; 1 bytes @ 0x4
  1843   000204                     	ds	1
  1844   000205                     ___awmod@sign:
  1845                           	callstack 0
  1846   000205                     os_create_task@new_task:
  1847                           	callstack 0
  1848                           
  1849                           ; 117 bytes @ 0x5
  1850   000205                     	ds	1
  1851   000206                     ??_rr_priority_scheduler:
  1852                           
  1853                           ; 1 bytes @ 0x6
  1854   000206                     	ds	2
  1855   000208                     rr_priority_scheduler@tentativas:
  1856                           	callstack 0
  1857                           
  1858                           ; 1 bytes @ 0x8
  1859   000208                     	ds	1
  1860   000209                     rr_priority_scheduler@max_priority:
  1861                           	callstack 0
  1862                           
  1863                           ; 1 bytes @ 0x9
  1864   000209                     	ds	1
  1865   00020A                     rr_priority_scheduler@i:
  1866                           	callstack 0
  1867                           
  1868                           ; 1 bytes @ 0xA
  1869   00020A                     	ds	1
  1870   00020B                     rr_priority_scheduler@prox:
  1871                           	callstack 0
  1872                           
  1873                           ; 1 bytes @ 0xB
  1874   00020B                     	ds	1
  1875   00020C                     rr_priority_scheduler@i_1223:
  1876                           	callstack 0
  1877                           
  1878                           ; 1 bytes @ 0xC
  1879   00020C                     	ds	1
  1880   00020D                     ??_scheduler:
  1881                           
  1882                           ; 1 bytes @ 0xD
  1883   00020D                     	ds	3
  1884   000210                     ??_os_start:
  1885                           
  1886                           ; 1 bytes @ 0x10
  1887   000210                     	ds	106
  1888                           
  1889                           	psect	cstackBANK1
  1890   000100                     __pcstackBANK1:
  1891                           	callstack 0
  1892   000100                     	ds	89
  1893   000159                     pipe_write@p:
  1894                           	callstack 0
  1895                           
  1896                           ; 1 bytes @ 0x59
  1897   000159                     	ds	1
  1898   00015A                     pipe_write@dado:
  1899                           	callstack 0
  1900                           
  1901                           ; 1 bytes @ 0x5A
  1902   00015A                     	ds	1
  1903   00015B                     ??_pipe_write:
  1904                           
  1905                           ; 1 bytes @ 0x5B
  1906   00015B                     	ds	1
  1907   00015C                     ??_LED_1:
  1908                           
  1909                           ; 1 bytes @ 0x5C
  1910   00015C                     	ds	1
  1911   00015D                     LED_1@acionamento:
  1912                           	callstack 0
  1913                           
  1914                           ; 6 bytes @ 0x5D
  1915   00015D                     	ds	6
  1916   000163                     LED_1@pos:
  1917                           	callstack 0
  1918                           
  1919                           ; 1 bytes @ 0x63
  1920   000163                     	ds	1
  1921   000164                     ??_LED_2:
  1922                           
  1923                           ; 1 bytes @ 0x64
  1924   000164                     	ds	1
  1925   000165                     ?i1___awmod:
  1926                           	callstack 0
  1927   000165                     i1___awmod@dividend:
  1928                           	callstack 0
  1929                           
  1930                           ; 2 bytes @ 0x65
  1931   000165                     	ds	2
  1932   000167                     i1___awmod@divisor:
  1933                           	callstack 0
  1934                           
  1935                           ; 2 bytes @ 0x67
  1936   000167                     	ds	2
  1937   000169                     i1___awmod@counter:
  1938                           	callstack 0
  1939                           
  1940                           ; 1 bytes @ 0x69
  1941   000169                     	ds	1
  1942   00016A                     i1___awmod@sign:
  1943                           	callstack 0
  1944                           
  1945                           ; 1 bytes @ 0x6A
  1946   00016A                     	ds	1
  1947   00016B                     sem_post@sem:
  1948                           	callstack 0
  1949   00016B                     ??i1_rr_priority_scheduler:
  1950                           
  1951                           ; 1 bytes @ 0x6B
  1952   00016B                     	ds	1
  1953   00016C                     ??_sem_post:
  1954                           
  1955                           ; 1 bytes @ 0x6C
  1956   00016C                     	ds	1
  1957   00016D                     i1rr_priority_scheduler@tentativas:
  1958                           	callstack 0
  1959                           
  1960                           ; 1 bytes @ 0x6D
  1961   00016D                     	ds	1
  1962   00016E                     i1rr_priority_scheduler@max_priority:
  1963                           	callstack 0
  1964                           
  1965                           ; 1 bytes @ 0x6E
  1966   00016E                     	ds	1
  1967   00016F                     i1rr_priority_scheduler@i:
  1968                           	callstack 0
  1969                           
  1970                           ; 1 bytes @ 0x6F
  1971   00016F                     	ds	1
  1972   000170                     i1rr_priority_scheduler@prox:
  1973                           	callstack 0
  1974                           
  1975                           ; 1 bytes @ 0x70
  1976   000170                     	ds	1
  1977   000171                     i1rr_priority_scheduler@i_1223:
  1978                           	callstack 0
  1979                           
  1980                           ; 1 bytes @ 0x71
  1981   000171                     	ds	1
  1982   000172                     ??i1_scheduler:
  1983                           
  1984                           ; 1 bytes @ 0x72
  1985   000172                     	ds	3
  1986   000175                     sem_wait@sem:
  1987                           	callstack 0
  1988                           
  1989                           ; 1 bytes @ 0x75
  1990   000175                     	ds	1
  1991   000176                     ??_sem_wait:
  1992                           
  1993                           ; 1 bytes @ 0x76
  1994   000176                     	ds	7
  1995   00017D                     pipe_read@p:
  1996                           	callstack 0
  1997                           
  1998                           ; 1 bytes @ 0x7D
  1999   00017D                     	ds	1
  2000   00017E                     pipe_read@dado:
  2001                           	callstack 0
  2002                           
  2003                           ; 2 bytes @ 0x7E
  2004   00017E                     	ds	2
  2005   000180                     ??_pipe_read:
  2006                           
  2007                           ; 1 bytes @ 0x80
  2008   000180                     	ds	1
  2009   000181                     LED_3@dado:
  2010                           	callstack 0
  2011                           
  2012                           ; 1 bytes @ 0x81
  2013   000181                     	ds	1
  2014   000182                     
  2015                           ; 1 bytes @ 0x82
  2016                           
  2017                           	psect	cstackBANK0
  2018   000000                     __pcstackBANK0:
  2019                           	callstack 0
  2020   000000                     
  2021                           ; 1 bytes @ 0x0
  2022                           
  2023                           	psect	cstackCOMRAM
  2024   000002                     __pcstackCOMRAM:
  2025                           	callstack 0
  2026   000002                     ?i2___awmod:
  2027                           	callstack 0
  2028   000002                     i2___awmod@dividend:
  2029                           	callstack 0
  2030   000002                     ??_idle:
  2031                           
  2032                           ; 1 bytes @ 0x0
  2033   000002                     	ds	2
  2034   000004                     i2___awmod@divisor:
  2035                           	callstack 0
  2036                           
  2037                           ; 2 bytes @ 0x2
  2038   000004                     	ds	2
  2039   000006                     i2___awmod@counter:
  2040                           	callstack 0
  2041   000006                     
  2042                           ; 1 bytes @ 0x4
  2043   000006                     	ds	1
  2044   000007                     i2___awmod@sign:
  2045                           	callstack 0
  2046                           
  2047                           ; 1 bytes @ 0x5
  2048   000007                     	ds	1
  2049   000008                     ??i2_rr_priority_scheduler:
  2050                           
  2051                           ; 1 bytes @ 0x6
  2052   000008                     	ds	2
  2053   00000A                     i2rr_priority_scheduler@tentativas:
  2054                           	callstack 0
  2055                           
  2056                           ; 1 bytes @ 0x8
  2057   00000A                     	ds	1
  2058   00000B                     i2rr_priority_scheduler@max_priority:
  2059                           	callstack 0
  2060                           
  2061                           ; 1 bytes @ 0x9
  2062   00000B                     	ds	1
  2063   00000C                     i2rr_priority_scheduler@i:
  2064                           	callstack 0
  2065                           
  2066                           ; 1 bytes @ 0xA
  2067   00000C                     	ds	1
  2068   00000D                     i2rr_priority_scheduler@prox:
  2069                           	callstack 0
  2070                           
  2071                           ; 1 bytes @ 0xB
  2072   00000D                     	ds	1
  2073   00000E                     i2rr_priority_scheduler@i_1223:
  2074                           	callstack 0
  2075                           
  2076                           ; 1 bytes @ 0xC
  2077   00000E                     	ds	1
  2078   00000F                     ??i2_scheduler:
  2079                           
  2080                           ; 1 bytes @ 0xD
  2081   00000F                     	ds	3
  2082   000012                     ??_ISR:
  2083                           
  2084                           ; 1 bytes @ 0x10
  2085   000012                     	ds	13
  2086   00001F                     ISR@i:
  2087                           	callstack 0
  2088                           
  2089                           ; 2 bytes @ 0x1D
  2090   00001F                     	ds	2
  2091                           
  2092 ;;
  2093 ;;Main: autosize = 0, tempsize = 0, incstack = 0, save=0
  2094 ;;
  2095 ;; *************** function _main *****************
  2096 ;; Defined at:
  2097 ;;		line 8 in file "main.c"
  2098 ;; Parameters:    Size  Location     Type
  2099 ;;		None
  2100 ;; Auto vars:     Size  Location     Type
  2101 ;;		None
  2102 ;; Return value:  Size  Location     Type
  2103 ;;                  2   16[None  ] int 
  2104 ;; Registers used:
  2105 ;;		wreg, fsr1l, fsr1h, fsr2l, fsr2h, status,2, status,0, prodl, prodh, cstack
  2106 ;; Tracked objects:
  2107 ;;		On entry : 0/0
  2108 ;;		On exit  : 0/0
  2109 ;;		Unchanged: 0/0
  2110 ;; Data sizes:     COMRAM   BANK0   BANK1   BANK2   BANK3   BANK4   BANK5   BANK6   BANK7   BANK8   BANK9  BANK10  BANK1
      +1  BANK12  BANK13  BANK14  BANK15
  2111 ;;      Params:         0       0       0       0       0       0       0       0       0       0       0       0       
      +0       0       0       0       0
  2112 ;;      Locals:         0       0       0       0       0       0       0       0       0       0       0       0       
      +0       0       0       0       0
  2113 ;;      Temps:          0       0       0       0       0       0       0       0       0       0       0       0       
      +0       0       0       0       0
  2114 ;;      Totals:         0       0       0       0       0       0       0       0       0       0       0       0       
      +0       0       0       0       0
  2115 ;;Total ram usage:        0 bytes
  2116 ;; Hardware stack levels required when called: 14
  2117 ;; This function calls:
  2118 ;;		_os_config
  2119 ;;		_os_create_task
  2120 ;;		_os_start
  2121 ;; This function is called by:
  2122 ;;		Startup code after reset
  2123 ;; This function uses a non-reentrant model
  2124 ;;
  2125                           
  2126                           	psect	text0
  2127   00240E                     __ptext0:
  2128                           	callstack 0
  2129   00240E                     _main:
  2130                           	callstack 17
  2131   00240E                     
  2132                           ;main.c: 10:     os_config();
  2133   00240E  EC6D  F012         	call	_os_config	;wreg free
  2134                           
  2135                           ;main.c: 16:     os_create_task(2, LED_1, 5);
  2136   002412  0E12               	movlw	low _LED_1
  2137   002414  0102               	movlb	2	; () banked
  2138   002416  6F00               	movwf	os_create_task@func& (0+255),b
  2139   002418  0E22               	movlw	high _LED_1
  2140   00241A  6F01               	movwf	(os_create_task@func+1)& (0+255),b
  2141   00241C  0E05               	movlw	5
  2142   00241E  6F02               	movwf	os_create_task@prior& (0+255),b
  2143   002420  0E02               	movlw	2
  2144   002422  EC7B  F011         	call	_os_create_task
  2145                           
  2146                           ;main.c: 17:     os_create_task(3, LED_2, 5);
  2147   002426  0E3C               	movlw	low _LED_2
  2148   002428  0102               	movlb	2	; () banked
  2149   00242A  6F00               	movwf	os_create_task@func& (0+255),b
  2150   00242C  0E25               	movlw	high _LED_2
  2151   00242E  6F01               	movwf	(os_create_task@func+1)& (0+255),b
  2152   002430  0E05               	movlw	5
  2153   002432  6F02               	movwf	os_create_task@prior& (0+255),b
  2154   002434  0E03               	movlw	3
  2155   002436  EC7B  F011         	call	_os_create_task
  2156                           
  2157                           ;main.c: 18:     os_create_task(4, LED_3, 5);
  2158   00243A  0E5A               	movlw	low _LED_3
  2159   00243C  0102               	movlb	2	; () banked
  2160   00243E  6F00               	movwf	os_create_task@func& (0+255),b
  2161   002440  0E24               	movlw	high _LED_3
  2162   002442  6F01               	movwf	(os_create_task@func+1)& (0+255),b
  2163   002444  0E05               	movlw	5
  2164   002446  6F02               	movwf	os_create_task@prior& (0+255),b
  2165   002448  0E04               	movlw	4
  2166   00244A  EC7B  F011         	call	_os_create_task
  2167                           
  2168                           ;main.c: 20:     os_start();
  2169   00244E  EC39  F00B         	call	_os_start	;wreg free
  2170   002452                     l17:
  2171   002452  EF29  F012         	goto	l17
  2172   002456  EF8D  F003         	goto	start
  2173   00245A                     __end_of_main:
  2174                           	callstack 0
  2175                           
  2176 ;; *************** function _os_start *****************
  2177 ;; Defined at:
  2178 ;;		line 79 in file "kernel.c"
  2179 ;; Parameters:    Size  Location     Type
  2180 ;;		None
  2181 ;; Auto vars:     Size  Location     Type
  2182 ;;		None
  2183 ;; Return value:  Size  Location     Type
  2184 ;;                  1    wreg      void 
  2185 ;; Registers used:
  2186 ;;		wreg, fsr1l, fsr1h, fsr2l, fsr2h, status,2, status,0, prodl, prodh, cstack
  2187 ;; Tracked objects:
  2188 ;;		On entry : 0/0
  2189 ;;		On exit  : 0/0
  2190 ;;		Unchanged: 0/0
  2191 ;; Data sizes:     COMRAM   BANK0   BANK1   BANK2   BANK3   BANK4   BANK5   BANK6   BANK7   BANK8   BANK9  BANK10  BANK1
      +1  BANK12  BANK13  BANK14  BANK15
  2192 ;;      Params:         0       0       0       0       0       0       0       0       0       0       0       0       
      +0       0       0       0       0
  2193 ;;      Locals:         0       0       0       0       0       0       0       0       0       0       0       0       
      +0       0       0       0       0
  2194 ;;      Temps:          0       0       0       7       0       0       0       0       0       0       0       0       
      +0       0       0       0       0
  2195 ;;      Totals:         0       0       0       7       0       0       0       0       0       0       0       0       
      +0       0       0       0       0
  2196 ;;Total ram usage:        7 bytes
  2197 ;; Hardware stack levels used: 1
  2198 ;; Hardware stack levels required when called: 13
  2199 ;; This function calls:
  2200 ;;		_scheduler
  2201 ;;		_setup_hardware
  2202 ;; This function is called by:
  2203 ;;		_main
  2204 ;; This function uses a non-reentrant model
  2205 ;;
  2206                           
  2207                           	psect	text1
  2208   001672                     __ptext1:
  2209                           	callstack 0
  2210   001672                     _os_start:
  2211                           	callstack 17
  2212   001672                     
  2213                           ;kernel.c: 81:     setup_hardware();
  2214   001672  EC1A  F013         	call	_setup_hardware	;wreg free
  2215   001676                     
  2216                           ;kernel.c: 82:     scheduler();
  2217   001676  ECB4  F012         	call	_scheduler	;wreg free
  2218   00167A  EE26  F04F         	lfsr	2,_r_queue+469
  2219   00167E  EE10 F001          	lfsr	1,1
  2220   001682  50DE               	movf	postinc2,w,c
  2221   001684  26E1               	addwf	fsr1l,f,c
  2222   001686  50DD               	movf	postdec2,w,c
  2223   001688  22E2               	addwfc	fsr1h,f,c
  2224   00168A  50E7               	movf	indf1,w,c
  2225   00168C  A4D8               	btfss	status,2,c
  2226   00168E  EF4B  F00B         	goto	u4551
  2227   001692  EF4D  F00B         	goto	u4550
  2228   001696                     u4551:
  2229   001696  EFE4  F00C         	goto	l4242
  2230   00169A                     u4550:
  2231   00169A  EE26  F04F         	lfsr	2,_r_queue+469
  2232   00169E  EE10 F001          	lfsr	1,1
  2233   0016A2  50DE               	movf	postinc2,w,c
  2234   0016A4  26E1               	addwf	fsr1l,f,c
  2235   0016A6  50DD               	movf	postdec2,w,c
  2236   0016A8  22E2               	addwfc	fsr1h,f,c
  2237   0016AA  0E02               	movlw	2
  2238   0016AC  6EE7               	movwf	indf1,c
  2239   0016AE  EE26  F04F         	lfsr	2,_r_queue+469
  2240   0016B2  EE10 F008          	lfsr	1,8
  2241   0016B6  50DE               	movf	postinc2,w,c
  2242   0016B8  26E1               	addwf	fsr1l,f,c
  2243   0016BA  50DD               	movf	postdec2,w,c
  2244   0016BC  22E2               	addwfc	fsr1h,f,c
  2245   0016BE  50E7               	movf	indf1,w,c
  2246   0016C0  6EE0               	movwf	224,c	;volatile
  2247   0016C2  EE26  F04F         	lfsr	2,_r_queue+469
  2248   0016C6  EE10 F00C          	lfsr	1,12
  2249   0016CA  50DE               	movf	postinc2,w,c
  2250   0016CC  26E1               	addwf	fsr1l,f,c
  2251   0016CE  50DD               	movf	postdec2,w,c
  2252   0016D0  22E2               	addwfc	fsr1h,f,c
  2253   0016D2  50E7               	movf	indf1,w,c
  2254   0016D4  6EEA               	movwf	234,c	;volatile
  2255   0016D6  EE26  F04F         	lfsr	2,_r_queue+469
  2256   0016DA  EE10 F00B          	lfsr	1,11
  2257   0016DE  50DE               	movf	postinc2,w,c
  2258   0016E0  26E1               	addwf	fsr1l,f,c
  2259   0016E2  50DD               	movf	postdec2,w,c
  2260   0016E4  22E2               	addwfc	fsr1h,f,c
  2261   0016E6  50E7               	movf	indf1,w,c
  2262   0016E8  6EE9               	movwf	233,c	;volatile
  2263   0016EA  EE26  F04F         	lfsr	2,_r_queue+469
  2264   0016EE  EE10 F00E          	lfsr	1,14
  2265   0016F2  50DE               	movf	postinc2,w,c
  2266   0016F4  26E1               	addwf	fsr1l,f,c
  2267   0016F6  50DD               	movf	postdec2,w,c
  2268   0016F8  22E2               	addwfc	fsr1h,f,c
  2269   0016FA  50E7               	movf	indf1,w,c
  2270   0016FC  6EE2               	movwf	226,c	;volatile
  2271   0016FE  EE26  F04F         	lfsr	2,_r_queue+469
  2272   001702  EE10 F00D          	lfsr	1,13
  2273   001706  50DE               	movf	postinc2,w,c
  2274   001708  26E1               	addwf	fsr1l,f,c
  2275   00170A  50DD               	movf	postdec2,w,c
  2276   00170C  22E2               	addwfc	fsr1h,f,c
  2277   00170E  50E7               	movf	indf1,w,c
  2278   001710  6EE1               	movwf	225,c	;volatile
  2279   001712  EE26  F04F         	lfsr	2,_r_queue+469
  2280   001716  EE10 F010          	lfsr	1,16
  2281   00171A  50DE               	movf	postinc2,w,c
  2282   00171C  26E1               	addwf	fsr1l,f,c
  2283   00171E  50DD               	movf	postdec2,w,c
  2284   001720  22E2               	addwfc	fsr1h,f,c
  2285   001722  50E7               	movf	indf1,w,c
  2286   001724  6EDA               	movwf	218,c	;volatile
  2287   001726  EE26  F04F         	lfsr	2,_r_queue+469
  2288   00172A  EE10 F00F          	lfsr	1,15
  2289   00172E  50DE               	movf	postinc2,w,c
  2290   001730  26E1               	addwf	fsr1l,f,c
  2291   001732  50DD               	movf	postdec2,w,c
  2292   001734  22E2               	addwfc	fsr1h,f,c
  2293   001736  50E7               	movf	indf1,w,c
  2294   001738  6ED9               	movwf	217,c	;volatile
  2295   00173A  EE26  F04F         	lfsr	2,_r_queue+469
  2296   00173E  EE10 F015          	lfsr	1,21
  2297   001742  50DE               	movf	postinc2,w,c
  2298   001744  26E1               	addwf	fsr1l,f,c
  2299   001746  50DD               	movf	postdec2,w,c
  2300   001748  22E2               	addwfc	fsr1h,f,c
  2301   00174A  50E7               	movf	indf1,w,c
  2302   00174C  6EFA               	movwf	250,c	;volatile
  2303   00174E  EE26  F04F         	lfsr	2,_r_queue+469
  2304   001752  EE10 F016          	lfsr	1,22
  2305   001756  50DE               	movf	postinc2,w,c
  2306   001758  26E1               	addwf	fsr1l,f,c
  2307   00175A  50DD               	movf	postdec2,w,c
  2308   00175C  22E2               	addwfc	fsr1h,f,c
  2309   00175E  50E7               	movf	indf1,w,c
  2310   001760  6EFB               	movwf	251,c	;volatile
  2311   001762  EE26  F04F         	lfsr	2,_r_queue+469
  2312   001766  EE10 F00A          	lfsr	1,10
  2313   00176A  50DE               	movf	postinc2,w,c
  2314   00176C  26E1               	addwf	fsr1l,f,c
  2315   00176E  50DD               	movf	postdec2,w,c
  2316   001770  22E2               	addwfc	fsr1h,f,c
  2317   001772  50E7               	movf	indf1,w,c
  2318   001774  6EF4               	movwf	244,c	;volatile
  2319   001776  EE26  F04F         	lfsr	2,_r_queue+469
  2320   00177A  EE10 F009          	lfsr	1,9
  2321   00177E  50DE               	movf	postinc2,w,c
  2322   001780  26E1               	addwf	fsr1l,f,c
  2323   001782  50DD               	movf	postdec2,w,c
  2324   001784  22E2               	addwfc	fsr1h,f,c
  2325   001786  50E7               	movf	indf1,w,c
  2326   001788  6EF3               	movwf	243,c	;volatile
  2327   00178A  EE26  F04F         	lfsr	2,_r_queue+469
  2328   00178E  EE10 F011          	lfsr	1,17
  2329   001792  50DE               	movf	postinc2,w,c
  2330   001794  26E1               	addwf	fsr1l,f,c
  2331   001796  50DD               	movf	postdec2,w,c
  2332   001798  22E2               	addwfc	fsr1h,f,c
  2333   00179A  50E7               	movf	indf1,w,c
  2334   00179C  6EF5               	movwf	245,c	;volatile
  2335   00179E  EE26  F04F         	lfsr	2,_r_queue+469
  2336   0017A2  EE10 F013          	lfsr	1,19
  2337   0017A6  50DE               	movf	postinc2,w,c
  2338   0017A8  26E1               	addwf	fsr1l,f,c
  2339   0017AA  50DD               	movf	postdec2,w,c
  2340   0017AC  22E2               	addwfc	fsr1h,f,c
  2341   0017AE  50E7               	movf	indf1,w,c
  2342   0017B0  6EF7               	movwf	247,c	;volatile
  2343   0017B2  EE26  F04F         	lfsr	2,_r_queue+469
  2344   0017B6  EE10 F012          	lfsr	1,18
  2345   0017BA  50DE               	movf	postinc2,w,c
  2346   0017BC  26E1               	addwf	fsr1l,f,c
  2347   0017BE  50DD               	movf	postdec2,w,c
  2348   0017C0  22E2               	addwfc	fsr1h,f,c
  2349   0017C2  50E7               	movf	indf1,w,c
  2350   0017C4  6EF6               	movwf	246,c	;volatile
  2351   0017C6  EE26  F04F         	lfsr	2,_r_queue+469
  2352   0017CA  EE10 F014          	lfsr	1,20
  2353   0017CE  50DE               	movf	postinc2,w,c
  2354   0017D0  26E1               	addwf	fsr1l,f,c
  2355   0017D2  50DD               	movf	postdec2,w,c
  2356   0017D4  22E2               	addwfc	fsr1h,f,c
  2357   0017D6  50E7               	movf	indf1,w,c
  2358   0017D8  6EF8               	movwf	248,c	;volatile
  2359   0017DA  EE26  F04F         	lfsr	2,_r_queue+469
  2360   0017DE  EE10 F007          	lfsr	1,7
  2361   0017E2  50DE               	movf	postinc2,w,c
  2362   0017E4  26E1               	addwf	fsr1l,f,c
  2363   0017E6  50DD               	movf	postdec2,w,c
  2364   0017E8  22E2               	addwfc	fsr1h,f,c
  2365   0017EA  50E7               	movf	indf1,w,c
  2366   0017EC  6ED8               	movwf	216,c	;volatile
  2367   0017EE  EE26  F04F         	lfsr	2,_r_queue+469
  2368   0017F2  EE10 F006          	lfsr	1,6
  2369   0017F6  50DE               	movf	postinc2,w,c
  2370   0017F8  26E1               	addwf	fsr1l,f,c
  2371   0017FA  50DD               	movf	postdec2,w,c
  2372   0017FC  22E2               	addwfc	fsr1h,f,c
  2373   0017FE  50E7               	movf	indf1,w,c
  2374   001800  0102               	movlb	2	; () banked
  2375   001802  6F10               	movwf	??_os_start& (0+255),b
  2376   001804  5110               	movf	??_os_start& (0+255),w,b
  2377   001806                     
  2378                           ; BSR set to: 2
  2379   001806  6AFC               	clrf	252,c	;volatile
  2380   001808  EE26  F04F         	lfsr	2,_r_queue+469
  2381   00180C  EE10 F074          	lfsr	1,116
  2382   001810  50DE               	movf	postinc2,w,c
  2383   001812  26E1               	addwf	fsr1l,f,c
  2384   001814  50DD               	movf	postdec2,w,c
  2385   001816  22E2               	addwfc	fsr1h,f,c
  2386   001818  50E7               	movf	indf1,w,c
  2387   00181A  B4D8               	btfsc	status,2,c
  2388   00181C  EF12  F00C         	goto	u4561
  2389   001820  EF14  F00C         	goto	u4560
  2390   001824                     u4561:
  2391   001824  EF9D  F00C         	goto	l123
  2392   001828                     u4560:
  2393   001828                     l124:
  2394                           
  2395                           ; BSR set to: 2
  2396   001828  0005               	push		;# 
  2397   00182A  EE26  F04F         	lfsr	2,_r_queue+469
  2398   00182E  EE10 F074          	lfsr	1,116
  2399   001832  50DE               	movf	postinc2,w,c
  2400   001834  26E1               	addwf	fsr1l,f,c
  2401   001836  50DD               	movf	postdec2,w,c
  2402   001838  22E2               	addwfc	fsr1h,f,c
  2403   00183A  06E7               	decf	indf1,f,c
  2404   00183C  EE26  F04F         	lfsr	2,_r_queue+469
  2405   001840  EE10 F074          	lfsr	1,116
  2406   001844  50DE               	movf	postinc2,w,c
  2407   001846  26E1               	addwf	fsr1l,f,c
  2408   001848  50DD               	movf	postdec2,w,c
  2409   00184A  22E2               	addwfc	fsr1h,f,c
  2410   00184C  50E7               	movf	indf1,w,c
  2411   00184E  0102               	movlb	2	; () banked
  2412   001850  6F10               	movwf	??_os_start& (0+255),b
  2413   001852  5110               	movf	??_os_start& (0+255),w,b
  2414   001854  0D03               	mullw	3
  2415   001856  CFF3 F211          	movff	prodl,??_os_start+1
  2416   00185A  CFF4 F212          	movff	prodh,??_os_start+2
  2417   00185E  EE26  F04F         	lfsr	2,_r_queue+469
  2418   001862  CFDE F213          	movff	postinc2,??_os_start+3
  2419   001866  CFDD F214          	movff	postdec2,??_os_start+4
  2420   00186A  5111               	movf	(??_os_start+1)& (0+255),w,b
  2421   00186C  2513               	addwf	(??_os_start+3)& (0+255),w,b
  2422   00186E  6F15               	movwf	(??_os_start+5)& (0+255),b
  2423   001870  5112               	movf	(??_os_start+2)& (0+255),w,b
  2424   001872  2114               	addwfc	(??_os_start+4)& (0+255),w,b
  2425   001874  6F16               	movwf	(??_os_start+6)& (0+255),b
  2426   001876  0E17               	movlw	23
  2427   001878  2515               	addwf	(??_os_start+5)& (0+255),w,b
  2428   00187A  6ED9               	movwf	fsr2l,c
  2429   00187C  0E00               	movlw	0
  2430   00187E  2116               	addwfc	(??_os_start+6)& (0+255),w,b
  2431   001880  6EDA               	movwf	fsr2h,c
  2432   001882  50DF               	movf	indf2,w,c
  2433   001884  6EFD               	movwf	253,c	;volatile
  2434   001886                     
  2435                           ; BSR set to: 2
  2436   001886  EE26  F04F         	lfsr	2,_r_queue+469
  2437   00188A  EE10 F074          	lfsr	1,116
  2438   00188E  50DE               	movf	postinc2,w,c
  2439   001890  26E1               	addwf	fsr1l,f,c
  2440   001892  50DD               	movf	postdec2,w,c
  2441   001894  22E2               	addwfc	fsr1h,f,c
  2442   001896  50E7               	movf	indf1,w,c
  2443   001898  6F10               	movwf	??_os_start& (0+255),b
  2444   00189A  5110               	movf	??_os_start& (0+255),w,b
  2445   00189C  0D03               	mullw	3
  2446   00189E  CFF3 F211          	movff	prodl,??_os_start+1
  2447   0018A2  CFF4 F212          	movff	prodh,??_os_start+2
  2448   0018A6  EE26  F04F         	lfsr	2,_r_queue+469
  2449   0018AA  CFDE F213          	movff	postinc2,??_os_start+3
  2450   0018AE  CFDD F214          	movff	postdec2,??_os_start+4
  2451   0018B2  5111               	movf	(??_os_start+1)& (0+255),w,b
  2452   0018B4  2513               	addwf	(??_os_start+3)& (0+255),w,b
  2453   0018B6  6F15               	movwf	(??_os_start+5)& (0+255),b
  2454   0018B8  5112               	movf	(??_os_start+2)& (0+255),w,b
  2455   0018BA  2114               	addwfc	(??_os_start+4)& (0+255),w,b
  2456   0018BC  6F16               	movwf	(??_os_start+6)& (0+255),b
  2457   0018BE  0E18               	movlw	24
  2458   0018C0  2515               	addwf	(??_os_start+5)& (0+255),w,b
  2459   0018C2  6ED9               	movwf	fsr2l,c
  2460   0018C4  0E00               	movlw	0
  2461   0018C6  2116               	addwfc	(??_os_start+6)& (0+255),w,b
  2462   0018C8  6EDA               	movwf	fsr2h,c
  2463   0018CA  50DF               	movf	indf2,w,c
  2464   0018CC  6EFE               	movwf	254,c	;volatile
  2465   0018CE                     
  2466                           ; BSR set to: 2
  2467   0018CE  EE26  F04F         	lfsr	2,_r_queue+469
  2468   0018D2  EE10 F074          	lfsr	1,116
  2469   0018D6  50DE               	movf	postinc2,w,c
  2470   0018D8  26E1               	addwf	fsr1l,f,c
  2471   0018DA  50DD               	movf	postdec2,w,c
  2472   0018DC  22E2               	addwfc	fsr1h,f,c
  2473   0018DE  50E7               	movf	indf1,w,c
  2474   0018E0  6F10               	movwf	??_os_start& (0+255),b
  2475   0018E2  5110               	movf	??_os_start& (0+255),w,b
  2476   0018E4  0D03               	mullw	3
  2477   0018E6  CFF3 F211          	movff	prodl,??_os_start+1
  2478   0018EA  CFF4 F212          	movff	prodh,??_os_start+2
  2479   0018EE  EE26  F04F         	lfsr	2,_r_queue+469
  2480   0018F2  CFDE F213          	movff	postinc2,??_os_start+3
  2481   0018F6  CFDD F214          	movff	postdec2,??_os_start+4
  2482   0018FA  5111               	movf	(??_os_start+1)& (0+255),w,b
  2483   0018FC  2513               	addwf	(??_os_start+3)& (0+255),w,b
  2484   0018FE  6F15               	movwf	(??_os_start+5)& (0+255),b
  2485   001900  5112               	movf	(??_os_start+2)& (0+255),w,b
  2486   001902  2114               	addwfc	(??_os_start+4)& (0+255),w,b
  2487   001904  6F16               	movwf	(??_os_start+6)& (0+255),b
  2488   001906  0E19               	movlw	25
  2489   001908  2515               	addwf	(??_os_start+5)& (0+255),w,b
  2490   00190A  6ED9               	movwf	fsr2l,c
  2491   00190C  0E00               	movlw	0
  2492   00190E  2116               	addwfc	(??_os_start+6)& (0+255),w,b
  2493   001910  6EDA               	movwf	fsr2h,c
  2494   001912  50DF               	movf	indf2,w,c
  2495   001914  6EFF               	movwf	255,c	;volatile
  2496   001916                     
  2497                           ; BSR set to: 2
  2498   001916  EE26  F04F         	lfsr	2,_r_queue+469
  2499   00191A  EE10 F074          	lfsr	1,116
  2500   00191E  50DE               	movf	postinc2,w,c
  2501   001920  26E1               	addwf	fsr1l,f,c
  2502   001922  50DD               	movf	postdec2,w,c
  2503   001924  22E2               	addwfc	fsr1h,f,c
  2504   001926  50E7               	movf	indf1,w,c
  2505   001928  A4D8               	btfss	status,2,c
  2506   00192A  EF99  F00C         	goto	u4571
  2507   00192E  EF9B  F00C         	goto	u4570
  2508   001932                     u4571:
  2509   001932  EF14  F00C         	goto	l124
  2510   001936                     u4570:
  2511   001936  EFE2  F00C         	goto	l4240
  2512   00193A                     l123:
  2513                           
  2514                           ; BSR set to: 2
  2515   00193A  0005               	push		;# 
  2516   00193C  EE26  F04F         	lfsr	2,_r_queue+469
  2517   001940  EE10 F002          	lfsr	1,2
  2518   001944  50DE               	movf	postinc2,w,c
  2519   001946  26E1               	addwf	fsr1l,f,c
  2520   001948  50DD               	movf	postdec2,w,c
  2521   00194A  22E2               	addwfc	fsr1h,f,c
  2522   00194C  50E7               	movf	indf1,w,c
  2523   00194E  6EFD               	movwf	253,c	;volatile
  2524   001950  EE26  F04F         	lfsr	2,_r_queue+469
  2525   001954  EE10 F002          	lfsr	1,2
  2526   001958  50DE               	movf	postinc2,w,c
  2527   00195A  26E1               	addwf	fsr1l,f,c
  2528   00195C  50DD               	movf	postdec2,w,c
  2529   00195E  22E2               	addwfc	fsr1h,f,c
  2530   001960  CFE6 F210          	movff	postinc1,??_os_start
  2531   001964  CFE5 F211          	movff	postdec1,??_os_start+1
  2532   001968  C210  F212         	movff	??_os_start,??_os_start+2
  2533   00196C  C211  F213         	movff	??_os_start+1,??_os_start+3
  2534   001970  0102               	movlb	2	; () banked
  2535   001972  6B14               	clrf	(??_os_start+4)& (0+255),b
  2536   001974  C213  F212         	movff	??_os_start+3,??_os_start+2
  2537   001978  C214  F213         	movff	??_os_start+4,??_os_start+3
  2538   00197C  6B14               	clrf	(??_os_start+4)& (0+255),b
  2539   00197E  5112               	movf	(??_os_start+2)& (0+255),w,b
  2540   001980  6EFE               	movwf	254,c	;volatile
  2541   001982  0E10               	movlw	16
  2542   001984  6F10               	movwf	??_os_start& (0+255),b
  2543   001986  EE26  F04F         	lfsr	2,_r_queue+469
  2544   00198A  EE10 F002          	lfsr	1,2
  2545   00198E  50DE               	movf	postinc2,w,c
  2546   001990  26E1               	addwf	fsr1l,f,c
  2547   001992  50DD               	movf	postdec2,w,c
  2548   001994  22E2               	addwfc	fsr1h,f,c
  2549   001996  CFE6 F211          	movff	postinc1,??_os_start+1
  2550   00199A  CFE5 F212          	movff	postdec1,??_os_start+2
  2551   00199E  C211  F213         	movff	??_os_start+1,??_os_start+3
  2552   0019A2  C212  F214         	movff	??_os_start+2,??_os_start+4
  2553   0019A6  6B15               	clrf	(??_os_start+5)& (0+255),b
  2554   0019A8  2910               	incf	??_os_start& (0+255),w,b
  2555   0019AA  6F16               	movwf	(??_os_start+6)& (0+255),b
  2556   0019AC  EFDC  F00C         	goto	u4580
  2557   0019B0                     u4585:
  2558   0019B0  90D8               	bcf	status,0,c
  2559   0019B2  3315               	rrcf	(??_os_start+5)& (0+255),f,b
  2560   0019B4  3314               	rrcf	(??_os_start+4)& (0+255),f,b
  2561   0019B6  3313               	rrcf	(??_os_start+3)& (0+255),f,b
  2562   0019B8                     u4580:
  2563   0019B8  2F16               	decfsz	(??_os_start+6)& (0+255),f,b
  2564   0019BA  EFD8  F00C         	goto	u4585
  2565   0019BE  0102               	movlb	2	; () banked
  2566   0019C0  5113               	movf	(??_os_start+3)& (0+255),w,b
  2567   0019C2  6EFF               	movwf	255,c	;volatile
  2568   0019C4                     l4240:
  2569                           
  2570                           ; BSR set to: 2
  2571   0019C4  0E05               	movlw	5
  2572   0019C6  6E28               	movwf	_rr_quantum^0,c
  2573   0019C8                     l4242:
  2574                           
  2575                           ;kernel.c: 84:     INTCONbits.GIE = 1;;
  2576   0019C8  8EF2               	bsf	242,7,c	;volatile
  2577   0019CA  0012               	return		;funcret
  2578   0019CC                     __end_of_os_start:
  2579                           	callstack 0
  2580                           
  2581 ;; *************** function _setup_hardware *****************
  2582 ;; Defined at:
  2583 ;;		line 10 in file "hw.c"
  2584 ;; Parameters:    Size  Location     Type
  2585 ;;		None
  2586 ;; Auto vars:     Size  Location     Type
  2587 ;;		None
  2588 ;; Return value:  Size  Location     Type
  2589 ;;                  1    wreg      void 
  2590 ;; Registers used:
  2591 ;;		wreg, status,2
  2592 ;; Tracked objects:
  2593 ;;		On entry : 0/0
  2594 ;;		On exit  : 0/0
  2595 ;;		Unchanged: 0/0
  2596 ;; Data sizes:     COMRAM   BANK0   BANK1   BANK2   BANK3   BANK4   BANK5   BANK6   BANK7   BANK8   BANK9  BANK10  BANK1
      +1  BANK12  BANK13  BANK14  BANK15
  2597 ;;      Params:         0       0       0       0       0       0       0       0       0       0       0       0       
      +0       0       0       0       0
  2598 ;;      Locals:         0       0       0       0       0       0       0       0       0       0       0       0       
      +0       0       0       0       0
  2599 ;;      Temps:          0       0       0       0       0       0       0       0       0       0       0       0       
      +0       0       0       0       0
  2600 ;;      Totals:         0       0       0       0       0       0       0       0       0       0       0       0       
      +0       0       0       0       0
  2601 ;;Total ram usage:        0 bytes
  2602 ;; Hardware stack levels used: 1
  2603 ;; Hardware stack levels required when called: 10
  2604 ;; This function calls:
  2605 ;;		Nothing
  2606 ;; This function is called by:
  2607 ;;		_os_start
  2608 ;; This function uses a non-reentrant model
  2609 ;;
  2610                           
  2611                           	psect	text2
  2612   002634                     __ptext2:
  2613                           	callstack 0
  2614   002634                     _setup_hardware:
  2615                           	callstack 19
  2616   002634                     
  2617                           ;hw.c: 13:     INTCONbits.TMR0IE = 1;
  2618   002634  8AF2               	bsf	242,5,c	;volatile
  2619                           
  2620                           ;hw.c: 14:     INTCONbits.TMR0IF = 0;
  2621   002636  94F2               	bcf	242,2,c	;volatile
  2622                           
  2623                           ;hw.c: 15:     T0CONbits.T08BIT = 1;
  2624   002638  8CD5               	bsf	213,6,c	;volatile
  2625                           
  2626                           ;hw.c: 16:     T0CONbits.T0CS = 0;
  2627   00263A  9AD5               	bcf	213,5,c	;volatile
  2628                           
  2629                           ;hw.c: 17:     T0CONbits.PSA = 0;
  2630   00263C  96D5               	bcf	213,3,c	;volatile
  2631   00263E                     
  2632                           ;hw.c: 18:     T0CONbits.T0PS = 0b111;
  2633   00263E  0E07               	movlw	7
  2634   002640  12D5               	iorwf	213,f,c	;volatile
  2635   002642                     
  2636                           ;hw.c: 19:     T0CONbits.TMR0ON = 1;
  2637   002642  8ED5               	bsf	213,7,c	;volatile
  2638                           
  2639                           ;hw.c: 20:     TMR0 = 0;
  2640   002644  6AD7               	clrf	215,c	;volatile
  2641   002646  0E00               	movlw	0
  2642   002648  6ED6               	movwf	214,c	;volatile
  2643   00264A  0012               	return		;funcret
  2644   00264C                     __end_of_setup_hardware:
  2645                           	callstack 0
  2646                           
  2647 ;; *************** function _scheduler *****************
  2648 ;; Defined at:
  2649 ;;		line 10 in file "scheduler.c"
  2650 ;; Parameters:    Size  Location     Type
  2651 ;;		None
  2652 ;; Auto vars:     Size  Location     Type
  2653 ;;		None
  2654 ;; Return value:  Size  Location     Type
  2655 ;;                  1    wreg      void 
  2656 ;; Registers used:
  2657 ;;		wreg, fsr2l, fsr2h, status,2, status,0, prodl, prodh, cstack
  2658 ;; Tracked objects:
  2659 ;;		On entry : 0/0
  2660 ;;		On exit  : 0/0
  2661 ;;		Unchanged: 0/0
  2662 ;; Data sizes:     COMRAM   BANK0   BANK1   BANK2   BANK3   BANK4   BANK5   BANK6   BANK7   BANK8   BANK9  BANK10  BANK1
      +1  BANK12  BANK13  BANK14  BANK15
  2663 ;;      Params:         0       0       0       0       0       0       0       0       0       0       0       0       
      +0       0       0       0       0
  2664 ;;      Locals:         0       0       0       0       0       0       0       0       0       0       0       0       
      +0       0       0       0       0
  2665 ;;      Temps:          0       0       0       3       0       0       0       0       0       0       0       0       
      +0       0       0       0       0
  2666 ;;      Totals:         0       0       0       3       0       0       0       0       0       0       0       0       
      +0       0       0       0       0
  2667 ;;Total ram usage:        3 bytes
  2668 ;; Hardware stack levels used: 1
  2669 ;; Hardware stack levels required when called: 12
  2670 ;; This function calls:
  2671 ;;		_rr_priority_scheduler
  2672 ;; This function is called by:
  2673 ;;		_os_start
  2674 ;;		_os_delay
  2675 ;;		_os_yield
  2676 ;;		_os_task_change_state
  2677 ;;		_mutex_lock
  2678 ;; This function uses a non-reentrant model
  2679 ;;
  2680                           
  2681                           	psect	text3
  2682   002568                     __ptext3:
  2683                           	callstack 0
  2684   002568                     _scheduler:
  2685                           	callstack 17
  2686   002568                     
  2687                           ;scheduler.c: 17:     r_queue.pos_task_running = rr_priority_scheduler();
  2688   002568  ECE6  F00C         	call	_rr_priority_scheduler	;wreg free
  2689   00256C  0102               	movlb	2	; () banked
  2690   00256E  6F0D               	movwf	??_scheduler& (0+255),b
  2691   002570  C20D  F651         	movff	??_scheduler,_r_queue+471
  2692   002574                     
  2693                           ; BSR set to: 2
  2694                           ;scheduler.c: 19:   r_queue.task_running = &r_queue.TASKS[r_queue.pos_task_running];
  2695   002574  C651  F20D         	movff	_r_queue+471,??_scheduler
  2696   002578  510D               	movf	??_scheduler& (0+255),w,b
  2697   00257A  0D75               	mullw	117
  2698   00257C  0E7A               	movlw	low _r_queue
  2699   00257E  24F3               	addwf	243,w,c
  2700   002580  6F0E               	movwf	(??_scheduler+1)& (0+255),b
  2701   002582  0E04               	movlw	high _r_queue
  2702   002584  20F4               	addwfc	prodh,w,c
  2703   002586  6F0F               	movwf	(??_scheduler+2)& (0+255),b
  2704   002588  C20E  F64F         	movff	??_scheduler+1,_r_queue+469
  2705   00258C  C20F  F650         	movff	??_scheduler+2,_r_queue+470
  2706   002590                     
  2707                           ; BSR set to: 2
  2708   002590  0012               	return		;funcret
  2709   002592                     __end_of_scheduler:
  2710                           	callstack 0
  2711                           
  2712 ;; *************** function _rr_priority_scheduler *****************
  2713 ;; Defined at:
  2714 ;;		line 56 in file "scheduler.c"
  2715 ;; Parameters:    Size  Location     Type
  2716 ;;		None
  2717 ;; Auto vars:     Size  Location     Type
  2718 ;;  i               1   12[BANK2 ] unsigned char 
  2719 ;;  i               1   10[BANK2 ] unsigned char 
  2720 ;;  prox            1   11[BANK2 ] unsigned char 
  2721 ;;  max_priority    1    9[BANK2 ] unsigned char 
  2722 ;;  tentativas      1    8[BANK2 ] unsigned char 
  2723 ;; Return value:  Size  Location     Type
  2724 ;;                  1    wreg      unsigned char 
  2725 ;; Registers used:
  2726 ;;		wreg, fsr2l, fsr2h, status,2, status,0, prodl, prodh, cstack
  2727 ;; Tracked objects:
  2728 ;;		On entry : 0/0
  2729 ;;		On exit  : 0/0
  2730 ;;		Unchanged: 0/0
  2731 ;; Data sizes:     COMRAM   BANK0   BANK1   BANK2   BANK3   BANK4   BANK5   BANK6   BANK7   BANK8   BANK9  BANK10  BANK1
      +1  BANK12  BANK13  BANK14  BANK15
  2732 ;;      Params:         0       0       0       0       0       0       0       0       0       0       0       0       
      +0       0       0       0       0
  2733 ;;      Locals:         0       0       0       5       0       0       0       0       0       0       0       0       
      +0       0       0       0       0
  2734 ;;      Temps:          0       0       0       2       0       0       0       0       0       0       0       0       
      +0       0       0       0       0
  2735 ;;      Totals:         0       0       0       7       0       0       0       0       0       0       0       0       
      +0       0       0       0       0
  2736 ;;Total ram usage:        7 bytes
  2737 ;; Hardware stack levels used: 1
  2738 ;; Hardware stack levels required when called: 11
  2739 ;; This function calls:
  2740 ;;		___awmod
  2741 ;; This function is called by:
  2742 ;;		_scheduler
  2743 ;; This function uses a non-reentrant model
  2744 ;;
  2745                           
  2746                           	psect	text4
  2747   0019CC                     __ptext4:
  2748                           	callstack 0
  2749   0019CC                     _rr_priority_scheduler:
  2750                           	callstack 17
  2751   0019CC                     
  2752                           ;scheduler.c: 59:     uint8_t max_priority = 0;
  2753   0019CC  0102               	movlb	2	; () banked
  2754   0019CE  6B09               	clrf	rr_priority_scheduler@max_priority& (0+255),b
  2755                           
  2756                           ;scheduler.c: 60:     for (uint8_t i = 0; i < r_queue.size; i++) {
  2757   0019D0  6B0A               	clrf	rr_priority_scheduler@i& (0+255),b
  2758   0019D2  EF2B  F00D         	goto	l4116
  2759   0019D6                     l4106:
  2760                           
  2761                           ; BSR set to: 2
  2762                           ;scheduler.c: 61:         if (r_queue.TASKS[i].task_state == READY && r_queue.TASKS[i].t
      +                          ask_ptr != idle) {
  2763   0019D6  510A               	movf	rr_priority_scheduler@i& (0+255),w,b
  2764   0019D8  0D75               	mullw	117
  2765   0019DA  0E7B               	movlw	low (_r_queue+1)
  2766   0019DC  24F3               	addwf	243,w,c
  2767   0019DE  6ED9               	movwf	fsr2l,c
  2768   0019E0  0E04               	movlw	high (_r_queue+1)
  2769   0019E2  20F4               	addwfc	prodh,w,c
  2770   0019E4  6EDA               	movwf	fsr2h,c
  2771   0019E6  50DF               	movf	indf2,w,c
  2772   0019E8  A4D8               	btfss	status,2,c
  2773   0019EA  EFF9  F00C         	goto	u4421
  2774   0019EE  EFFB  F00C         	goto	u4420
  2775   0019F2                     u4421:
  2776   0019F2  EF2A  F00D         	goto	l4114
  2777   0019F6                     u4420:
  2778   0019F6                     
  2779                           ; BSR set to: 2
  2780   0019F6  510A               	movf	rr_priority_scheduler@i& (0+255),w,b
  2781   0019F8  0D75               	mullw	117
  2782   0019FA  0E7C               	movlw	low (_r_queue+2)
  2783   0019FC  24F3               	addwf	243,w,c
  2784   0019FE  6ED9               	movwf	fsr2l,c
  2785   001A00  0E04               	movlw	high (_r_queue+2)
  2786   001A02  20F4               	addwfc	prodh,w,c
  2787   001A04  6EDA               	movwf	fsr2h,c
  2788   001A06  0EE4               	movlw	low _idle
  2789   001A08  18DE               	xorwf	postinc2,w,c
  2790   001A0A  E109               	bnz	u4430
  2791   001A0C  0E25               	movlw	high _idle
  2792   001A0E  18DE               	xorwf	postinc2,w,c
  2793   001A10  B4D8               	btfsc	status,2,c
  2794   001A12  EF0D  F00D         	goto	u4431
  2795   001A16  EF0F  F00D         	goto	u4430
  2796   001A1A                     u4431:
  2797   001A1A  EF2A  F00D         	goto	l4114
  2798   001A1E                     u4430:
  2799   001A1E                     
  2800                           ; BSR set to: 2
  2801                           ;scheduler.c: 62:             if (r_queue.TASKS[i].task_priority > max_priority) {
  2802   001A1E  510A               	movf	rr_priority_scheduler@i& (0+255),w,b
  2803   001A20  0D75               	mullw	117
  2804   001A22  0E7F               	movlw	low (_r_queue+5)
  2805   001A24  24F3               	addwf	243,w,c
  2806   001A26  6ED9               	movwf	fsr2l,c
  2807   001A28  0E04               	movlw	high (_r_queue+5)
  2808   001A2A  20F4               	addwfc	prodh,w,c
  2809   001A2C  6EDA               	movwf	fsr2h,c
  2810   001A2E  50DE               	movf	postinc2,w,c
  2811   001A30  5D09               	subwf	rr_priority_scheduler@max_priority& (0+255),w,b
  2812   001A32  B0D8               	btfsc	status,0,c
  2813   001A34  EF1E  F00D         	goto	u4441
  2814   001A38  EF20  F00D         	goto	u4440
  2815   001A3C                     u4441:
  2816   001A3C  EF2A  F00D         	goto	l4114
  2817   001A40                     u4440:
  2818   001A40                     
  2819                           ; BSR set to: 2
  2820                           ;scheduler.c: 63:                 max_priority = r_queue.TASKS[i].task_priority;
  2821   001A40  510A               	movf	rr_priority_scheduler@i& (0+255),w,b
  2822   001A42  0D75               	mullw	117
  2823   001A44  0E7F               	movlw	low (_r_queue+5)
  2824   001A46  24F3               	addwf	243,w,c
  2825   001A48  6ED9               	movwf	fsr2l,c
  2826   001A4A  0E04               	movlw	high (_r_queue+5)
  2827   001A4C  20F4               	addwfc	prodh,w,c
  2828   001A4E  6EDA               	movwf	fsr2h,c
  2829   001A50  50DF               	movf	indf2,w,c
  2830   001A52  6F09               	movwf	rr_priority_scheduler@max_priority& (0+255),b
  2831   001A54                     l4114:
  2832                           
  2833                           ; BSR set to: 2
  2834                           ;scheduler.c: 66:     }
  2835   001A54  2B0A               	incf	rr_priority_scheduler@i& (0+255),f,b
  2836   001A56                     l4116:
  2837                           
  2838                           ; BSR set to: 2
  2839   001A56  EE26  F04E         	lfsr	2,_r_queue+468
  2840   001A5A  50DE               	movf	postinc2,w,c
  2841   001A5C  5D0A               	subwf	rr_priority_scheduler@i& (0+255),w,b
  2842   001A5E  A0D8               	btfss	status,0,c
  2843   001A60  EF34  F00D         	goto	u4451
  2844   001A64  EF36  F00D         	goto	u4450
  2845   001A68                     u4451:
  2846   001A68  EFEB  F00C         	goto	l4106
  2847   001A6C                     u4450:
  2848   001A6C                     
  2849                           ; BSR set to: 2
  2850                           ;scheduler.c: 69:     uint8_t prox = r_queue.pos_task_running;
  2851   001A6C  C651  F20B         	movff	_r_queue+471,rr_priority_scheduler@prox
  2852                           
  2853                           ;scheduler.c: 70:     uint8_t tentativas = 0;
  2854   001A70  6B08               	clrf	rr_priority_scheduler@tentativas& (0+255),b
  2855   001A72                     l4118:
  2856                           
  2857                           ; BSR set to: 2
  2858                           ;scheduler.c: 73:         prox = (prox + 1) % r_queue.size;
  2859   001A72  0E01               	movlw	1
  2860   001A74  250B               	addwf	rr_priority_scheduler@prox& (0+255),w,b
  2861   001A76  6F00               	movwf	___awmod@dividend& (0+255),b
  2862   001A78  6B01               	clrf	(___awmod@dividend+1)& (0+255),b
  2863   001A7A  0E00               	movlw	0
  2864   001A7C  2301               	addwfc	(___awmod@dividend+1)& (0+255),f,b
  2865   001A7E  C64E  F206         	movff	_r_queue+468,??_rr_priority_scheduler
  2866   001A82  5106               	movf	??_rr_priority_scheduler& (0+255),w,b
  2867   001A84  6F02               	movwf	___awmod@divisor& (0+255),b
  2868   001A86  6B03               	clrf	(___awmod@divisor+1)& (0+255),b
  2869   001A88  ECB4  F00F         	call	___awmod	;wreg free
  2870   001A8C  0102               	movlb	2	; () banked
  2871   001A8E  5100               	movf	?___awmod& (0+255),w,b
  2872   001A90  6F0B               	movwf	rr_priority_scheduler@prox& (0+255),b
  2873   001A92                     
  2874                           ; BSR set to: 2
  2875                           ;scheduler.c: 74:         tentativas++;
  2876   001A92  2B08               	incf	rr_priority_scheduler@tentativas& (0+255),f,b
  2877   001A94                     
  2878                           ; BSR set to: 2
  2879                           ;scheduler.c: 75:         if (tentativas >= r_queue.size) {
  2880   001A94  EE26  F04E         	lfsr	2,_r_queue+468
  2881   001A98  50DE               	movf	postinc2,w,c
  2882   001A9A  5D08               	subwf	rr_priority_scheduler@tentativas& (0+255),w,b
  2883   001A9C  A0D8               	btfss	status,0,c
  2884   001A9E  EF53  F00D         	goto	u4461
  2885   001AA2  EF55  F00D         	goto	u4460
  2886   001AA6                     u4461:
  2887   001AA6  EF9F  F00D         	goto	l4144
  2888   001AAA                     u4460:
  2889   001AAA                     
  2890                           ; BSR set to: 2
  2891                           ;scheduler.c: 77:             for (uint8_t i = 0; i < r_queue.size; i++) {
  2892   001AAA  6B0C               	clrf	rr_priority_scheduler@i_1223& (0+255),b
  2893   001AAC  EF91  F00D         	goto	l4138
  2894   001AB0                     l4126:
  2895                           
  2896                           ; BSR set to: 2
  2897                           ;scheduler.c: 78:                 if (r_queue.TASKS[i].task_state == READY && r_queue.TA
      +                          SKS[i].task_priority == max_priority && r_queue.TASKS[i].task_ptr != idle) {
  2898   001AB0  510C               	movf	rr_priority_scheduler@i_1223& (0+255),w,b
  2899   001AB2  0D75               	mullw	117
  2900   001AB4  0E7B               	movlw	low (_r_queue+1)
  2901   001AB6  24F3               	addwf	243,w,c
  2902   001AB8  6ED9               	movwf	fsr2l,c
  2903   001ABA  0E04               	movlw	high (_r_queue+1)
  2904   001ABC  20F4               	addwfc	prodh,w,c
  2905   001ABE  6EDA               	movwf	fsr2h,c
  2906   001AC0  50DF               	movf	indf2,w,c
  2907   001AC2  A4D8               	btfss	status,2,c
  2908   001AC4  EF66  F00D         	goto	u4471
  2909   001AC8  EF68  F00D         	goto	u4470
  2910   001ACC                     u4471:
  2911   001ACC  EF90  F00D         	goto	l4136
  2912   001AD0                     u4470:
  2913   001AD0                     
  2914                           ; BSR set to: 2
  2915   001AD0  510C               	movf	rr_priority_scheduler@i_1223& (0+255),w,b
  2916   001AD2  0D75               	mullw	117
  2917   001AD4  0E7F               	movlw	low (_r_queue+5)
  2918   001AD6  24F3               	addwf	243,w,c
  2919   001AD8  6ED9               	movwf	fsr2l,c
  2920   001ADA  0E04               	movlw	high (_r_queue+5)
  2921   001ADC  20F4               	addwfc	prodh,w,c
  2922   001ADE  6EDA               	movwf	fsr2h,c
  2923   001AE0  5109               	movf	rr_priority_scheduler@max_priority& (0+255),w,b
  2924   001AE2  18DE               	xorwf	postinc2,w,c
  2925   001AE4  A4D8               	btfss	status,2,c
  2926   001AE6  EF77  F00D         	goto	u4481
  2927   001AEA  EF79  F00D         	goto	u4480
  2928   001AEE                     u4481:
  2929   001AEE  EF90  F00D         	goto	l4136
  2930   001AF2                     u4480:
  2931   001AF2                     
  2932                           ; BSR set to: 2
  2933   001AF2  510C               	movf	rr_priority_scheduler@i_1223& (0+255),w,b
  2934   001AF4  0D75               	mullw	117
  2935   001AF6  0E7C               	movlw	low (_r_queue+2)
  2936   001AF8  24F3               	addwf	243,w,c
  2937   001AFA  6ED9               	movwf	fsr2l,c
  2938   001AFC  0E04               	movlw	high (_r_queue+2)
  2939   001AFE  20F4               	addwfc	prodh,w,c
  2940   001B00  6EDA               	movwf	fsr2h,c
  2941   001B02  0EE4               	movlw	low _idle
  2942   001B04  18DE               	xorwf	postinc2,w,c
  2943   001B06  E109               	bnz	u4490
  2944   001B08  0E25               	movlw	high _idle
  2945   001B0A  18DE               	xorwf	postinc2,w,c
  2946   001B0C  B4D8               	btfsc	status,2,c
  2947   001B0E  EF8B  F00D         	goto	u4491
  2948   001B12  EF8D  F00D         	goto	u4490
  2949   001B16                     u4491:
  2950   001B16  EF90  F00D         	goto	l4136
  2951   001B1A                     u4490:
  2952   001B1A                     
  2953                           ; BSR set to: 2
  2954                           ;scheduler.c: 79:                     return i;
  2955   001B1A  510C               	movf	rr_priority_scheduler@i_1223& (0+255),w,b
  2956   001B1C  EFD5  F00D         	goto	l418
  2957   001B20                     l4136:
  2958                           
  2959                           ; BSR set to: 2
  2960                           ;scheduler.c: 81:             }
  2961   001B20  2B0C               	incf	rr_priority_scheduler@i_1223& (0+255),f,b
  2962   001B22                     l4138:
  2963                           
  2964                           ; BSR set to: 2
  2965   001B22  EE26  F04E         	lfsr	2,_r_queue+468
  2966   001B26  50DE               	movf	postinc2,w,c
  2967   001B28  5D0C               	subwf	rr_priority_scheduler@i_1223& (0+255),w,b
  2968   001B2A  A0D8               	btfss	status,0,c
  2969   001B2C  EF9A  F00D         	goto	u4501
  2970   001B30  EF9C  F00D         	goto	u4500
  2971   001B34                     u4501:
  2972   001B34  EF58  F00D         	goto	l4126
  2973   001B38                     u4500:
  2974   001B38                     
  2975                           ; BSR set to: 2
  2976                           ;scheduler.c: 82:             return 0;
  2977   001B38  0E00               	movlw	0
  2978   001B3A  EFD5  F00D         	goto	l418
  2979   001B3E                     l4144:
  2980                           
  2981                           ; BSR set to: 2
  2982                           ;scheduler.c: 84:     } while (!(r_queue.TASKS[prox].task_state == READY && r_queue.TASK
      +                          S[prox].task_priority == max_priority && r_queue.TASKS[prox].task_ptr != idle));
  2983   001B3E  510B               	movf	rr_priority_scheduler@prox& (0+255),w,b
  2984   001B40  0D75               	mullw	117
  2985   001B42  0E7B               	movlw	low (_r_queue+1)
  2986   001B44  24F3               	addwf	243,w,c
  2987   001B46  6ED9               	movwf	fsr2l,c
  2988   001B48  0E04               	movlw	high (_r_queue+1)
  2989   001B4A  20F4               	addwfc	prodh,w,c
  2990   001B4C  6EDA               	movwf	fsr2h,c
  2991   001B4E  50DF               	movf	indf2,w,c
  2992   001B50  A4D8               	btfss	status,2,c
  2993   001B52  EFAD  F00D         	goto	u4511
  2994   001B56  EFAF  F00D         	goto	u4510
  2995   001B5A                     u4511:
  2996   001B5A  EF39  F00D         	goto	l4118
  2997   001B5E                     u4510:
  2998   001B5E                     
  2999                           ; BSR set to: 2
  3000   001B5E  510B               	movf	rr_priority_scheduler@prox& (0+255),w,b
  3001   001B60  0D75               	mullw	117
  3002   001B62  0E7F               	movlw	low (_r_queue+5)
  3003   001B64  24F3               	addwf	243,w,c
  3004   001B66  6ED9               	movwf	fsr2l,c
  3005   001B68  0E04               	movlw	high (_r_queue+5)
  3006   001B6A  20F4               	addwfc	prodh,w,c
  3007   001B6C  6EDA               	movwf	fsr2h,c
  3008   001B6E  5109               	movf	rr_priority_scheduler@max_priority& (0+255),w,b
  3009   001B70  18DE               	xorwf	postinc2,w,c
  3010   001B72  A4D8               	btfss	status,2,c
  3011   001B74  EFBE  F00D         	goto	u4521
  3012   001B78  EFC0  F00D         	goto	u4520
  3013   001B7C                     u4521:
  3014   001B7C  EF39  F00D         	goto	l4118
  3015   001B80                     u4520:
  3016   001B80                     
  3017                           ; BSR set to: 2
  3018   001B80  510B               	movf	rr_priority_scheduler@prox& (0+255),w,b
  3019   001B82  0D75               	mullw	117
  3020   001B84  0E7C               	movlw	low (_r_queue+2)
  3021   001B86  24F3               	addwf	243,w,c
  3022   001B88  6ED9               	movwf	fsr2l,c
  3023   001B8A  0E04               	movlw	high (_r_queue+2)
  3024   001B8C  20F4               	addwfc	prodh,w,c
  3025   001B8E  6EDA               	movwf	fsr2h,c
  3026   001B90  0EE4               	movlw	low _idle
  3027   001B92  18DE               	xorwf	postinc2,w,c
  3028   001B94  E109               	bnz	u4530
  3029   001B96  0E25               	movlw	high _idle
  3030   001B98  18DE               	xorwf	postinc2,w,c
  3031   001B9A  B4D8               	btfsc	status,2,c
  3032   001B9C  EFD2  F00D         	goto	u4531
  3033   001BA0  EFD4  F00D         	goto	u4530
  3034   001BA4                     u4531:
  3035   001BA4  EF39  F00D         	goto	l4118
  3036   001BA8                     u4530:
  3037   001BA8                     
  3038                           ; BSR set to: 2
  3039                           ;scheduler.c: 86:     return prox;
  3040   001BA8  510B               	movf	rr_priority_scheduler@prox& (0+255),w,b
  3041   001BAA                     l418:
  3042                           
  3043                           ; BSR set to: 2
  3044   001BAA  0012               	return		;funcret
  3045   001BAC                     __end_of_rr_priority_scheduler:
  3046                           	callstack 0
  3047                           
  3048 ;; *************** function ___awmod *****************
  3049 ;; Defined at:
  3050 ;;		line 7 in file "C:\Program Files\Microchip\xc8\v3.10\pic\sources\c99\common\awmod.c"
  3051 ;; Parameters:    Size  Location     Type
  3052 ;;  dividend        2    0[BANK2 ] int 
  3053 ;;  divisor         2    2[BANK2 ] int 
  3054 ;; Auto vars:     Size  Location     Type
  3055 ;;  sign            1    5[BANK2 ] unsigned char 
  3056 ;;  counter         1    4[BANK2 ] unsigned char 
  3057 ;; Return value:  Size  Location     Type
  3058 ;;                  2    0[BANK2 ] int 
  3059 ;; Registers used:
  3060 ;;		wreg, status,2, status,0
  3061 ;; Tracked objects:
  3062 ;;		On entry : 0/0
  3063 ;;		On exit  : 0/0
  3064 ;;		Unchanged: 0/0
  3065 ;; Data sizes:     COMRAM   BANK0   BANK1   BANK2   BANK3   BANK4   BANK5   BANK6   BANK7   BANK8   BANK9  BANK10  BANK1
      +1  BANK12  BANK13  BANK14  BANK15
  3066 ;;      Params:         0       0       0       4       0       0       0       0       0       0       0       0       
      +0       0       0       0       0
  3067 ;;      Locals:         0       0       0       2       0       0       0       0       0       0       0       0       
      +0       0       0       0       0
  3068 ;;      Temps:          0       0       0       0       0       0       0       0       0       0       0       0       
      +0       0       0       0       0
  3069 ;;      Totals:         0       0       0       6       0       0       0       0       0       0       0       0       
      +0       0       0       0       0
  3070 ;;Total ram usage:        6 bytes
  3071 ;; Hardware stack levels used: 1
  3072 ;; Hardware stack levels required when called: 10
  3073 ;; This function calls:
  3074 ;;		Nothing
  3075 ;; This function is called by:
  3076 ;;		_rr_priority_scheduler
  3077 ;;		_mutex_lock
  3078 ;;		_mutex_unlock
  3079 ;;		_RR_scheduler
  3080 ;;		_priority_scheduler
  3081 ;; This function uses a non-reentrant model
  3082 ;;
  3083                           
  3084                           	psect	text5
  3085   001F68                     __ptext5:
  3086                           	callstack 0
  3087   001F68                     ___awmod:
  3088                           	callstack 17
  3089   001F68  0102               	movlb	2	; () banked
  3090   001F6A  6B05               	clrf	___awmod@sign& (0+255),b
  3091   001F6C                     
  3092                           ; BSR set to: 2
  3093   001F6C  BF01               	btfsc	(___awmod@dividend+1)& (0+255),7,b
  3094   001F6E  EFBD  F00F         	goto	u4360
  3095   001F72  EFBB  F00F         	goto	u4361
  3096   001F76                     u4361:
  3097   001F76  EFC3  F00F         	goto	l4070
  3098   001F7A                     u4360:
  3099   001F7A                     
  3100                           ; BSR set to: 2
  3101   001F7A  6D00               	negf	___awmod@dividend& (0+255),b
  3102   001F7C  1F01               	comf	(___awmod@dividend+1)& (0+255),f,b
  3103   001F7E  B0D8               	btfsc	status,0,c
  3104   001F80  2B01               	incf	(___awmod@dividend+1)& (0+255),f,b
  3105   001F82                     
  3106                           ; BSR set to: 2
  3107   001F82  0E01               	movlw	1
  3108   001F84  6F05               	movwf	___awmod@sign& (0+255),b
  3109   001F86                     l4070:
  3110                           
  3111                           ; BSR set to: 2
  3112   001F86  BF03               	btfsc	(___awmod@divisor+1)& (0+255),7,b
  3113   001F88  EFCA  F00F         	goto	u4370
  3114   001F8C  EFC8  F00F         	goto	u4371
  3115   001F90                     u4371:
  3116   001F90  EFCE  F00F         	goto	l4074
  3117   001F94                     u4370:
  3118   001F94                     
  3119                           ; BSR set to: 2
  3120   001F94  6D02               	negf	___awmod@divisor& (0+255),b
  3121   001F96  1F03               	comf	(___awmod@divisor+1)& (0+255),f,b
  3122   001F98  B0D8               	btfsc	status,0,c
  3123   001F9A  2B03               	incf	(___awmod@divisor+1)& (0+255),f,b
  3124   001F9C                     l4074:
  3125                           
  3126                           ; BSR set to: 2
  3127   001F9C  5102               	movf	___awmod@divisor& (0+255),w,b
  3128   001F9E  1103               	iorwf	(___awmod@divisor+1)& (0+255),w,b
  3129   001FA0  B4D8               	btfsc	status,2,c
  3130   001FA2  EFD5  F00F         	goto	u4381
  3131   001FA6  EFD7  F00F         	goto	u4380
  3132   001FAA                     u4381:
  3133   001FAA  EFFB  F00F         	goto	l4090
  3134   001FAE                     u4380:
  3135   001FAE                     
  3136                           ; BSR set to: 2
  3137   001FAE  0E01               	movlw	1
  3138   001FB0  6F04               	movwf	___awmod@counter& (0+255),b
  3139   001FB2  EFDF  F00F         	goto	l4080
  3140   001FB6                     l4078:
  3141                           
  3142                           ; BSR set to: 2
  3143   001FB6  90D8               	bcf	status,0,c
  3144   001FB8  3702               	rlcf	___awmod@divisor& (0+255),f,b
  3145   001FBA  3703               	rlcf	(___awmod@divisor+1)& (0+255),f,b
  3146   001FBC  2B04               	incf	___awmod@counter& (0+255),f,b
  3147   001FBE                     l4080:
  3148                           
  3149                           ; BSR set to: 2
  3150   001FBE  AF03               	btfss	(___awmod@divisor+1)& (0+255),7,b
  3151   001FC0  EFE4  F00F         	goto	u4391
  3152   001FC4  EFE6  F00F         	goto	u4390
  3153   001FC8                     u4391:
  3154   001FC8  EFDB  F00F         	goto	l4078
  3155   001FCC                     u4390:
  3156   001FCC                     l4082:
  3157                           
  3158                           ; BSR set to: 2
  3159   001FCC  5102               	movf	___awmod@divisor& (0+255),w,b
  3160   001FCE  5D00               	subwf	___awmod@dividend& (0+255),w,b
  3161   001FD0  5103               	movf	(___awmod@divisor+1)& (0+255),w,b
  3162   001FD2  5901               	subwfb	(___awmod@dividend+1)& (0+255),w,b
  3163   001FD4  A0D8               	btfss	status,0,c
  3164   001FD6  EFEF  F00F         	goto	u4401
  3165   001FDA  EFF1  F00F         	goto	u4400
  3166   001FDE                     u4401:
  3167   001FDE  EFF5  F00F         	goto	l4086
  3168   001FE2                     u4400:
  3169   001FE2                     
  3170                           ; BSR set to: 2
  3171   001FE2  5102               	movf	___awmod@divisor& (0+255),w,b
  3172   001FE4  5F00               	subwf	___awmod@dividend& (0+255),f,b
  3173   001FE6  5103               	movf	(___awmod@divisor+1)& (0+255),w,b
  3174   001FE8  5B01               	subwfb	(___awmod@dividend+1)& (0+255),f,b
  3175   001FEA                     l4086:
  3176                           
  3177                           ; BSR set to: 2
  3178   001FEA  90D8               	bcf	status,0,c
  3179   001FEC  3303               	rrcf	(___awmod@divisor+1)& (0+255),f,b
  3180   001FEE  3302               	rrcf	___awmod@divisor& (0+255),f,b
  3181   001FF0                     
  3182                           ; BSR set to: 2
  3183   001FF0  2F04               	decfsz	___awmod@counter& (0+255),f,b
  3184   001FF2  EFE6  F00F         	goto	l4082
  3185   001FF6                     l4090:
  3186                           
  3187                           ; BSR set to: 2
  3188   001FF6  5105               	movf	___awmod@sign& (0+255),w,b
  3189   001FF8  B4D8               	btfsc	status,2,c
  3190   001FFA  EF01  F010         	goto	u4411
  3191   001FFE  EF03  F010         	goto	u4410
  3192   002002                     u4411:
  3193   002002  EF07  F010         	goto	l4094
  3194   002006                     u4410:
  3195   002006                     
  3196                           ; BSR set to: 2
  3197   002006  6D00               	negf	___awmod@dividend& (0+255),b
  3198   002008  1F01               	comf	(___awmod@dividend+1)& (0+255),f,b
  3199   00200A  B0D8               	btfsc	status,0,c
  3200   00200C  2B01               	incf	(___awmod@dividend+1)& (0+255),f,b
  3201   00200E                     l4094:
  3202                           
  3203                           ; BSR set to: 2
  3204   00200E  C200  F200         	movff	___awmod@dividend,?___awmod
  3205   002012  C201  F201         	movff	___awmod@dividend+1,?___awmod+1
  3206   002016                     
  3207                           ; BSR set to: 2
  3208   002016  0012               	return		;funcret
  3209   002018                     __end_of___awmod:
  3210                           	callstack 0
  3211                           
  3212 ;; *************** function _os_config *****************
  3213 ;; Defined at:
  3214 ;;		line 66 in file "kernel.c"
  3215 ;; Parameters:    Size  Location     Type
  3216 ;;		None
  3217 ;; Auto vars:     Size  Location     Type
  3218 ;;		None
  3219 ;; Return value:  Size  Location     Type
  3220 ;;                  1    wreg      void 
  3221 ;; Registers used:
  3222 ;;		wreg, fsr1l, fsr1h, fsr2l, fsr2h, status,2, status,0, prodl, prodh, cstack
  3223 ;; Tracked objects:
  3224 ;;		On entry : 0/0
  3225 ;;		On exit  : 0/0
  3226 ;;		Unchanged: 0/0
  3227 ;; Data sizes:     COMRAM   BANK0   BANK1   BANK2   BANK3   BANK4   BANK5   BANK6   BANK7   BANK8   BANK9  BANK10  BANK1
      +1  BANK12  BANK13  BANK14  BANK15
  3228 ;;      Params:         0       0       0       0       0       0       0       0       0       0       0       0       
      +0       0       0       0       0
  3229 ;;      Locals:         0       0       0       0       0       0       0       0       0       0       0       0       
      +0       0       0       0       0
  3230 ;;      Temps:          0       0       0       0       0       0       0       0       0       0       0       0       
      +0       0       0       0       0
  3231 ;;      Totals:         0       0       0       0       0       0       0       0       0       0       0       0       
      +0       0       0       0       0
  3232 ;;Total ram usage:        0 bytes
  3233 ;; Hardware stack levels used: 1
  3234 ;; Hardware stack levels required when called: 13
  3235 ;; This function calls:
  3236 ;;		_config_user
  3237 ;;		_os_create_task
  3238 ;; This function is called by:
  3239 ;;		_main
  3240 ;; This function uses a non-reentrant model
  3241 ;;
  3242                           
  3243                           	psect	text6
  3244   0024DA                     __ptext6:
  3245                           	callstack 0
  3246   0024DA                     _os_config:
  3247                           	callstack 17
  3248   0024DA                     
  3249                           ;kernel.c: 68:     r_queue.size = 0;
  3250   0024DA  0E00               	movlw	0
  3251   0024DC  CFE8 F64E          	movff	wreg,_r_queue+468
  3252                           
  3253                           ;kernel.c: 69:     r_queue.task_running = &r_queue.TASKS[0];
  3254   0024E0  0E7A               	movlw	low _r_queue
  3255   0024E2  CFE8 F64F          	movff	wreg,_r_queue+469
  3256   0024E6  0E04               	movlw	high _r_queue
  3257   0024E8  CFE8 F650          	movff	wreg,_r_queue+470
  3258                           
  3259                           ;kernel.c: 70:     r_queue.pos_task_running = 0;
  3260   0024EC  0E00               	movlw	0
  3261   0024EE  CFE8 F651          	movff	wreg,_r_queue+471
  3262   0024F2                     
  3263                           ;kernel.c: 73:     os_create_task(1, idle, 0);
  3264   0024F2  0EE4               	movlw	low _idle
  3265   0024F4  0102               	movlb	2	; () banked
  3266   0024F6  6F00               	movwf	os_create_task@func& (0+255),b
  3267   0024F8  0E25               	movlw	high _idle
  3268   0024FA  6F01               	movwf	(os_create_task@func+1)& (0+255),b
  3269   0024FC  0E00               	movlw	0
  3270   0024FE  6F02               	movwf	os_create_task@prior& (0+255),b
  3271   002500  0E01               	movlw	1
  3272   002502  EC7B  F011         	call	_os_create_task	;# 
  3273   002506                     
  3274                           ;kernel.c: 76:     config_user();
  3275   002506  ECDE  F012         	call	_config_user	;wreg free
  3276   00250A  0012               	return		;funcret
  3277   00250C                     __end_of_os_config:
  3278                           	callstack 0
  3279                           
  3280 ;; *************** function _os_create_task *****************
  3281 ;; Defined at:
  3282 ;;		line 22 in file "kernel.c"
  3283 ;; Parameters:    Size  Location     Type
  3284 ;;  id              1    wreg     unsigned char 
  3285 ;;  func            2    0[BANK2 ] PTR FTN()void 
  3286 ;;		 -> idle(1), LED_3(1), LED_2(1), LED_1(1), 
  3287 ;;  prior           1    2[BANK2 ] unsigned char 
  3288 ;; Auto vars:     Size  Location     Type
  3289 ;;  id              1    4[BANK2 ] unsigned char 
  3290 ;;  new_task      117    5[BANK2 ] struct tcb
  3291 ;; Return value:  Size  Location     Type
  3292 ;;                  1    wreg      void 
  3293 ;; Registers used:
  3294 ;;		wreg, fsr1l, fsr1h, fsr2l, fsr2h, status,2, status,0, prodl, prodh
  3295 ;; Tracked objects:
  3296 ;;		On entry : 0/0
  3297 ;;		On exit  : 0/0
  3298 ;;		Unchanged: 0/0
  3299 ;; Data sizes:     COMRAM   BANK0   BANK1   BANK2   BANK3   BANK4   BANK5   BANK6   BANK7   BANK8   BANK9  BANK10  BANK1
      +1  BANK12  BANK13  BANK14  BANK15
  3300 ;;      Params:         0       0       0       3       0       0       0       0       0       0       0       0       
      +0       0       0       0       0
  3301 ;;      Locals:         0       0       0     118       0       0       0       0       0       0       0       0       
      +0       0       0       0       0
  3302 ;;      Temps:          0       0       0       1       0       0       0       0       0       0       0       0       
      +0       0       0       0       0
  3303 ;;      Totals:         0       0       0     122       0       0       0       0       0       0       0       0       
      +0       0       0       0       0
  3304 ;;Total ram usage:      122 bytes
  3305 ;; Hardware stack levels used: 1
  3306 ;; Hardware stack levels required when called: 10
  3307 ;; This function calls:
  3308 ;;		Nothing
  3309 ;; This function is called by:
  3310 ;;		_main
  3311 ;;		_os_config
  3312 ;; This function uses a non-reentrant model
  3313 ;;
  3314                           
  3315                           	psect	text7
  3316   0022F6                     __ptext7:
  3317                           	callstack 0
  3318   0022F6                     _os_create_task:
  3319                           	callstack 19
  3320                           
  3321                           ;incstack = 0
  3322                           ;os_create_task@id stored from wreg
  3323   0022F6  0102               	movlb	2	; () banked
  3324   0022F8  6F04               	movwf	os_create_task@id& (0+255),b
  3325   0022FA                     
  3326                           ;kernel.c: 22: void os_create_task(uint8_t id, f_ptr func, uint8_t prior);kernel.c: 23: 
      +                          {;kernel.c: 24:     tcb_t new_task;;kernel.c: 26:     new_task.task_id = id;
  3327   0022FA  C204  F205         	movff	os_create_task@id,os_create_task@new_task
  3328   0022FE                     
  3329                           ;kernel.c: 27:     new_task.task_delay = 0;
  3330   0022FE  0102               	movlb	2	; () banked
  3331   002300  6B09               	clrf	(os_create_task@new_task+4)& (0+255),b
  3332   002302                     
  3333                           ; BSR set to: 2
  3334                           ;kernel.c: 28:     new_task.task_priority = prior;
  3335   002302  C202  F20A         	movff	os_create_task@prior,os_create_task@new_task+5
  3336   002306                     
  3337                           ; BSR set to: 2
  3338                           ;kernel.c: 29:     new_task.task_ptr = func;
  3339   002306  C200  F207         	movff	os_create_task@func,os_create_task@new_task+2
  3340   00230A  C201  F208         	movff	os_create_task@func+1,os_create_task@new_task+3
  3341   00230E                     
  3342                           ; BSR set to: 2
  3343                           ;kernel.c: 30:     new_task.task_state = READY;
  3344   00230E  6B06               	clrf	(os_create_task@new_task+1)& (0+255),b
  3345   002310                     
  3346                           ; BSR set to: 2
  3347                           ;kernel.c: 32:     new_task.BSR_REG = 0;
  3348   002310  6B0D               	clrf	(os_create_task@new_task+8)& (0+255),b
  3349   002312                     
  3350                           ; BSR set to: 2
  3351                           ;kernel.c: 33:     new_task.FSR0H_REG = 0;
  3352   002312  6B11               	clrf	(os_create_task@new_task+12)& (0+255),b
  3353   002314                     
  3354                           ; BSR set to: 2
  3355                           ;kernel.c: 34:     new_task.FSR0L_REG = 0;
  3356   002314  6B10               	clrf	(os_create_task@new_task+11)& (0+255),b
  3357   002316                     
  3358                           ; BSR set to: 2
  3359                           ;kernel.c: 35:     new_task.FSR1H_REG = 0;
  3360   002316  6B13               	clrf	(os_create_task@new_task+14)& (0+255),b
  3361   002318                     
  3362                           ; BSR set to: 2
  3363                           ;kernel.c: 36:     new_task.FSR1L_REG = 0;
  3364   002318  6B12               	clrf	(os_create_task@new_task+13)& (0+255),b
  3365   00231A                     
  3366                           ; BSR set to: 2
  3367                           ;kernel.c: 37:     new_task.FSR2H_REG = 0;
  3368   00231A  6B15               	clrf	(os_create_task@new_task+16)& (0+255),b
  3369   00231C                     
  3370                           ; BSR set to: 2
  3371                           ;kernel.c: 38:     new_task.FSR2L_REG = 0;
  3372   00231C  6B14               	clrf	(os_create_task@new_task+15)& (0+255),b
  3373   00231E                     
  3374                           ; BSR set to: 2
  3375                           ;kernel.c: 39:     new_task.PCLATH_REG = 0;
  3376   00231E  6B1A               	clrf	(os_create_task@new_task+21)& (0+255),b
  3377   002320                     
  3378                           ; BSR set to: 2
  3379                           ;kernel.c: 40:     new_task.PCLATU_REG = 0;
  3380   002320  6B1B               	clrf	(os_create_task@new_task+22)& (0+255),b
  3381   002322                     
  3382                           ; BSR set to: 2
  3383                           ;kernel.c: 41:     new_task.PRODH_REG = 0;
  3384   002322  6B0F               	clrf	(os_create_task@new_task+10)& (0+255),b
  3385   002324                     
  3386                           ; BSR set to: 2
  3387                           ;kernel.c: 42:     new_task.PRODL_REG = 0;
  3388   002324  6B0E               	clrf	(os_create_task@new_task+9)& (0+255),b
  3389   002326                     
  3390                           ; BSR set to: 2
  3391                           ;kernel.c: 43:     new_task.STATUS_REG = 0;
  3392   002326  6B0C               	clrf	(os_create_task@new_task+7)& (0+255),b
  3393   002328                     
  3394                           ; BSR set to: 2
  3395                           ;kernel.c: 44:     new_task.TABLAT_REG = 0;
  3396   002328  6B16               	clrf	(os_create_task@new_task+17)& (0+255),b
  3397   00232A                     
  3398                           ; BSR set to: 2
  3399                           ;kernel.c: 45:     new_task.TBLPTRH_REG = 0;
  3400   00232A  6B18               	clrf	(os_create_task@new_task+19)& (0+255),b
  3401   00232C                     
  3402                           ; BSR set to: 2
  3403                           ;kernel.c: 46:     new_task.TBLPTRL_REG = 0;
  3404   00232C  6B17               	clrf	(os_create_task@new_task+18)& (0+255),b
  3405   00232E                     
  3406                           ; BSR set to: 2
  3407                           ;kernel.c: 47:     new_task.TBLPTRU_REG = 0;
  3408   00232E  6B19               	clrf	(os_create_task@new_task+20)& (0+255),b
  3409   002330                     
  3410                           ; BSR set to: 2
  3411                           ;kernel.c: 48:     new_task.W_REG = 0;
  3412   002330  6B0B               	clrf	(os_create_task@new_task+6)& (0+255),b
  3413   002332                     
  3414                           ; BSR set to: 2
  3415                           ;kernel.c: 49:     new_task.task_stack.stack_size = 0;
  3416   002332  6B79               	clrf	(os_create_task@new_task+116)& (0+255),b
  3417   002334                     
  3418                           ; BSR set to: 2
  3419                           ;kernel.c: 52:     r_queue.TASKS[r_queue.size++] = new_task;
  3420   002334  EE22  F005         	lfsr	2,os_create_task@new_task
  3421   002338  C64E  F203         	movff	_r_queue+468,??_os_create_task
  3422   00233C  5103               	movf	??_os_create_task& (0+255),w,b
  3423   00233E  0D75               	mullw	117
  3424   002340  0E7A               	movlw	low _r_queue
  3425   002342  24F3               	addwf	243,w,c
  3426   002344  6EE1               	movwf	fsr1l,c
  3427   002346  0E04               	movlw	high _r_queue
  3428   002348  20F4               	addwfc	prodh,w,c
  3429   00234A  6EE2               	movwf	fsr1h,c
  3430   00234C  0E74               	movlw	116
  3431   00234E                     u4541:
  3432   00234E  CFDB FFE3          	movff	plusw2,plusw1
  3433   002352  06E8               	decf	wreg,f,c
  3434   002354  E2FC               	bc	u4541
  3435   002356                     
  3436                           ; BSR set to: 2
  3437   002356  C64E  FFE8         	movff	_r_queue+468,wreg
  3438   00235A  0F01               	addlw	1
  3439   00235C  CFE8 F64E          	movff	wreg,_r_queue+468
  3440   002360                     
  3441                           ; BSR set to: 2
  3442   002360  0012               	return		;funcret
  3443   002362                     __end_of_os_create_task:
  3444                           	callstack 0
  3445                           
  3446 ;; *************** function _config_user *****************
  3447 ;; Defined at:
  3448 ;;		line 10 in file "user.c"
  3449 ;; Parameters:    Size  Location     Type
  3450 ;;		None
  3451 ;; Auto vars:     Size  Location     Type
  3452 ;;		None
  3453 ;; Return value:  Size  Location     Type
  3454 ;;                  1    wreg      void 
  3455 ;; Registers used:
  3456 ;;		wreg, fsr2l, fsr2h, status,2, status,0, cstack
  3457 ;; Tracked objects:
  3458 ;;		On entry : 0/0
  3459 ;;		On exit  : 0/0
  3460 ;;		Unchanged: 0/0
  3461 ;; Data sizes:     COMRAM   BANK0   BANK1   BANK2   BANK3   BANK4   BANK5   BANK6   BANK7   BANK8   BANK9  BANK10  BANK1
      +1  BANK12  BANK13  BANK14  BANK15
  3462 ;;      Params:         0       0       0       0       0       0       0       0       0       0       0       0       
      +0       0       0       0       0
  3463 ;;      Locals:         0       0       0       0       0       0       0       0       0       0       0       0       
      +0       0       0       0       0
  3464 ;;      Temps:          0       0       0       0       0       0       0       0       0       0       0       0       
      +0       0       0       0       0
  3465 ;;      Totals:         0       0       0       0       0       0       0       0       0       0       0       0       
      +0       0       0       0       0
  3466 ;;Total ram usage:        0 bytes
  3467 ;; Hardware stack levels used: 1
  3468 ;; Hardware stack levels required when called: 12
  3469 ;; This function calls:
  3470 ;;		_pipe_init
  3471 ;;		_sem_init
  3472 ;; This function is called by:
  3473 ;;		_os_config
  3474 ;; This function uses a non-reentrant model
  3475 ;;
  3476                           
  3477                           	psect	text8
  3478   0025BC                     __ptext8:
  3479                           	callstack 0
  3480   0025BC                     _config_user:
  3481                           	callstack 17
  3482   0025BC                     
  3483                           ;user.c: 12:     TRISCbits.RC6 = 0;
  3484   0025BC  9C94               	bcf	148,6,c	;volatile
  3485                           
  3486                           ;user.c: 13:     TRISCbits.RC7 = 0;
  3487   0025BE  9E94               	bcf	148,7,c	;volatile
  3488                           
  3489                           ;user.c: 14:     TRISDbits.RD0 = 0;
  3490   0025C0  9095               	bcf	149,0,c	;volatile
  3491                           
  3492                           ;user.c: 15:     ANSELDbits.ANSD0 = 0;
  3493   0025C2  010F               	movlb	15	; () banked
  3494   0025C4  913B               	bcf	59,0,b	;volatile
  3495                           
  3496                           ;user.c: 16:     ANSELCbits.ANSC6 = 0;
  3497   0025C6  9D3A               	bcf	58,6,b	;volatile
  3498                           
  3499                           ;user.c: 17:     ANSELCbits.ANSC7 = 0;
  3500   0025C8  9F3A               	bcf	58,7,b	;# 
  3501   0025CA                     
  3502                           ;user.c: 21:     sem_init(&s, 0);
  3503   0025CA  0E21               	movlw	low _s
  3504   0025CC  0102               	movlb	2	; () banked
  3505   0025CE  6F00               	movwf	sem_init@sem& (0+255),b
  3506   0025D0  0E00               	movlw	0
  3507   0025D2  6F01               	movwf	sem_init@valor& (0+255),b
  3508   0025D4  EC86  F012         	call	_sem_init	;wreg free
  3509                           
  3510                           ;user.c: 22:     pipe_init(&p);
  3511   0025D8  0E60               	movlw	low _p
  3512   0025DA  0102               	movlb	2	; () banked
  3513   0025DC  6F04               	movwf	pipe_init@p& (0+255),b
  3514   0025DE  EC50  F012         	call	_pipe_init	;wreg free
  3515   0025E2  0012               	return		;funcret
  3516   0025E4                     __end_of_config_user:
  3517                           	callstack 0
  3518                           
  3519 ;; *************** function _pipe_init *****************
  3520 ;; Defined at:
  3521 ;;		line 3 in file "com.c"
  3522 ;; Parameters:    Size  Location     Type
  3523 ;;  p               1    4[BANK2 ] PTR struct pipe
  3524 ;;		 -> p(20), 
  3525 ;; Auto vars:     Size  Location     Type
  3526 ;;		None
  3527 ;; Return value:  Size  Location     Type
  3528 ;;                  1    wreg      void 
  3529 ;; Registers used:
  3530 ;;		wreg, fsr2l, fsr2h, status,2, status,0, cstack
  3531 ;; Tracked objects:
  3532 ;;		On entry : 0/0
  3533 ;;		On exit  : 0/0
  3534 ;;		Unchanged: 0/0
  3535 ;; Data sizes:     COMRAM   BANK0   BANK1   BANK2   BANK3   BANK4   BANK5   BANK6   BANK7   BANK8   BANK9  BANK10  BANK1
      +1  BANK12  BANK13  BANK14  BANK15
  3536 ;;      Params:         0       0       0       1       0       0       0       0       0       0       0       0       
      +0       0       0       0       0
  3537 ;;      Locals:         0       0       0       0       0       0       0       0       0       0       0       0       
      +0       0       0       0       0
  3538 ;;      Temps:          0       0       0       0       0       0       0       0       0       0       0       0       
      +0       0       0       0       0
  3539 ;;      Totals:         0       0       0       1       0       0       0       0       0       0       0       0       
      +0       0       0       0       0
  3540 ;;Total ram usage:        1 bytes
  3541 ;; Hardware stack levels used: 1
  3542 ;; Hardware stack levels required when called: 11
  3543 ;; This function calls:
  3544 ;;		_sem_init
  3545 ;; This function is called by:
  3546 ;;		_config_user
  3547 ;; This function uses a non-reentrant model
  3548 ;;
  3549                           
  3550                           	psect	text9
  3551   0024A0                     __ptext9:
  3552                           	callstack 0
  3553   0024A0                     _pipe_init:
  3554                           	callstack 17
  3555   0024A0                     
  3556                           ;com.c: 3: void pipe_init(pipe_t *p);com.c: 4: {;com.c: 5:     p->pos_input = 0;
  3557   0024A0  0102               	movlb	2	; () banked
  3558   0024A2  5104               	movf	pipe_init@p& (0+255),w,b
  3559   0024A4  6ED9               	movwf	fsr2l,c
  3560   0024A6  6ADA               	clrf	fsr2h,c
  3561   0024A8  0E04               	movlw	4
  3562   0024AA  26D9               	addwf	fsr2l,f,c
  3563   0024AC  6ADF               	clrf	indf2,c
  3564                           
  3565                           ;com.c: 6:     p->pos_output = 0;
  3566   0024AE  5104               	movf	pipe_init@p& (0+255),w,b
  3567   0024B0  6ED9               	movwf	fsr2l,c
  3568   0024B2  6ADA               	clrf	fsr2h,c
  3569   0024B4  0E05               	movlw	5
  3570   0024B6  26D9               	addwf	fsr2l,f,c
  3571   0024B8  6ADF               	clrf	indf2,c
  3572   0024BA                     
  3573                           ; BSR set to: 2
  3574                           ;com.c: 7:     sem_init(&p->s_input, 4);
  3575   0024BA  5104               	movf	pipe_init@p& (0+255),w,b
  3576   0024BC  0F06               	addlw	6
  3577   0024BE  6F00               	movwf	sem_init@sem& (0+255),b
  3578   0024C0  0E04               	movlw	4
  3579   0024C2  6F01               	movwf	sem_init@valor& (0+255),b
  3580   0024C4  EC86  F012         	call	_sem_init	;wreg free
  3581   0024C8                     
  3582                           ;com.c: 8:     sem_init(&p->s_output, 0);
  3583   0024C8  0102               	movlb	2	; () banked
  3584   0024CA  5104               	movf	pipe_init@p& (0+255),w,b
  3585   0024CC  0F0D               	addlw	13
  3586   0024CE  6F00               	movwf	sem_init@sem& (0+255),b
  3587   0024D0  0E00               	movlw	0
  3588   0024D2  6F01               	movwf	sem_init@valor& (0+255),b
  3589   0024D4  EC86  F012         	call	_sem_init	;wreg free
  3590   0024D8  0012               	return		;funcret
  3591   0024DA                     __end_of_pipe_init:
  3592                           	callstack 0
  3593                           
  3594 ;; *************** function _sem_init *****************
  3595 ;; Defined at:
  3596 ;;		line 9 in file "sync.c"
  3597 ;; Parameters:    Size  Location     Type
  3598 ;;  sem             1    0[BANK2 ] PTR struct sem
  3599 ;;		 -> p(20), s(7), 
  3600 ;;  valor           1    1[BANK2 ] unsigned char 
  3601 ;; Auto vars:     Size  Location     Type
  3602 ;;		None
  3603 ;; Return value:  Size  Location     Type
  3604 ;;                  1    wreg      void 
  3605 ;; Registers used:
  3606 ;;		wreg, fsr2l, fsr2h, status,2, status,0
  3607 ;; Tracked objects:
  3608 ;;		On entry : 0/0
  3609 ;;		On exit  : 0/0
  3610 ;;		Unchanged: 0/0
  3611 ;; Data sizes:     COMRAM   BANK0   BANK1   BANK2   BANK3   BANK4   BANK5   BANK6   BANK7   BANK8   BANK9  BANK10  BANK1
      +1  BANK12  BANK13  BANK14  BANK15
  3612 ;;      Params:         0       0       0       2       0       0       0       0       0       0       0       0       
      +0       0       0       0       0
  3613 ;;      Locals:         0       0       0       0       0       0       0       0       0       0       0       0       
      +0       0       0       0       0
  3614 ;;      Temps:          0       0       0       2       0       0       0       0       0       0       0       0       
      +0       0       0       0       0
  3615 ;;      Totals:         0       0       0       4       0       0       0       0       0       0       0       0       
      +0       0       0       0       0
  3616 ;;Total ram usage:        4 bytes
  3617 ;; Hardware stack levels used: 1
  3618 ;; Hardware stack levels required when called: 10
  3619 ;; This function calls:
  3620 ;;		Nothing
  3621 ;; This function is called by:
  3622 ;;		_pipe_init
  3623 ;;		_config_user
  3624 ;; This function uses a non-reentrant model
  3625 ;;
  3626                           
  3627                           	psect	text10
  3628   00250C                     __ptext10:
  3629                           	callstack 0
  3630   00250C                     _sem_init:
  3631                           	callstack 17
  3632   00250C                     
  3633                           ;sync.c: 9: void sem_init(sem_t *sem, uint8_t valor);sync.c: 10: {;sync.c: 11:     sem->
      +                          contador = valor;
  3634   00250C  0102               	movlb	2	; () banked
  3635   00250E  5101               	movf	sem_init@valor& (0+255),w,b
  3636   002510  6F02               	movwf	??_sem_init& (0+255),b
  3637   002512  6B03               	clrf	(??_sem_init+1)& (0+255),b
  3638   002514  5100               	movf	sem_init@sem& (0+255),w,b
  3639   002516  6ED9               	movwf	fsr2l,c
  3640   002518  6ADA               	clrf	fsr2h,c
  3641   00251A  C202  FFDE         	movff	??_sem_init,postinc2
  3642   00251E  C203  FFDD         	movff	??_sem_init+1,postdec2
  3643   002522                     
  3644                           ; BSR set to: 2
  3645                           ;sync.c: 12:     sem->pos_input = 0;
  3646   002522  5100               	movf	sem_init@sem& (0+255),w,b
  3647   002524  6ED9               	movwf	fsr2l,c
  3648   002526  6ADA               	clrf	fsr2h,c
  3649   002528  0E05               	movlw	5
  3650   00252A  26D9               	addwf	fsr2l,f,c
  3651   00252C  6ADF               	clrf	indf2,c
  3652   00252E                     
  3653                           ; BSR set to: 2
  3654                           ;sync.c: 13:     sem->pos_output = 0;
  3655   00252E  5100               	movf	sem_init@sem& (0+255),w,b
  3656   002530  6ED9               	movwf	fsr2l,c
  3657   002532  6ADA               	clrf	fsr2h,c
  3658   002534  0E06               	movlw	6
  3659   002536  26D9               	addwf	fsr2l,f,c
  3660   002538  6ADF               	clrf	indf2,c
  3661   00253A                     
  3662                           ; BSR set to: 2
  3663   00253A  0012               	return		;funcret
  3664   00253C                     __end_of_sem_init:
  3665                           	callstack 0
  3666                           
  3667 ;; *************** function _idle *****************
  3668 ;; Defined at:
  3669 ;;		line 104 in file "kernel.c"
  3670 ;; Parameters:    Size  Location     Type
  3671 ;;		None
  3672 ;; Auto vars:     Size  Location     Type
  3673 ;;		None
  3674 ;; Return value:  Size  Location     Type
  3675 ;;                  1    wreg      void 
  3676 ;; Registers used:
  3677 ;;		wreg, status,2, status,0
  3678 ;; Tracked objects:
  3679 ;;		On entry : 0/0
  3680 ;;		On exit  : 0/0
  3681 ;;		Unchanged: 0/0
  3682 ;; Data sizes:     COMRAM   BANK0   BANK1   BANK2   BANK3   BANK4   BANK5   BANK6   BANK7   BANK8   BANK9  BANK10  BANK1
      +1  BANK12  BANK13  BANK14  BANK15
  3683 ;;      Params:         0       0       0       0       0       0       0       0       0       0       0       0       
      +0       0       0       0       0
  3684 ;;      Locals:         0       0       0       0       0       0       0       0       0       0       0       0       
      +0       0       0       0       0
  3685 ;;      Temps:          1       0       0       0       0       0       0       0       0       0       0       0       
      +0       0       0       0       0
  3686 ;;      Totals:         1       0       0       0       0       0       0       0       0       0       0       0       
      +0       0       0       0       0
  3687 ;;Total ram usage:        1 bytes
  3688 ;; Hardware stack levels used: 1
  3689 ;; Hardware stack levels required when called: 4
  3690 ;; This function calls:
  3691 ;;		Nothing
  3692 ;; This function is called by:
  3693 ;;		_os_config
  3694 ;;		_rr_priority_scheduler
  3695 ;;		i1_rr_priority_scheduler
  3696 ;;		i2_rr_priority_scheduler
  3697 ;;		_RR_scheduler
  3698 ;; This function uses a non-reentrant model
  3699 ;;
  3700                           
  3701                           	psect	text11
  3702   0025E4                     __ptext11:
  3703                           	callstack 0
  3704   0025E4                     _idle:
  3705                           	callstack 22
  3706   0025E4                     
  3707                           ;kernel.c: 106:     TRISCbits.RC0 = 0;
  3708   0025E4  9094               	bcf	148,0,c	;volatile
  3709   0025E6                     l1846:
  3710                           
  3711                           ;kernel.c: 109:         PORTCbits.RC0 = ~PORTCbits.RC0;
  3712   0025E6  B082               	btfsc	130,0,c	;volatile
  3713   0025E8  EFF8  F012         	goto	u87_21
  3714   0025EC  EFFB  F012         	goto	u87_20
  3715   0025F0                     u87_21:
  3716   0025F0  0E01               	movlw	1
  3717   0025F2  EFFC  F012         	goto	u87_26
  3718   0025F6                     u87_20:
  3719   0025F6  0E00               	movlw	0
  3720   0025F8                     u87_26:
  3721   0025F8  0AFF               	xorlw	255
  3722   0025FA  6E02               	movwf	??_idle^0,c
  3723   0025FC  5082               	movf	130,w,c	;volatile
  3724   0025FE  1802               	xorwf	??_idle^0,w,c
  3725   002600  0BFE               	andlw	-2
  3726   002602  1802               	xorwf	??_idle^0,w,c
  3727   002604  6E82               	movwf	130,c	;volatile
  3728   002606  EFF3  F012         	goto	l1846
  3729   00260A  0012               	return		;funcret
  3730   00260C                     __end_of_idle:
  3731                           	callstack 0
  3732                           
  3733 ;; *************** function _LED_1 *****************
  3734 ;; Defined at:
  3735 ;;		line 46 in file "user.c"
  3736 ;; Parameters:    Size  Location     Type
  3737 ;;		None
  3738 ;; Auto vars:     Size  Location     Type
  3739 ;;  acionamento     6   93[BANK1 ] unsigned char [6]
  3740 ;;  pos             1   99[BANK1 ] unsigned char 
  3741 ;; Return value:  Size  Location     Type
  3742 ;;                  1    wreg      void 
  3743 ;; Registers used:
  3744 ;;		wreg, fsr1l, fsr1h, fsr2l, fsr2h, status,2, status,0, prodl, prodh, cstack
  3745 ;; Tracked objects:
  3746 ;;		On entry : 0/0
  3747 ;;		On exit  : 0/0
  3748 ;;		Unchanged: 0/0
  3749 ;; Data sizes:     COMRAM   BANK0   BANK1   BANK2   BANK3   BANK4   BANK5   BANK6   BANK7   BANK8   BANK9  BANK10  BANK1
      +1  BANK12  BANK13  BANK14  BANK15
  3750 ;;      Params:         0       0       0       0       0       0       0       0       0       0       0       0       
      +0       0       0       0       0
  3751 ;;      Locals:         0       0       7       0       0       0       0       0       0       0       0       0       
      +0       0       0       0       0
  3752 ;;      Temps:          0       0       1       0       0       0       0       0       0       0       0       0       
      +0       0       0       0       0
  3753 ;;      Totals:         0       0       8       0       0       0       0       0       0       0       0       0       
      +0       0       0       0       0
  3754 ;;Total ram usage:        8 bytes
  3755 ;; Hardware stack levels used: 1
  3756 ;; Hardware stack levels required when called: 9
  3757 ;; This function calls:
  3758 ;;		_pipe_write
  3759 ;;		i1___awmod
  3760 ;; This function is called by:
  3761 ;;		_main
  3762 ;; This function uses a non-reentrant model
  3763 ;;
  3764                           
  3765                           	psect	text12
  3766   002212                     __ptext12:
  3767                           	callstack 0
  3768   002212                     _LED_1:
  3769                           	callstack 17
  3770   002212                     
  3771                           ;user.c: 49:     char acionamento[] = {'L', 'L', 'D', 'L', 'D', 'D'};
  3772   002212  EE20  F074         	lfsr	2,LED_1@F6266
  3773   002216  EE11  F05D         	lfsr	1,LED_1@acionamento
  3774   00221A  0E05               	movlw	5
  3775   00221C                     u431_21:
  3776   00221C  CFDB FFE3          	movff	plusw2,plusw1
  3777   002220  06E8               	decf	wreg,f,c
  3778   002222  E2FC               	bc	u431_21
  3779   002224                     
  3780                           ;user.c: 50:     uint8_t pos = 0;
  3781   002224  0101               	movlb	1	; () banked
  3782   002226  6B63               	clrf	LED_1@pos& (0+255),b
  3783   002228                     l4038:
  3784                           
  3785                           ; BSR set to: 1
  3786                           ;user.c: 52:         PORTCbits.RC6 = ~PORTCbits.RC6;
  3787   002228  BC82               	btfsc	130,6,c	;volatile
  3788   00222A  EF19  F011         	goto	u432_21
  3789   00222E  EF1C  F011         	goto	u432_20
  3790   002232                     u432_21:
  3791   002232  0E01               	movlw	1
  3792   002234  EF1D  F011         	goto	u432_26
  3793   002238                     u432_20:
  3794   002238  0E00               	movlw	0
  3795   00223A                     u432_26:
  3796   00223A  0AFF               	xorlw	255
  3797   00223C  6F5C               	movwf	??_LED_1& (0+255),b
  3798   00223E  3B5C               	swapf	??_LED_1& (0+255),f,b
  3799   002240  475C               	rlncf	??_LED_1& (0+255),f,b
  3800   002242  475C               	rlncf	??_LED_1& (0+255),f,b
  3801   002244  5082               	movf	130,w,c	;volatile
  3802   002246  195C               	xorwf	??_LED_1& (0+255),w,b
  3803   002248  0BBF               	andlw	-65
  3804   00224A  195C               	xorwf	??_LED_1& (0+255),w,b
  3805   00224C  6E82               	movwf	130,c	;volatile
  3806   00224E                     
  3807                           ; BSR set to: 1
  3808                           ;user.c: 53:         pipe_write(&p, acionamento[pos]);
  3809   00224E  0E60               	movlw	low _p
  3810   002250  6F59               	movwf	pipe_write@p& (0+255),b
  3811   002252  0E5D               	movlw	low LED_1@acionamento
  3812   002254  2563               	addwf	LED_1@pos& (0+255),w,b
  3813   002256  6ED9               	movwf	fsr2l,c
  3814   002258  6ADA               	clrf	fsr2h,c
  3815   00225A  0E01               	movlw	high LED_1@acionamento
  3816   00225C  22DA               	addwfc	fsr2h,f,c
  3817   00225E  50DF               	movf	indf2,w,c
  3818   002260  6F5A               	movwf	pipe_write@dado& (0+255),b
  3819   002262  ECDE  F011         	call	_pipe_write	;wreg free
  3820   002266                     
  3821                           ;user.c: 54:         pos = (pos + 1) % 6;
  3822   002266  0E01               	movlw	1
  3823   002268  0101               	movlb	1	; () banked
  3824   00226A  2563               	addwf	LED_1@pos& (0+255),w,b
  3825   00226C  6F65               	movwf	i1___awmod@dividend& (0+255),b
  3826   00226E  6B66               	clrf	(i1___awmod@dividend+1)& (0+255),b
  3827   002270  0E00               	movlw	0
  3828   002272  2366               	addwfc	(i1___awmod@dividend+1)& (0+255),f,b
  3829   002274  6B68               	clrf	(i1___awmod@divisor+1)& (0+255),b
  3830   002276  0E06               	movlw	6
  3831   002278  6F67               	movwf	i1___awmod@divisor& (0+255),b
  3832   00227A  EC0C  F010         	call	i1___awmod	;wreg free
  3833   00227E  0101               	movlb	1	; () banked
  3834   002280  5165               	movf	?i1___awmod& (0+255),w,b
  3835   002282  6F63               	movwf	LED_1@pos& (0+255),b
  3836   002284  EF14  F011         	goto	l4038
  3837   002288  0012               	return		;funcret
  3838   00228A                     __end_of_LED_1:
  3839                           	callstack 0
  3840                           
  3841 ;; *************** function _pipe_write *****************
  3842 ;; Defined at:
  3843 ;;		line 11 in file "com.c"
  3844 ;; Parameters:    Size  Location     Type
  3845 ;;  p               1   89[BANK1 ] PTR struct pipe
  3846 ;;		 -> p(20), 
  3847 ;;  dado            1   90[BANK1 ] unsigned char 
  3848 ;; Auto vars:     Size  Location     Type
  3849 ;;		None
  3850 ;; Return value:  Size  Location     Type
  3851 ;;                  1    wreg      void 
  3852 ;; Registers used:
  3853 ;;		wreg, fsr1l, fsr1h, fsr2l, fsr2h, status,2, status,0, prodl, prodh, cstack
  3854 ;; Tracked objects:
  3855 ;;		On entry : 0/0
  3856 ;;		On exit  : 0/0
  3857 ;;		Unchanged: 0/0
  3858 ;; Data sizes:     COMRAM   BANK0   BANK1   BANK2   BANK3   BANK4   BANK5   BANK6   BANK7   BANK8   BANK9  BANK10  BANK1
      +1  BANK12  BANK13  BANK14  BANK15
  3859 ;;      Params:         0       0       2       0       0       0       0       0       0       0       0       0       
      +0       0       0       0       0
  3860 ;;      Locals:         0       0       0       0       0       0       0       0       0       0       0       0       
      +0       0       0       0       0
  3861 ;;      Temps:          0       0       1       0       0       0       0       0       0       0       0       0       
      +0       0       0       0       0
  3862 ;;      Totals:         0       0       3       0       0       0       0       0       0       0       0       0       
      +0       0       0       0       0
  3863 ;;Total ram usage:        3 bytes
  3864 ;; Hardware stack levels used: 1
  3865 ;; Hardware stack levels required when called: 8
  3866 ;; This function calls:
  3867 ;;		_sem_post
  3868 ;;		_sem_wait
  3869 ;; This function is called by:
  3870 ;;		_LED_1
  3871 ;; This function uses a non-reentrant model
  3872 ;;
  3873                           
  3874                           	psect	text13
  3875   0023BC                     __ptext13:
  3876                           	callstack 0
  3877   0023BC                     _pipe_write:
  3878                           	callstack 17
  3879   0023BC                     
  3880                           ;com.c: 11: void pipe_write(pipe_t *p, char dado);com.c: 12: {;com.c: 13:     sem_wait(&
      +                          p->s_input);
  3881   0023BC  0101               	movlb	1	; () banked
  3882   0023BE  5159               	movf	pipe_write@p& (0+255),w,b
  3883   0023C0  0F06               	addlw	6
  3884   0023C2  6F75               	movwf	sem_wait@sem& (0+255),b
  3885   0023C4  EC01  F008         	call	_sem_wait	;wreg free
  3886   0023C8                     
  3887                           ;com.c: 14:     p->fila_dados[p->pos_input] = dado;
  3888   0023C8  0101               	movlb	1	; () banked
  3889   0023CA  5159               	movf	pipe_write@p& (0+255),w,b
  3890   0023CC  6ED9               	movwf	fsr2l,c
  3891   0023CE  6ADA               	clrf	fsr2h,c
  3892   0023D0  0E04               	movlw	4
  3893   0023D2  26D9               	addwf	fsr2l,f,c
  3894   0023D4  50DF               	movf	indf2,w,c
  3895   0023D6  6F5B               	movwf	??_pipe_write& (0+255),b
  3896   0023D8  5159               	movf	pipe_write@p& (0+255),w,b
  3897   0023DA  255B               	addwf	??_pipe_write& (0+255),w,b
  3898   0023DC  6ED9               	movwf	fsr2l,c
  3899   0023DE  6ADA               	clrf	fsr2h,c
  3900   0023E0  C15A  FFDF         	movff	pipe_write@dado,indf2
  3901   0023E4                     
  3902                           ; BSR set to: 1
  3903                           ;com.c: 15:     p->pos_input = (p->pos_input + 1) % 4;
  3904   0023E4  5159               	movf	pipe_write@p& (0+255),w,b
  3905   0023E6  6ED9               	movwf	fsr2l,c
  3906   0023E8  6ADA               	clrf	fsr2h,c
  3907   0023EA  0E04               	movlw	4
  3908   0023EC  26D9               	addwf	fsr2l,f,c
  3909   0023EE  5159               	movf	pipe_write@p& (0+255),w,b
  3910   0023F0  6EE1               	movwf	fsr1l,c
  3911   0023F2  6AE2               	clrf	fsr1h,c
  3912   0023F4  0E04               	movlw	4
  3913   0023F6  26E1               	addwf	fsr1l,f,c
  3914   0023F8  50E7               	movf	indf1,w,c
  3915   0023FA  6F5B               	movwf	??_pipe_write& (0+255),b
  3916   0023FC  295B               	incf	??_pipe_write& (0+255),w,b
  3917   0023FE  0B03               	andlw	3
  3918   002400  6EDF               	movwf	indf2,c
  3919   002402                     
  3920                           ; BSR set to: 1
  3921                           ;com.c: 16:     sem_post(&p->s_output);
  3922   002402  5159               	movf	pipe_write@p& (0+255),w,b
  3923   002404  0F0D               	addlw	13
  3924   002406  6F6B               	movwf	sem_post@sem& (0+255),b
  3925   002408  ECBB  F010         	call	_sem_post	;wreg free
  3926   00240C  0012               	return		;funcret
  3927   00240E                     __end_of_pipe_write:
  3928                           	callstack 0
  3929                           
  3930 ;; *************** function _sem_wait *****************
  3931 ;; Defined at:
  3932 ;;		line 16 in file "sync.c"
  3933 ;; Parameters:    Size  Location     Type
  3934 ;;  sem             1  117[BANK1 ] PTR struct sem
  3935 ;;		 -> p(20), 
  3936 ;; Auto vars:     Size  Location     Type
  3937 ;;		None
  3938 ;; Return value:  Size  Location     Type
  3939 ;;                  1    wreg      void 
  3940 ;; Registers used:
  3941 ;;		wreg, fsr1l, fsr1h, fsr2l, fsr2h, status,2, status,0, prodl, prodh, cstack
  3942 ;; Tracked objects:
  3943 ;;		On entry : 0/0
  3944 ;;		On exit  : 0/0
  3945 ;;		Unchanged: 0/0
  3946 ;; Data sizes:     COMRAM   BANK0   BANK1   BANK2   BANK3   BANK4   BANK5   BANK6   BANK7   BANK8   BANK9  BANK10  BANK1
      +1  BANK12  BANK13  BANK14  BANK15
  3947 ;;      Params:         0       0       1       0       0       0       0       0       0       0       0       0       
      +0       0       0       0       0
  3948 ;;      Locals:         0       0       0       0       0       0       0       0       0       0       0       0       
      +0       0       0       0       0
  3949 ;;      Temps:          0       0       7       0       0       0       0       0       0       0       0       0       
      +0       0       0       0       0
  3950 ;;      Totals:         0       0       8       0       0       0       0       0       0       0       0       0       
      +0       0       0       0       0
  3951 ;;Total ram usage:        8 bytes
  3952 ;; Hardware stack levels used: 1
  3953 ;; Hardware stack levels required when called: 7
  3954 ;; This function calls:
  3955 ;;		i1___awmod
  3956 ;;		i1_scheduler
  3957 ;; This function is called by:
  3958 ;;		_pipe_write
  3959 ;;		_pipe_read
  3960 ;; This function uses a non-reentrant model
  3961 ;;
  3962                           
  3963                           	psect	text14
  3964   001002                     __ptext14:
  3965                           	callstack 0
  3966   001002                     _sem_wait:
  3967                           	callstack 17
  3968   001002                     
  3969                           ;sync.c: 16: void sem_wait(sem_t *sem);sync.c: 17: {;sync.c: 18:     INTCONbits.GIE = 0;
      +                          ;
  3970   001002  9EF2               	bcf	242,7,c	;volatile
  3971   001004                     
  3972                           ;sync.c: 20:     sem->contador--;
  3973   001004  0101               	movlb	1	; () banked
  3974   001006  5175               	movf	sem_wait@sem& (0+255),w,b
  3975   001008  6ED9               	movwf	fsr2l,c
  3976   00100A  6ADA               	clrf	fsr2h,c
  3977   00100C  06DE               	decf	postinc2,f,c
  3978   00100E  0E00               	movlw	0
  3979   001010  5ADD               	subwfb	postdec2,f,c
  3980                           
  3981                           ;sync.c: 21:     if (sem->contador < 0) {
  3982   001012  5175               	movf	sem_wait@sem& (0+255),w,b
  3983   001014  6ED9               	movwf	fsr2l,c
  3984   001016  6ADA               	clrf	fsr2h,c
  3985   001018  0E01               	movlw	1
  3986   00101A  BEDB               	btfsc	plusw2,7,c
  3987   00101C  EF14  F008         	goto	i1u423_20
  3988   001020  EF12  F008         	goto	i1u423_21
  3989   001024                     i1u423_21:
  3990   001024  EF37  F00B         	goto	i1l4006
  3991   001028                     i1u423_20:
  3992   001028                     
  3993                           ; BSR set to: 1
  3994                           ;sync.c: 22:         sem->fila[sem->pos_input] = r_queue.pos_task_running;
  3995   001028  EE26  F051         	lfsr	2,_r_queue+471
  3996   00102C  5175               	movf	sem_wait@sem& (0+255),w,b
  3997   00102E  6EE1               	movwf	fsr1l,c
  3998   001030  6AE2               	clrf	fsr1h,c
  3999   001032  0E05               	movlw	5
  4000   001034  26E1               	addwf	fsr1l,f,c
  4001   001036  50E7               	movf	indf1,w,c
  4002   001038  6F76               	movwf	??_sem_wait& (0+255),b
  4003   00103A  5175               	movf	sem_wait@sem& (0+255),w,b
  4004   00103C  2576               	addwf	??_sem_wait& (0+255),w,b
  4005   00103E  6EE1               	movwf	fsr1l,c
  4006   001040  6AE2               	clrf	fsr1h,c
  4007   001042  0E02               	movlw	2
  4008   001044  26E1               	addwf	fsr1l,f,c
  4009   001046  CFDF FFE7          	movff	indf2,indf1
  4010   00104A                     
  4011                           ; BSR set to: 1
  4012                           ;sync.c: 23:         sem->pos_input = (sem->pos_input + 1) % 3;
  4013   00104A  5175               	movf	sem_wait@sem& (0+255),w,b
  4014   00104C  6ED9               	movwf	fsr2l,c
  4015   00104E  6ADA               	clrf	fsr2h,c
  4016   001050  0E05               	movlw	5
  4017   001052  26D9               	addwf	fsr2l,f,c
  4018   001054  5175               	movf	sem_wait@sem& (0+255),w,b
  4019   001056  6EE1               	movwf	fsr1l,c
  4020   001058  6AE2               	clrf	fsr1h,c
  4021   00105A  0E05               	movlw	5
  4022   00105C  26E1               	addwf	fsr1l,f,c
  4023   00105E  50E7               	movf	indf1,w,c
  4024   001060  6F76               	movwf	??_sem_wait& (0+255),b
  4025   001062  0E01               	movlw	1
  4026   001064  2576               	addwf	??_sem_wait& (0+255),w,b
  4027   001066  6F65               	movwf	i1___awmod@dividend& (0+255),b
  4028   001068  6B66               	clrf	(i1___awmod@dividend+1)& (0+255),b
  4029   00106A  0E00               	movlw	0
  4030   00106C  2366               	addwfc	(i1___awmod@dividend+1)& (0+255),f,b
  4031   00106E  6B68               	clrf	(i1___awmod@divisor+1)& (0+255),b
  4032   001070  0E03               	movlw	3
  4033   001072  6F67               	movwf	i1___awmod@divisor& (0+255),b
  4034   001074  EC0C  F010         	call	i1___awmod	;wreg free
  4035   001078  0101               	movlb	1	; () banked
  4036   00107A  5165               	movf	?i1___awmod& (0+255),w,b
  4037   00107C  6EDF               	movwf	indf2,c
  4038   00107E                     
  4039                           ; BSR set to: 1
  4040   00107E  EE26  F04F         	lfsr	2,_r_queue+469
  4041   001082  EE10 F001          	lfsr	1,1
  4042   001086  50DE               	movf	postinc2,w,c
  4043   001088  26E1               	addwf	fsr1l,f,c
  4044   00108A  50DD               	movf	postdec2,w,c
  4045   00108C  22E2               	addwfc	fsr1h,f,c
  4046   00108E  0E02               	movlw	2
  4047   001090  18E6               	xorwf	postinc1,w,c
  4048   001092  A4D8               	btfss	status,2,c
  4049   001094  EF4E  F008         	goto	i1u424_21
  4050   001098  EF50  F008         	goto	i1u424_20
  4051   00109C                     i1u424_21:
  4052   00109C  EF8E  F009         	goto	i1l3984
  4053   0010A0                     i1u424_20:
  4054   0010A0                     
  4055                           ; BSR set to: 1
  4056   0010A0  EE26  F04F         	lfsr	2,_r_queue+469
  4057   0010A4  EE10 F001          	lfsr	1,1
  4058   0010A8  50DE               	movf	postinc2,w,c
  4059   0010AA  26E1               	addwf	fsr1l,f,c
  4060   0010AC  50DD               	movf	postdec2,w,c
  4061   0010AE  22E2               	addwfc	fsr1h,f,c
  4062   0010B0  0E03               	movlw	3
  4063   0010B2  6EE7               	movwf	indf1,c
  4064   0010B4  EE26  F04F         	lfsr	2,_r_queue+469
  4065   0010B8  EE10 F008          	lfsr	1,8
  4066   0010BC  50DE               	movf	postinc2,w,c
  4067   0010BE  26E1               	addwf	fsr1l,f,c
  4068   0010C0  50DD               	movf	postdec2,w,c
  4069   0010C2  22E2               	addwfc	fsr1h,f,c
  4070   0010C4  CFE0 FFE7          	movff	bsr,indf1	;volatile
  4071   0010C8  EE26  F04F         	lfsr	2,_r_queue+469
  4072   0010CC  EE10 F00C          	lfsr	1,12
  4073   0010D0  50DE               	movf	postinc2,w,c
  4074   0010D2  26E1               	addwf	fsr1l,f,c
  4075   0010D4  50DD               	movf	postdec2,w,c
  4076   0010D6  22E2               	addwfc	fsr1h,f,c
  4077   0010D8  CFEA FFE7          	movff	fsr0h,indf1	;volatile
  4078   0010DC  EE26  F04F         	lfsr	2,_r_queue+469
  4079   0010E0  EE10 F00B          	lfsr	1,11
  4080   0010E4  50DE               	movf	postinc2,w,c
  4081   0010E6  26E1               	addwf	fsr1l,f,c
  4082   0010E8  50DD               	movf	postdec2,w,c
  4083   0010EA  22E2               	addwfc	fsr1h,f,c
  4084   0010EC  CFE9 FFE7          	movff	fsr0l,indf1	;volatile
  4085   0010F0  EE26  F04F         	lfsr	2,_r_queue+469
  4086   0010F4  EE10 F00E          	lfsr	1,14
  4087   0010F8  50DE               	movf	postinc2,w,c
  4088   0010FA  26E1               	addwf	fsr1l,f,c
  4089   0010FC  50DD               	movf	postdec2,w,c
  4090   0010FE  22E2               	addwfc	fsr1h,f,c
  4091   001100  CFE2 FFE7          	movff	fsr1h,indf1	;volatile
  4092   001104  EE26  F04F         	lfsr	2,_r_queue+469
  4093   001108  EE10 F00D          	lfsr	1,13
  4094   00110C  50DE               	movf	postinc2,w,c
  4095   00110E  26E1               	addwf	fsr1l,f,c
  4096   001110  50DD               	movf	postdec2,w,c
  4097   001112  22E2               	addwfc	fsr1h,f,c
  4098   001114  CFE1 FFE7          	movff	fsr1l,indf1	;volatile
  4099   001118  EE26  F04F         	lfsr	2,_r_queue+469
  4100   00111C  EE10 F010          	lfsr	1,16
  4101   001120  50DE               	movf	postinc2,w,c
  4102   001122  26E1               	addwf	fsr1l,f,c
  4103   001124  50DD               	movf	postdec2,w,c
  4104   001126  22E2               	addwfc	fsr1h,f,c
  4105   001128  CFDA FFE7          	movff	fsr2h,indf1	;volatile
  4106   00112C  EE26  F04F         	lfsr	2,_r_queue+469
  4107   001130  EE10 F00F          	lfsr	1,15
  4108   001134  50DE               	movf	postinc2,w,c
  4109   001136  26E1               	addwf	fsr1l,f,c
  4110   001138  50DD               	movf	postdec2,w,c
  4111   00113A  22E2               	addwfc	fsr1h,f,c
  4112   00113C  CFD9 FFE7          	movff	fsr2l,indf1	;volatile
  4113   001140  EE26  F04F         	lfsr	2,_r_queue+469
  4114   001144  EE10 F015          	lfsr	1,21
  4115   001148  50DE               	movf	postinc2,w,c
  4116   00114A  26E1               	addwf	fsr1l,f,c
  4117   00114C  50DD               	movf	postdec2,w,c
  4118   00114E  22E2               	addwfc	fsr1h,f,c
  4119   001150  CFFA FFE7          	movff	pclath,indf1	;volatile
  4120   001154  EE26  F04F         	lfsr	2,_r_queue+469
  4121   001158  EE10 F016          	lfsr	1,22
  4122   00115C  50DE               	movf	postinc2,w,c
  4123   00115E  26E1               	addwf	fsr1l,f,c
  4124   001160  50DD               	movf	postdec2,w,c
  4125   001162  22E2               	addwfc	fsr1h,f,c
  4126   001164  CFFB FFE7          	movff	pclatu,indf1	;volatile
  4127   001168  EE26  F04F         	lfsr	2,_r_queue+469
  4128   00116C  EE10 F00A          	lfsr	1,10
  4129   001170  50DE               	movf	postinc2,w,c
  4130   001172  26E1               	addwf	fsr1l,f,c
  4131   001174  50DD               	movf	postdec2,w,c
  4132   001176  22E2               	addwfc	fsr1h,f,c
  4133   001178  CFF4 FFE7          	movff	prodh,indf1	;volatile
  4134   00117C  EE26  F04F         	lfsr	2,_r_queue+469
  4135   001180  EE10 F009          	lfsr	1,9
  4136   001184  50DE               	movf	postinc2,w,c
  4137   001186  26E1               	addwf	fsr1l,f,c
  4138   001188  50DD               	movf	postdec2,w,c
  4139   00118A  22E2               	addwfc	fsr1h,f,c
  4140   00118C  CFF3 FFE7          	movff	prodl,indf1	;volatile
  4141   001190  EE26  F04F         	lfsr	2,_r_queue+469
  4142   001194  EE10 F011          	lfsr	1,17
  4143   001198  50DE               	movf	postinc2,w,c
  4144   00119A  26E1               	addwf	fsr1l,f,c
  4145   00119C  50DD               	movf	postdec2,w,c
  4146   00119E  22E2               	addwfc	fsr1h,f,c
  4147   0011A0  CFF5 FFE7          	movff	tablat,indf1	;volatile
  4148   0011A4  EE26  F04F         	lfsr	2,_r_queue+469
  4149   0011A8  EE10 F013          	lfsr	1,19
  4150   0011AC  50DE               	movf	postinc2,w,c
  4151   0011AE  26E1               	addwf	fsr1l,f,c
  4152   0011B0  50DD               	movf	postdec2,w,c
  4153   0011B2  22E2               	addwfc	fsr1h,f,c
  4154   0011B4  CFF7 FFE7          	movff	tblptrh,indf1	;volatile
  4155   0011B8  EE26  F04F         	lfsr	2,_r_queue+469
  4156   0011BC  EE10 F012          	lfsr	1,18
  4157   0011C0  50DE               	movf	postinc2,w,c
  4158   0011C2  26E1               	addwf	fsr1l,f,c
  4159   0011C4  50DD               	movf	postdec2,w,c
  4160   0011C6  22E2               	addwfc	fsr1h,f,c
  4161   0011C8  CFF6 FFE7          	movff	tblptrl,indf1	;volatile
  4162   0011CC  EE26  F04F         	lfsr	2,_r_queue+469
  4163   0011D0  EE10 F014          	lfsr	1,20
  4164   0011D4  50DE               	movf	postinc2,w,c
  4165   0011D6  26E1               	addwf	fsr1l,f,c
  4166   0011D8  50DD               	movf	postdec2,w,c
  4167   0011DA  22E2               	addwfc	fsr1h,f,c
  4168   0011DC  CFF8 FFE7          	movff	tblptru,indf1	;volatile
  4169   0011E0  EE26  F04F         	lfsr	2,_r_queue+469
  4170   0011E4  EE10 F006          	lfsr	1,6
  4171   0011E8  50DE               	movf	postinc2,w,c
  4172   0011EA  26E1               	addwf	fsr1l,f,c
  4173   0011EC  50DD               	movf	postdec2,w,c
  4174   0011EE  22E2               	addwfc	fsr1h,f,c
  4175   0011F0  CFE8 FFE7          	movff	wreg,indf1	;volatile
  4176   0011F4  EE26  F04F         	lfsr	2,_r_queue+469
  4177   0011F8  EE10 F007          	lfsr	1,7
  4178   0011FC  50DE               	movf	postinc2,w,c
  4179   0011FE  26E1               	addwf	fsr1l,f,c
  4180   001200  50DD               	movf	postdec2,w,c
  4181   001202  22E2               	addwfc	fsr1h,f,c
  4182   001204  CFD8 FFE7          	movff	status,indf1	;volatile
  4183   001208  EE26  F04F         	lfsr	2,_r_queue+469
  4184   00120C  EE10 F074          	lfsr	1,116
  4185   001210  50DE               	movf	postinc2,w,c
  4186   001212  26E1               	addwf	fsr1l,f,c
  4187   001214  50DD               	movf	postdec2,w,c
  4188   001216  22E2               	addwfc	fsr1h,f,c
  4189   001218  6AE7               	clrf	indf1,c
  4190   00121A  EF86  F009         	goto	i1l3982
  4191   00121E                     i1l3978:
  4192   00121E  EE26  F04F         	lfsr	2,_r_queue+469
  4193   001222  EE10 F074          	lfsr	1,116
  4194   001226  50DE               	movf	postinc2,w,c
  4195   001228  26E1               	addwf	fsr1l,f,c
  4196   00122A  50DD               	movf	postdec2,w,c
  4197   00122C  22E2               	addwfc	fsr1h,f,c
  4198   00122E  50E7               	movf	indf1,w,c
  4199   001230  0101               	movlb	1	; () banked
  4200   001232  6F76               	movwf	??_sem_wait& (0+255),b
  4201   001234  5176               	movf	??_sem_wait& (0+255),w,b
  4202   001236  0D03               	mullw	3
  4203   001238  CFF3 F177          	movff	prodl,??_sem_wait+1
  4204   00123C  CFF4 F178          	movff	prodh,??_sem_wait+2
  4205   001240  EE26  F04F         	lfsr	2,_r_queue+469
  4206   001244  CFDE F179          	movff	postinc2,??_sem_wait+3
  4207   001248  CFDD F17A          	movff	postdec2,??_sem_wait+4
  4208   00124C  5177               	movf	(??_sem_wait+1)& (0+255),w,b
  4209   00124E  2579               	addwf	(??_sem_wait+3)& (0+255),w,b
  4210   001250  6F7B               	movwf	(??_sem_wait+5)& (0+255),b
  4211   001252  5178               	movf	(??_sem_wait+2)& (0+255),w,b
  4212   001254  217A               	addwfc	(??_sem_wait+4)& (0+255),w,b
  4213   001256  6F7C               	movwf	(??_sem_wait+6)& (0+255),b
  4214   001258  0E17               	movlw	23
  4215   00125A  257B               	addwf	(??_sem_wait+5)& (0+255),w,b
  4216   00125C  6ED9               	movwf	fsr2l,c
  4217   00125E  0E00               	movlw	0
  4218   001260  217C               	addwfc	(??_sem_wait+6)& (0+255),w,b
  4219   001262  6EDA               	movwf	fsr2h,c
  4220   001264  CFFD FFDF          	movff	tosl,indf2	;volatile
  4221   001268  EE26  F04F         	lfsr	2,_r_queue+469
  4222   00126C  EE10 F074          	lfsr	1,116
  4223   001270  50DE               	movf	postinc2,w,c
  4224   001272  26E1               	addwf	fsr1l,f,c
  4225   001274  50DD               	movf	postdec2,w,c
  4226   001276  22E2               	addwfc	fsr1h,f,c
  4227   001278  50E7               	movf	indf1,w,c
  4228   00127A  6F76               	movwf	??_sem_wait& (0+255),b
  4229   00127C  5176               	movf	??_sem_wait& (0+255),w,b
  4230   00127E  0D03               	mullw	3
  4231   001280  CFF3 F177          	movff	prodl,??_sem_wait+1
  4232   001284  CFF4 F178          	movff	prodh,??_sem_wait+2
  4233   001288  EE26  F04F         	lfsr	2,_r_queue+469
  4234   00128C  CFDE F179          	movff	postinc2,??_sem_wait+3
  4235   001290  CFDD F17A          	movff	postdec2,??_sem_wait+4
  4236   001294  5177               	movf	(??_sem_wait+1)& (0+255),w,b
  4237   001296  2579               	addwf	(??_sem_wait+3)& (0+255),w,b
  4238   001298  6F7B               	movwf	(??_sem_wait+5)& (0+255),b
  4239   00129A  5178               	movf	(??_sem_wait+2)& (0+255),w,b
  4240   00129C  217A               	addwfc	(??_sem_wait+4)& (0+255),w,b
  4241   00129E  6F7C               	movwf	(??_sem_wait+6)& (0+255),b
  4242   0012A0  0E18               	movlw	24
  4243   0012A2  257B               	addwf	(??_sem_wait+5)& (0+255),w,b
  4244   0012A4  6ED9               	movwf	fsr2l,c
  4245   0012A6  0E00               	movlw	0
  4246   0012A8  217C               	addwfc	(??_sem_wait+6)& (0+255),w,b
  4247   0012AA  6EDA               	movwf	fsr2h,c
  4248   0012AC  CFFE FFDF          	movff	tosh,indf2	;volatile
  4249   0012B0  EE26  F04F         	lfsr	2,_r_queue+469
  4250   0012B4  EE10 F074          	lfsr	1,116
  4251   0012B8  50DE               	movf	postinc2,w,c
  4252   0012BA  26E1               	addwf	fsr1l,f,c
  4253   0012BC  50DD               	movf	postdec2,w,c
  4254   0012BE  22E2               	addwfc	fsr1h,f,c
  4255   0012C0  50E7               	movf	indf1,w,c
  4256   0012C2  6F76               	movwf	??_sem_wait& (0+255),b
  4257   0012C4  5176               	movf	??_sem_wait& (0+255),w,b
  4258   0012C6  0D03               	mullw	3
  4259   0012C8  CFF3 F177          	movff	prodl,??_sem_wait+1
  4260   0012CC  CFF4 F178          	movff	prodh,??_sem_wait+2
  4261   0012D0  EE26  F04F         	lfsr	2,_r_queue+469
  4262   0012D4  CFDE F179          	movff	postinc2,??_sem_wait+3
  4263   0012D8  CFDD F17A          	movff	postdec2,??_sem_wait+4
  4264   0012DC  5177               	movf	(??_sem_wait+1)& (0+255),w,b
  4265   0012DE  2579               	addwf	(??_sem_wait+3)& (0+255),w,b
  4266   0012E0  6F7B               	movwf	(??_sem_wait+5)& (0+255),b
  4267   0012E2  5178               	movf	(??_sem_wait+2)& (0+255),w,b
  4268   0012E4  217A               	addwfc	(??_sem_wait+4)& (0+255),w,b
  4269   0012E6  6F7C               	movwf	(??_sem_wait+6)& (0+255),b
  4270   0012E8  0E19               	movlw	25
  4271   0012EA  257B               	addwf	(??_sem_wait+5)& (0+255),w,b
  4272   0012EC  6ED9               	movwf	fsr2l,c
  4273   0012EE  0E00               	movlw	0
  4274   0012F0  217C               	addwfc	(??_sem_wait+6)& (0+255),w,b
  4275   0012F2  6EDA               	movwf	fsr2h,c
  4276   0012F4  CFFF FFDF          	movff	tosu,indf2	;volatile
  4277   0012F8                     
  4278                           ; BSR set to: 1
  4279   0012F8  EE26  F04F         	lfsr	2,_r_queue+469
  4280   0012FC  EE10 F074          	lfsr	1,116
  4281   001300  50DE               	movf	postinc2,w,c
  4282   001302  26E1               	addwf	fsr1l,f,c
  4283   001304  50DD               	movf	postdec2,w,c
  4284   001306  22E2               	addwfc	fsr1h,f,c
  4285   001308  2AE7               	incf	indf1,f,c
  4286   00130A  0006               	pop		;# 
  4287   00130C                     i1l3982:
  4288   00130C  50FC               	movf	252,w,c	;volatile
  4289   00130E  A4D8               	btfss	status,2,c
  4290   001310  EF8C  F009         	goto	i1u425_21
  4291   001314  EF8E  F009         	goto	i1u425_20
  4292   001318                     i1u425_21:
  4293   001318  EF0F  F009         	goto	i1l3978
  4294   00131C                     i1u425_20:
  4295   00131C                     i1l3984:
  4296                           
  4297                           ;sync.c: 26:         scheduler();
  4298   00131C  ECC9  F012         	call	i1_scheduler	;wreg free
  4299   001320  EE26  F04F         	lfsr	2,_r_queue+469
  4300   001324  EE10 F001          	lfsr	1,1
  4301   001328  50DE               	movf	postinc2,w,c
  4302   00132A  26E1               	addwf	fsr1l,f,c
  4303   00132C  50DD               	movf	postdec2,w,c
  4304   00132E  22E2               	addwfc	fsr1h,f,c
  4305   001330  50E7               	movf	indf1,w,c
  4306   001332  A4D8               	btfss	status,2,c
  4307   001334  EF9E  F009         	goto	i1u426_21
  4308   001338  EFA0  F009         	goto	i1u426_20
  4309   00133C                     i1u426_21:
  4310   00133C  EF37  F00B         	goto	i1l4006
  4311   001340                     i1u426_20:
  4312   001340  EE26  F04F         	lfsr	2,_r_queue+469
  4313   001344  EE10 F001          	lfsr	1,1
  4314   001348  50DE               	movf	postinc2,w,c
  4315   00134A  26E1               	addwf	fsr1l,f,c
  4316   00134C  50DD               	movf	postdec2,w,c
  4317   00134E  22E2               	addwfc	fsr1h,f,c
  4318   001350  0E02               	movlw	2
  4319   001352  6EE7               	movwf	indf1,c
  4320   001354  EE26  F04F         	lfsr	2,_r_queue+469
  4321   001358  EE10 F008          	lfsr	1,8
  4322   00135C  50DE               	movf	postinc2,w,c
  4323   00135E  26E1               	addwf	fsr1l,f,c
  4324   001360  50DD               	movf	postdec2,w,c
  4325   001362  22E2               	addwfc	fsr1h,f,c
  4326   001364  50E7               	movf	indf1,w,c
  4327   001366  6EE0               	movwf	224,c	;volatile
  4328   001368  EE26  F04F         	lfsr	2,_r_queue+469
  4329   00136C  EE10 F00C          	lfsr	1,12
  4330   001370  50DE               	movf	postinc2,w,c
  4331   001372  26E1               	addwf	fsr1l,f,c
  4332   001374  50DD               	movf	postdec2,w,c
  4333   001376  22E2               	addwfc	fsr1h,f,c
  4334   001378  50E7               	movf	indf1,w,c
  4335   00137A  6EEA               	movwf	234,c	;volatile
  4336   00137C  EE26  F04F         	lfsr	2,_r_queue+469
  4337   001380  EE10 F00B          	lfsr	1,11
  4338   001384  50DE               	movf	postinc2,w,c
  4339   001386  26E1               	addwf	fsr1l,f,c
  4340   001388  50DD               	movf	postdec2,w,c
  4341   00138A  22E2               	addwfc	fsr1h,f,c
  4342   00138C  50E7               	movf	indf1,w,c
  4343   00138E  6EE9               	movwf	233,c	;volatile
  4344   001390  EE26  F04F         	lfsr	2,_r_queue+469
  4345   001394  EE10 F00E          	lfsr	1,14
  4346   001398  50DE               	movf	postinc2,w,c
  4347   00139A  26E1               	addwf	fsr1l,f,c
  4348   00139C  50DD               	movf	postdec2,w,c
  4349   00139E  22E2               	addwfc	fsr1h,f,c
  4350   0013A0  50E7               	movf	indf1,w,c
  4351   0013A2  6EE2               	movwf	226,c	;volatile
  4352   0013A4  EE26  F04F         	lfsr	2,_r_queue+469
  4353   0013A8  EE10 F00D          	lfsr	1,13
  4354   0013AC  50DE               	movf	postinc2,w,c
  4355   0013AE  26E1               	addwf	fsr1l,f,c
  4356   0013B0  50DD               	movf	postdec2,w,c
  4357   0013B2  22E2               	addwfc	fsr1h,f,c
  4358   0013B4  50E7               	movf	indf1,w,c
  4359   0013B6  6EE1               	movwf	225,c	;volatile
  4360   0013B8  EE26  F04F         	lfsr	2,_r_queue+469
  4361   0013BC  EE10 F010          	lfsr	1,16
  4362   0013C0  50DE               	movf	postinc2,w,c
  4363   0013C2  26E1               	addwf	fsr1l,f,c
  4364   0013C4  50DD               	movf	postdec2,w,c
  4365   0013C6  22E2               	addwfc	fsr1h,f,c
  4366   0013C8  50E7               	movf	indf1,w,c
  4367   0013CA  6EDA               	movwf	218,c	;volatile
  4368   0013CC  EE26  F04F         	lfsr	2,_r_queue+469
  4369   0013D0  EE10 F00F          	lfsr	1,15
  4370   0013D4  50DE               	movf	postinc2,w,c
  4371   0013D6  26E1               	addwf	fsr1l,f,c
  4372   0013D8  50DD               	movf	postdec2,w,c
  4373   0013DA  22E2               	addwfc	fsr1h,f,c
  4374   0013DC  50E7               	movf	indf1,w,c
  4375   0013DE  6ED9               	movwf	217,c	;volatile
  4376   0013E0  EE26  F04F         	lfsr	2,_r_queue+469
  4377   0013E4  EE10 F015          	lfsr	1,21
  4378   0013E8  50DE               	movf	postinc2,w,c
  4379   0013EA  26E1               	addwf	fsr1l,f,c
  4380   0013EC  50DD               	movf	postdec2,w,c
  4381   0013EE  22E2               	addwfc	fsr1h,f,c
  4382   0013F0  50E7               	movf	indf1,w,c
  4383   0013F2  6EFA               	movwf	250,c	;volatile
  4384   0013F4  EE26  F04F         	lfsr	2,_r_queue+469
  4385   0013F8  EE10 F016          	lfsr	1,22
  4386   0013FC  50DE               	movf	postinc2,w,c
  4387   0013FE  26E1               	addwf	fsr1l,f,c
  4388   001400  50DD               	movf	postdec2,w,c
  4389   001402  22E2               	addwfc	fsr1h,f,c
  4390   001404  50E7               	movf	indf1,w,c
  4391   001406  6EFB               	movwf	251,c	;volatile
  4392   001408  EE26  F04F         	lfsr	2,_r_queue+469
  4393   00140C  EE10 F00A          	lfsr	1,10
  4394   001410  50DE               	movf	postinc2,w,c
  4395   001412  26E1               	addwf	fsr1l,f,c
  4396   001414  50DD               	movf	postdec2,w,c
  4397   001416  22E2               	addwfc	fsr1h,f,c
  4398   001418  50E7               	movf	indf1,w,c
  4399   00141A  6EF4               	movwf	244,c	;volatile
  4400   00141C  EE26  F04F         	lfsr	2,_r_queue+469
  4401   001420  EE10 F009          	lfsr	1,9
  4402   001424  50DE               	movf	postinc2,w,c
  4403   001426  26E1               	addwf	fsr1l,f,c
  4404   001428  50DD               	movf	postdec2,w,c
  4405   00142A  22E2               	addwfc	fsr1h,f,c
  4406   00142C  50E7               	movf	indf1,w,c
  4407   00142E  6EF3               	movwf	243,c	;volatile
  4408   001430  EE26  F04F         	lfsr	2,_r_queue+469
  4409   001434  EE10 F011          	lfsr	1,17
  4410   001438  50DE               	movf	postinc2,w,c
  4411   00143A  26E1               	addwf	fsr1l,f,c
  4412   00143C  50DD               	movf	postdec2,w,c
  4413   00143E  22E2               	addwfc	fsr1h,f,c
  4414   001440  50E7               	movf	indf1,w,c
  4415   001442  6EF5               	movwf	245,c	;volatile
  4416   001444  EE26  F04F         	lfsr	2,_r_queue+469
  4417   001448  EE10 F013          	lfsr	1,19
  4418   00144C  50DE               	movf	postinc2,w,c
  4419   00144E  26E1               	addwf	fsr1l,f,c
  4420   001450  50DD               	movf	postdec2,w,c
  4421   001452  22E2               	addwfc	fsr1h,f,c
  4422   001454  50E7               	movf	indf1,w,c
  4423   001456  6EF7               	movwf	247,c	;volatile
  4424   001458  EE26  F04F         	lfsr	2,_r_queue+469
  4425   00145C  EE10 F012          	lfsr	1,18
  4426   001460  50DE               	movf	postinc2,w,c
  4427   001462  26E1               	addwf	fsr1l,f,c
  4428   001464  50DD               	movf	postdec2,w,c
  4429   001466  22E2               	addwfc	fsr1h,f,c
  4430   001468  50E7               	movf	indf1,w,c
  4431   00146A  6EF6               	movwf	246,c	;volatile
  4432   00146C  EE26  F04F         	lfsr	2,_r_queue+469
  4433   001470  EE10 F014          	lfsr	1,20
  4434   001474  50DE               	movf	postinc2,w,c
  4435   001476  26E1               	addwf	fsr1l,f,c
  4436   001478  50DD               	movf	postdec2,w,c
  4437   00147A  22E2               	addwfc	fsr1h,f,c
  4438   00147C  50E7               	movf	indf1,w,c
  4439   00147E  6EF8               	movwf	248,c	;volatile
  4440   001480  EE26  F04F         	lfsr	2,_r_queue+469
  4441   001484  EE10 F007          	lfsr	1,7
  4442   001488  50DE               	movf	postinc2,w,c
  4443   00148A  26E1               	addwf	fsr1l,f,c
  4444   00148C  50DD               	movf	postdec2,w,c
  4445   00148E  22E2               	addwfc	fsr1h,f,c
  4446   001490  50E7               	movf	indf1,w,c
  4447   001492  6ED8               	movwf	216,c	;volatile
  4448   001494  EE26  F04F         	lfsr	2,_r_queue+469
  4449   001498  EE10 F006          	lfsr	1,6
  4450   00149C  50DE               	movf	postinc2,w,c
  4451   00149E  26E1               	addwf	fsr1l,f,c
  4452   0014A0  50DD               	movf	postdec2,w,c
  4453   0014A2  22E2               	addwfc	fsr1h,f,c
  4454   0014A4  50E7               	movf	indf1,w,c
  4455   0014A6  0101               	movlb	1	; () banked
  4456   0014A8  6F76               	movwf	??_sem_wait& (0+255),b
  4457   0014AA  5176               	movf	??_sem_wait& (0+255),w,b
  4458   0014AC                     
  4459                           ; BSR set to: 1
  4460   0014AC  6AFC               	clrf	252,c	;volatile
  4461   0014AE  EE26  F04F         	lfsr	2,_r_queue+469
  4462   0014B2  EE10 F074          	lfsr	1,116
  4463   0014B6  50DE               	movf	postinc2,w,c
  4464   0014B8  26E1               	addwf	fsr1l,f,c
  4465   0014BA  50DD               	movf	postdec2,w,c
  4466   0014BC  22E2               	addwfc	fsr1h,f,c
  4467   0014BE  50E7               	movf	indf1,w,c
  4468   0014C0  B4D8               	btfsc	status,2,c
  4469   0014C2  EF65  F00A         	goto	i1u427_21
  4470   0014C6  EF67  F00A         	goto	i1u427_20
  4471   0014CA                     i1u427_21:
  4472   0014CA  EFF0  F00A         	goto	i1l217
  4473   0014CE                     i1u427_20:
  4474   0014CE                     i1l218:
  4475                           
  4476                           ; BSR set to: 1
  4477   0014CE  0005               	push		;# 
  4478   0014D0  EE26  F04F         	lfsr	2,_r_queue+469
  4479   0014D4  EE10 F074          	lfsr	1,116
  4480   0014D8  50DE               	movf	postinc2,w,c
  4481   0014DA  26E1               	addwf	fsr1l,f,c
  4482   0014DC  50DD               	movf	postdec2,w,c
  4483   0014DE  22E2               	addwfc	fsr1h,f,c
  4484   0014E0  06E7               	decf	indf1,f,c
  4485   0014E2  EE26  F04F         	lfsr	2,_r_queue+469
  4486   0014E6  EE10 F074          	lfsr	1,116
  4487   0014EA  50DE               	movf	postinc2,w,c
  4488   0014EC  26E1               	addwf	fsr1l,f,c
  4489   0014EE  50DD               	movf	postdec2,w,c
  4490   0014F0  22E2               	addwfc	fsr1h,f,c
  4491   0014F2  50E7               	movf	indf1,w,c
  4492   0014F4  0101               	movlb	1	; () banked
  4493   0014F6  6F76               	movwf	??_sem_wait& (0+255),b
  4494   0014F8  5176               	movf	??_sem_wait& (0+255),w,b
  4495   0014FA  0D03               	mullw	3
  4496   0014FC  CFF3 F177          	movff	prodl,??_sem_wait+1
  4497   001500  CFF4 F178          	movff	prodh,??_sem_wait+2
  4498   001504  EE26  F04F         	lfsr	2,_r_queue+469
  4499   001508  CFDE F179          	movff	postinc2,??_sem_wait+3
  4500   00150C  CFDD F17A          	movff	postdec2,??_sem_wait+4
  4501   001510  5177               	movf	(??_sem_wait+1)& (0+255),w,b
  4502   001512  2579               	addwf	(??_sem_wait+3)& (0+255),w,b
  4503   001514  6F7B               	movwf	(??_sem_wait+5)& (0+255),b
  4504   001516  5178               	movf	(??_sem_wait+2)& (0+255),w,b
  4505   001518  217A               	addwfc	(??_sem_wait+4)& (0+255),w,b
  4506   00151A  6F7C               	movwf	(??_sem_wait+6)& (0+255),b
  4507   00151C  0E17               	movlw	23
  4508   00151E  257B               	addwf	(??_sem_wait+5)& (0+255),w,b
  4509   001520  6ED9               	movwf	fsr2l,c
  4510   001522  0E00               	movlw	0
  4511   001524  217C               	addwfc	(??_sem_wait+6)& (0+255),w,b
  4512   001526  6EDA               	movwf	fsr2h,c
  4513   001528  50DF               	movf	indf2,w,c
  4514   00152A  6EFD               	movwf	253,c	;volatile
  4515   00152C                     
  4516                           ; BSR set to: 1
  4517   00152C  EE26  F04F         	lfsr	2,_r_queue+469
  4518   001530  EE10 F074          	lfsr	1,116
  4519   001534  50DE               	movf	postinc2,w,c
  4520   001536  26E1               	addwf	fsr1l,f,c
  4521   001538  50DD               	movf	postdec2,w,c
  4522   00153A  22E2               	addwfc	fsr1h,f,c
  4523   00153C  50E7               	movf	indf1,w,c
  4524   00153E  6F76               	movwf	??_sem_wait& (0+255),b
  4525   001540  5176               	movf	??_sem_wait& (0+255),w,b
  4526   001542  0D03               	mullw	3
  4527   001544  CFF3 F177          	movff	prodl,??_sem_wait+1
  4528   001548  CFF4 F178          	movff	prodh,??_sem_wait+2
  4529   00154C  EE26  F04F         	lfsr	2,_r_queue+469
  4530   001550  CFDE F179          	movff	postinc2,??_sem_wait+3
  4531   001554  CFDD F17A          	movff	postdec2,??_sem_wait+4
  4532   001558  5177               	movf	(??_sem_wait+1)& (0+255),w,b
  4533   00155A  2579               	addwf	(??_sem_wait+3)& (0+255),w,b
  4534   00155C  6F7B               	movwf	(??_sem_wait+5)& (0+255),b
  4535   00155E  5178               	movf	(??_sem_wait+2)& (0+255),w,b
  4536   001560  217A               	addwfc	(??_sem_wait+4)& (0+255),w,b
  4537   001562  6F7C               	movwf	(??_sem_wait+6)& (0+255),b
  4538   001564  0E18               	movlw	24
  4539   001566  257B               	addwf	(??_sem_wait+5)& (0+255),w,b
  4540   001568  6ED9               	movwf	fsr2l,c
  4541   00156A  0E00               	movlw	0
  4542   00156C  217C               	addwfc	(??_sem_wait+6)& (0+255),w,b
  4543   00156E  6EDA               	movwf	fsr2h,c
  4544   001570  50DF               	movf	indf2,w,c
  4545   001572  6EFE               	movwf	254,c	;volatile
  4546   001574                     
  4547                           ; BSR set to: 1
  4548   001574  EE26  F04F         	lfsr	2,_r_queue+469
  4549   001578  EE10 F074          	lfsr	1,116
  4550   00157C  50DE               	movf	postinc2,w,c
  4551   00157E  26E1               	addwf	fsr1l,f,c
  4552   001580  50DD               	movf	postdec2,w,c
  4553   001582  22E2               	addwfc	fsr1h,f,c
  4554   001584  50E7               	movf	indf1,w,c
  4555   001586  6F76               	movwf	??_sem_wait& (0+255),b
  4556   001588  5176               	movf	??_sem_wait& (0+255),w,b
  4557   00158A  0D03               	mullw	3
  4558   00158C  CFF3 F177          	movff	prodl,??_sem_wait+1
  4559   001590  CFF4 F178          	movff	prodh,??_sem_wait+2
  4560   001594  EE26  F04F         	lfsr	2,_r_queue+469
  4561   001598  CFDE F179          	movff	postinc2,??_sem_wait+3
  4562   00159C  CFDD F17A          	movff	postdec2,??_sem_wait+4
  4563   0015A0  5177               	movf	(??_sem_wait+1)& (0+255),w,b
  4564   0015A2  2579               	addwf	(??_sem_wait+3)& (0+255),w,b
  4565   0015A4  6F7B               	movwf	(??_sem_wait+5)& (0+255),b
  4566   0015A6  5178               	movf	(??_sem_wait+2)& (0+255),w,b
  4567   0015A8  217A               	addwfc	(??_sem_wait+4)& (0+255),w,b
  4568   0015AA  6F7C               	movwf	(??_sem_wait+6)& (0+255),b
  4569   0015AC  0E19               	movlw	25
  4570   0015AE  257B               	addwf	(??_sem_wait+5)& (0+255),w,b
  4571   0015B0  6ED9               	movwf	fsr2l,c
  4572   0015B2  0E00               	movlw	0
  4573   0015B4  217C               	addwfc	(??_sem_wait+6)& (0+255),w,b
  4574   0015B6  6EDA               	movwf	fsr2h,c
  4575   0015B8  50DF               	movf	indf2,w,c
  4576   0015BA  6EFF               	movwf	255,c	;volatile
  4577   0015BC                     
  4578                           ; BSR set to: 1
  4579   0015BC  EE26  F04F         	lfsr	2,_r_queue+469
  4580   0015C0  EE10 F074          	lfsr	1,116
  4581   0015C4  50DE               	movf	postinc2,w,c
  4582   0015C6  26E1               	addwf	fsr1l,f,c
  4583   0015C8  50DD               	movf	postdec2,w,c
  4584   0015CA  22E2               	addwfc	fsr1h,f,c
  4585   0015CC  50E7               	movf	indf1,w,c
  4586   0015CE  A4D8               	btfss	status,2,c
  4587   0015D0  EFEC  F00A         	goto	i1u428_21
  4588   0015D4  EFEE  F00A         	goto	i1u428_20
  4589   0015D8                     i1u428_21:
  4590   0015D8  EF67  F00A         	goto	i1l218
  4591   0015DC                     i1u428_20:
  4592   0015DC  EF35  F00B         	goto	i1l4004
  4593   0015E0                     i1l217:
  4594                           
  4595                           ; BSR set to: 1
  4596   0015E0  0005               	push		;# 
  4597   0015E2  EE26  F04F         	lfsr	2,_r_queue+469
  4598   0015E6  EE10 F002          	lfsr	1,2
  4599   0015EA  50DE               	movf	postinc2,w,c
  4600   0015EC  26E1               	addwf	fsr1l,f,c
  4601   0015EE  50DD               	movf	postdec2,w,c
  4602   0015F0  22E2               	addwfc	fsr1h,f,c
  4603   0015F2  50E7               	movf	indf1,w,c
  4604   0015F4  6EFD               	movwf	253,c	;volatile
  4605   0015F6  EE26  F04F         	lfsr	2,_r_queue+469
  4606   0015FA  EE10 F002          	lfsr	1,2
  4607   0015FE  50DE               	movf	postinc2,w,c
  4608   001600  26E1               	addwf	fsr1l,f,c
  4609   001602  50DD               	movf	postdec2,w,c
  4610   001604  22E2               	addwfc	fsr1h,f,c
  4611   001606  CFE6 F176          	movff	postinc1,??_sem_wait
  4612   00160A  CFE5 F177          	movff	postdec1,??_sem_wait+1
  4613   00160E  C176  F178         	movff	??_sem_wait,??_sem_wait+2
  4614   001612  C177  F179         	movff	??_sem_wait+1,??_sem_wait+3
  4615   001616  0101               	movlb	1	; () banked
  4616   001618  6B7A               	clrf	(??_sem_wait+4)& (0+255),b
  4617   00161A  C179  F178         	movff	??_sem_wait+3,??_sem_wait+2
  4618   00161E  C17A  F179         	movff	??_sem_wait+4,??_sem_wait+3
  4619   001622  6B7A               	clrf	(??_sem_wait+4)& (0+255),b
  4620   001624  5178               	movf	(??_sem_wait+2)& (0+255),w,b
  4621   001626  6EFE               	movwf	254,c	;volatile
  4622   001628  0E10               	movlw	16
  4623   00162A  6F76               	movwf	??_sem_wait& (0+255),b
  4624   00162C  EE26  F04F         	lfsr	2,_r_queue+469
  4625   001630  EE10 F002          	lfsr	1,2
  4626   001634  50DE               	movf	postinc2,w,c
  4627   001636  26E1               	addwf	fsr1l,f,c
  4628   001638  50DD               	movf	postdec2,w,c
  4629   00163A  22E2               	addwfc	fsr1h,f,c
  4630   00163C  CFE6 F177          	movff	postinc1,??_sem_wait+1
  4631   001640  CFE5 F178          	movff	postdec1,??_sem_wait+2
  4632   001644  C177  F179         	movff	??_sem_wait+1,??_sem_wait+3
  4633   001648  C178  F17A         	movff	??_sem_wait+2,??_sem_wait+4
  4634   00164C  6B7B               	clrf	(??_sem_wait+5)& (0+255),b
  4635   00164E  2976               	incf	??_sem_wait& (0+255),w,b
  4636   001650  6F7C               	movwf	(??_sem_wait+6)& (0+255),b
  4637   001652  EF2F  F00B         	goto	i1u429_20
  4638   001656                     i1u429_25:
  4639   001656  90D8               	bcf	status,0,c
  4640   001658  337B               	rrcf	(??_sem_wait+5)& (0+255),f,b
  4641   00165A  337A               	rrcf	(??_sem_wait+4)& (0+255),f,b
  4642   00165C  3379               	rrcf	(??_sem_wait+3)& (0+255),f,b
  4643   00165E                     i1u429_20:
  4644   00165E  2F7C               	decfsz	(??_sem_wait+6)& (0+255),f,b
  4645   001660  EF2B  F00B         	goto	i1u429_25
  4646   001664  0101               	movlb	1	; () banked
  4647   001666  5179               	movf	(??_sem_wait+3)& (0+255),w,b
  4648   001668  6EFF               	movwf	255,c	;volatile
  4649   00166A                     i1l4004:
  4650                           
  4651                           ; BSR set to: 1
  4652   00166A  0E05               	movlw	5
  4653   00166C  6E28               	movwf	_rr_quantum^0,c
  4654   00166E                     i1l4006:
  4655                           
  4656                           ;sync.c: 30:     INTCONbits.GIE = 1;;
  4657   00166E  8EF2               	bsf	242,7,c	;volatile
  4658   001670  0012               	return		;funcret
  4659   001672                     __end_of_sem_wait:
  4660                           	callstack 0
  4661                           
  4662 ;; *************** function i1_scheduler *****************
  4663 ;; Defined at:
  4664 ;;		line 10 in file "scheduler.c"
  4665 ;; Parameters:    Size  Location     Type
  4666 ;;		None
  4667 ;; Auto vars:     Size  Location     Type
  4668 ;;		None
  4669 ;; Return value:  Size  Location     Type
  4670 ;;                  1    wreg      void 
  4671 ;; Registers used:
  4672 ;;		wreg, fsr2l, fsr2h, status,2, status,0, prodl, prodh, cstack
  4673 ;; Tracked objects:
  4674 ;;		On entry : 0/0
  4675 ;;		On exit  : 0/0
  4676 ;;		Unchanged: 0/0
  4677 ;; Data sizes:     COMRAM   BANK0   BANK1   BANK2   BANK3   BANK4   BANK5   BANK6   BANK7   BANK8   BANK9  BANK10  BANK1
      +1  BANK12  BANK13  BANK14  BANK15
  4678 ;;      Params:         0       0       0       0       0       0       0       0       0       0       0       0       
      +0       0       0       0       0
  4679 ;;      Locals:         0       0       0       0       0       0       0       0       0       0       0       0       
      +0       0       0       0       0
  4680 ;;      Temps:          0       0       3       0       0       0       0       0       0       0       0       0       
      +0       0       0       0       0
  4681 ;;      Totals:         0       0       3       0       0       0       0       0       0       0       0       0       
      +0       0       0       0       0
  4682 ;;Total ram usage:        3 bytes
  4683 ;; Hardware stack levels used: 1
  4684 ;; Hardware stack levels required when called: 6
  4685 ;; This function calls:
  4686 ;;		i1_rr_priority_scheduler
  4687 ;; This function is called by:
  4688 ;;		_sem_wait
  4689 ;; This function uses a non-reentrant model
  4690 ;;
  4691                           
  4692                           	psect	text15
  4693   002592                     __ptext15:
  4694                           	callstack 0
  4695   002592                     i1_scheduler:
  4696                           	callstack 17
  4697   002592                     
  4698                           ;scheduler.c: 17:     r_queue.pos_task_running = rr_priority_scheduler();
  4699   002592  ECD6  F00D         	call	i1_rr_priority_scheduler	;wreg free
  4700   002596  0101               	movlb	1	; () banked
  4701   002598  6F72               	movwf	??i1_scheduler& (0+255),b
  4702   00259A  C172  F651         	movff	??i1_scheduler,_r_queue+471
  4703   00259E                     
  4704                           ; BSR set to: 1
  4705                           ;scheduler.c: 19:   r_queue.task_running = &r_queue.TASKS[r_queue.pos_task_running];
  4706   00259E  C651  F172         	movff	_r_queue+471,??i1_scheduler
  4707   0025A2  5172               	movf	??i1_scheduler& (0+255),w,b
  4708   0025A4  0D75               	mullw	117
  4709   0025A6  0E7A               	movlw	low _r_queue
  4710   0025A8  24F3               	addwf	243,w,c
  4711   0025AA  6F73               	movwf	(??i1_scheduler+1)& (0+255),b
  4712   0025AC  0E04               	movlw	high _r_queue
  4713   0025AE  20F4               	addwfc	prodh,w,c
  4714   0025B0  6F74               	movwf	(??i1_scheduler+2)& (0+255),b
  4715   0025B2  C173  F64F         	movff	??i1_scheduler+1,_r_queue+469
  4716   0025B6  C174  F650         	movff	??i1_scheduler+2,_r_queue+470
  4717   0025BA                     
  4718                           ; BSR set to: 1
  4719   0025BA  0012               	return		;funcret
  4720   0025BC                     __end_ofi1_scheduler:
  4721                           	callstack 0
  4722                           
  4723 ;; *************** function i1_rr_priority_scheduler *****************
  4724 ;; Defined at:
  4725 ;;		line 56 in file "scheduler.c"
  4726 ;; Parameters:    Size  Location     Type
  4727 ;;		None
  4728 ;; Auto vars:     Size  Location     Type
  4729 ;;  i               1  113[BANK1 ] unsigned char 
  4730 ;;  prox            1  112[BANK1 ] unsigned char 
  4731 ;;  i               1  111[BANK1 ] unsigned char 
  4732 ;;  max_priority    1  110[BANK1 ] unsigned char 
  4733 ;;  tentativas      1  109[BANK1 ] unsigned char 
  4734 ;; Return value:  Size  Location     Type
  4735 ;;                  1    wreg      unsigned char 
  4736 ;; Registers used:
  4737 ;;		wreg, fsr2l, fsr2h, status,2, status,0, prodl, prodh, cstack
  4738 ;; Tracked objects:
  4739 ;;		On entry : 0/0
  4740 ;;		On exit  : 0/0
  4741 ;;		Unchanged: 0/0
  4742 ;; Data sizes:     COMRAM   BANK0   BANK1   BANK2   BANK3   BANK4   BANK5   BANK6   BANK7   BANK8   BANK9  BANK10  BANK1
      +1  BANK12  BANK13  BANK14  BANK15
  4743 ;;      Params:         0       0       0       0       0       0       0       0       0       0       0       0       
      +0       0       0       0       0
  4744 ;;      Locals:         0       0       5       0       0       0       0       0       0       0       0       0       
      +0       0       0       0       0
  4745 ;;      Temps:          0       0       2       0       0       0       0       0       0       0       0       0       
      +0       0       0       0       0
  4746 ;;      Totals:         0       0       7       0       0       0       0       0       0       0       0       0       
      +0       0       0       0       0
  4747 ;;Total ram usage:        7 bytes
  4748 ;; Hardware stack levels used: 1
  4749 ;; Hardware stack levels required when called: 5
  4750 ;; This function calls:
  4751 ;;		i1___awmod
  4752 ;; This function is called by:
  4753 ;;		i1_scheduler
  4754 ;; This function uses a non-reentrant model
  4755 ;;
  4756                           
  4757                           	psect	text16
  4758   001BAC                     __ptext16:
  4759                           	callstack 0
  4760   001BAC                     i1_rr_priority_scheduler:
  4761                           	callstack 17
  4762   001BAC                     
  4763                           ;scheduler.c: 59:     uint8_t max_priority = 0;
  4764   001BAC  0101               	movlb	1	; () banked
  4765   001BAE  6B6E               	clrf	i1rr_priority_scheduler@max_priority& (0+255),b
  4766                           
  4767                           ;scheduler.c: 60:     for (uint8_t i = 0; i < r_queue.size; i++) {
  4768   001BB0  6B6F               	clrf	i1rr_priority_scheduler@i& (0+255),b
  4769   001BB2  EF1B  F00E         	goto	i1l3924
  4770   001BB6                     i1l3914:
  4771                           
  4772                           ; BSR set to: 1
  4773                           ;scheduler.c: 61:         if (r_queue.TASKS[i].task_state == READY && r_queue.TASKS[i].t
      +                          ask_ptr != idle) {
  4774   001BB6  516F               	movf	i1rr_priority_scheduler@i& (0+255),w,b
  4775   001BB8  0D75               	mullw	117
  4776   001BBA  0E7B               	movlw	low (_r_queue+1)
  4777   001BBC  24F3               	addwf	243,w,c
  4778   001BBE  6ED9               	movwf	fsr2l,c
  4779   001BC0  0E04               	movlw	high (_r_queue+1)
  4780   001BC2  20F4               	addwfc	prodh,w,c
  4781   001BC4  6EDA               	movwf	fsr2h,c
  4782   001BC6  50DF               	movf	indf2,w,c
  4783   001BC8  A4D8               	btfss	status,2,c
  4784   001BCA  EFE9  F00D         	goto	i1u411_21
  4785   001BCE  EFEB  F00D         	goto	i1u411_20
  4786   001BD2                     i1u411_21:
  4787   001BD2  EF1A  F00E         	goto	i1l3922
  4788   001BD6                     i1u411_20:
  4789   001BD6                     
  4790                           ; BSR set to: 1
  4791   001BD6  516F               	movf	i1rr_priority_scheduler@i& (0+255),w,b
  4792   001BD8  0D75               	mullw	117
  4793   001BDA  0E7C               	movlw	low (_r_queue+2)
  4794   001BDC  24F3               	addwf	243,w,c
  4795   001BDE  6ED9               	movwf	fsr2l,c
  4796   001BE0  0E04               	movlw	high (_r_queue+2)
  4797   001BE2  20F4               	addwfc	prodh,w,c
  4798   001BE4  6EDA               	movwf	fsr2h,c
  4799   001BE6  0EE4               	movlw	low _idle
  4800   001BE8  18DE               	xorwf	postinc2,w,c
  4801   001BEA  E109               	bnz	i1u412_20
  4802   001BEC  0E25               	movlw	high _idle
  4803   001BEE  18DE               	xorwf	postinc2,w,c
  4804   001BF0  B4D8               	btfsc	status,2,c
  4805   001BF2  EFFD  F00D         	goto	i1u412_21
  4806   001BF6  EFFF  F00D         	goto	i1u412_20
  4807   001BFA                     i1u412_21:
  4808   001BFA  EF1A  F00E         	goto	i1l3922
  4809   001BFE                     i1u412_20:
  4810   001BFE                     
  4811                           ; BSR set to: 1
  4812                           ;scheduler.c: 62:             if (r_queue.TASKS[i].task_priority > max_priority) {
  4813   001BFE  516F               	movf	i1rr_priority_scheduler@i& (0+255),w,b
  4814   001C00  0D75               	mullw	117
  4815   001C02  0E7F               	movlw	low (_r_queue+5)
  4816   001C04  24F3               	addwf	243,w,c
  4817   001C06  6ED9               	movwf	fsr2l,c
  4818   001C08  0E04               	movlw	high (_r_queue+5)
  4819   001C0A  20F4               	addwfc	prodh,w,c
  4820   001C0C  6EDA               	movwf	fsr2h,c
  4821   001C0E  50DE               	movf	postinc2,w,c
  4822   001C10  5D6E               	subwf	i1rr_priority_scheduler@max_priority& (0+255),w,b
  4823   001C12  B0D8               	btfsc	status,0,c
  4824   001C14  EF0E  F00E         	goto	i1u413_21
  4825   001C18  EF10  F00E         	goto	i1u413_20
  4826   001C1C                     i1u413_21:
  4827   001C1C  EF1A  F00E         	goto	i1l3922
  4828   001C20                     i1u413_20:
  4829   001C20                     
  4830                           ; BSR set to: 1
  4831                           ;scheduler.c: 63:                 max_priority = r_queue.TASKS[i].task_priority;
  4832   001C20  516F               	movf	i1rr_priority_scheduler@i& (0+255),w,b
  4833   001C22  0D75               	mullw	117
  4834   001C24  0E7F               	movlw	low (_r_queue+5)
  4835   001C26  24F3               	addwf	243,w,c
  4836   001C28  6ED9               	movwf	fsr2l,c
  4837   001C2A  0E04               	movlw	high (_r_queue+5)
  4838   001C2C  20F4               	addwfc	prodh,w,c
  4839   001C2E  6EDA               	movwf	fsr2h,c
  4840   001C30  50DF               	movf	indf2,w,c
  4841   001C32  6F6E               	movwf	i1rr_priority_scheduler@max_priority& (0+255),b
  4842   001C34                     i1l3922:
  4843                           
  4844                           ; BSR set to: 1
  4845                           ;scheduler.c: 66:     }
  4846   001C34  2B6F               	incf	i1rr_priority_scheduler@i& (0+255),f,b
  4847   001C36                     i1l3924:
  4848                           
  4849                           ; BSR set to: 1
  4850   001C36  EE26  F04E         	lfsr	2,_r_queue+468
  4851   001C3A  50DE               	movf	postinc2,w,c
  4852   001C3C  5D6F               	subwf	i1rr_priority_scheduler@i& (0+255),w,b
  4853   001C3E  A0D8               	btfss	status,0,c
  4854   001C40  EF24  F00E         	goto	i1u414_21
  4855   001C44  EF26  F00E         	goto	i1u414_20
  4856   001C48                     i1u414_21:
  4857   001C48  EFDB  F00D         	goto	i1l3914
  4858   001C4C                     i1u414_20:
  4859   001C4C                     
  4860                           ; BSR set to: 1
  4861                           ;scheduler.c: 69:     uint8_t prox = r_queue.pos_task_running;
  4862   001C4C  C651  F170         	movff	_r_queue+471,i1rr_priority_scheduler@prox
  4863                           
  4864                           ;scheduler.c: 70:     uint8_t tentativas = 0;
  4865   001C50  6B6D               	clrf	i1rr_priority_scheduler@tentativas& (0+255),b
  4866   001C52                     i1l3926:
  4867                           
  4868                           ; BSR set to: 1
  4869                           ;scheduler.c: 73:         prox = (prox + 1) % r_queue.size;
  4870   001C52  0E01               	movlw	1
  4871   001C54  2570               	addwf	i1rr_priority_scheduler@prox& (0+255),w,b
  4872   001C56  6F65               	movwf	i1___awmod@dividend& (0+255),b
  4873   001C58  6B66               	clrf	(i1___awmod@dividend+1)& (0+255),b
  4874   001C5A  0E00               	movlw	0
  4875   001C5C  2366               	addwfc	(i1___awmod@dividend+1)& (0+255),f,b
  4876   001C5E  C64E  F16B         	movff	_r_queue+468,??i1_rr_priority_scheduler
  4877   001C62  516B               	movf	??i1_rr_priority_scheduler& (0+255),w,b
  4878   001C64  6F67               	movwf	i1___awmod@divisor& (0+255),b
  4879   001C66  6B68               	clrf	(i1___awmod@divisor+1)& (0+255),b
  4880   001C68  EC0C  F010         	call	i1___awmod	;wreg free
  4881   001C6C  0101               	movlb	1	; () banked
  4882   001C6E  5165               	movf	?i1___awmod& (0+255),w,b
  4883   001C70  6F70               	movwf	i1rr_priority_scheduler@prox& (0+255),b
  4884   001C72                     
  4885                           ; BSR set to: 1
  4886                           ;scheduler.c: 74:         tentativas++;
  4887   001C72  2B6D               	incf	i1rr_priority_scheduler@tentativas& (0+255),f,b
  4888   001C74                     
  4889                           ; BSR set to: 1
  4890                           ;scheduler.c: 75:         if (tentativas >= r_queue.size) {
  4891   001C74  EE26  F04E         	lfsr	2,_r_queue+468
  4892   001C78  50DE               	movf	postinc2,w,c
  4893   001C7A  5D6D               	subwf	i1rr_priority_scheduler@tentativas& (0+255),w,b
  4894   001C7C  A0D8               	btfss	status,0,c
  4895   001C7E  EF43  F00E         	goto	i1u415_21
  4896   001C82  EF45  F00E         	goto	i1u415_20
  4897   001C86                     i1u415_21:
  4898   001C86  EF8F  F00E         	goto	i1l3952
  4899   001C8A                     i1u415_20:
  4900   001C8A                     
  4901                           ; BSR set to: 1
  4902                           ;scheduler.c: 77:             for (uint8_t i = 0; i < r_queue.size; i++) {
  4903   001C8A  6B71               	clrf	i1rr_priority_scheduler@i_1223& (0+255),b
  4904   001C8C  EF81  F00E         	goto	i1l3946
  4905   001C90                     i1l3934:
  4906                           
  4907                           ; BSR set to: 1
  4908                           ;scheduler.c: 78:                 if (r_queue.TASKS[i].task_state == READY && r_queue.TA
      +                          SKS[i].task_priority == max_priority && r_queue.TASKS[i].task_ptr != idle) {
  4909   001C90  5171               	movf	i1rr_priority_scheduler@i_1223& (0+255),w,b
  4910   001C92  0D75               	mullw	117
  4911   001C94  0E7B               	movlw	low (_r_queue+1)
  4912   001C96  24F3               	addwf	243,w,c
  4913   001C98  6ED9               	movwf	fsr2l,c
  4914   001C9A  0E04               	movlw	high (_r_queue+1)
  4915   001C9C  20F4               	addwfc	prodh,w,c
  4916   001C9E  6EDA               	movwf	fsr2h,c
  4917   001CA0  50DF               	movf	indf2,w,c
  4918   001CA2  A4D8               	btfss	status,2,c
  4919   001CA4  EF56  F00E         	goto	i1u416_21
  4920   001CA8  EF58  F00E         	goto	i1u416_20
  4921   001CAC                     i1u416_21:
  4922   001CAC  EF80  F00E         	goto	i1l3944
  4923   001CB0                     i1u416_20:
  4924   001CB0                     
  4925                           ; BSR set to: 1
  4926   001CB0  5171               	movf	i1rr_priority_scheduler@i_1223& (0+255),w,b
  4927   001CB2  0D75               	mullw	117
  4928   001CB4  0E7F               	movlw	low (_r_queue+5)
  4929   001CB6  24F3               	addwf	243,w,c
  4930   001CB8  6ED9               	movwf	fsr2l,c
  4931   001CBA  0E04               	movlw	high (_r_queue+5)
  4932   001CBC  20F4               	addwfc	prodh,w,c
  4933   001CBE  6EDA               	movwf	fsr2h,c
  4934   001CC0  516E               	movf	i1rr_priority_scheduler@max_priority& (0+255),w,b
  4935   001CC2  18DE               	xorwf	postinc2,w,c
  4936   001CC4  A4D8               	btfss	status,2,c
  4937   001CC6  EF67  F00E         	goto	i1u417_21
  4938   001CCA  EF69  F00E         	goto	i1u417_20
  4939   001CCE                     i1u417_21:
  4940   001CCE  EF80  F00E         	goto	i1l3944
  4941   001CD2                     i1u417_20:
  4942   001CD2                     
  4943                           ; BSR set to: 1
  4944   001CD2  5171               	movf	i1rr_priority_scheduler@i_1223& (0+255),w,b
  4945   001CD4  0D75               	mullw	117
  4946   001CD6  0E7C               	movlw	low (_r_queue+2)
  4947   001CD8  24F3               	addwf	243,w,c
  4948   001CDA  6ED9               	movwf	fsr2l,c
  4949   001CDC  0E04               	movlw	high (_r_queue+2)
  4950   001CDE  20F4               	addwfc	prodh,w,c
  4951   001CE0  6EDA               	movwf	fsr2h,c
  4952   001CE2  0EE4               	movlw	low _idle
  4953   001CE4  18DE               	xorwf	postinc2,w,c
  4954   001CE6  E109               	bnz	i1u418_20
  4955   001CE8  0E25               	movlw	high _idle
  4956   001CEA  18DE               	xorwf	postinc2,w,c
  4957   001CEC  B4D8               	btfsc	status,2,c
  4958   001CEE  EF7B  F00E         	goto	i1u418_21
  4959   001CF2  EF7D  F00E         	goto	i1u418_20
  4960   001CF6                     i1u418_21:
  4961   001CF6  EF80  F00E         	goto	i1l3944
  4962   001CFA                     i1u418_20:
  4963   001CFA                     
  4964                           ; BSR set to: 1
  4965                           ;scheduler.c: 79:                     return i;
  4966   001CFA  5171               	movf	i1rr_priority_scheduler@i_1223& (0+255),w,b
  4967   001CFC  EFC5  F00E         	goto	i1l418
  4968   001D00                     i1l3944:
  4969                           
  4970                           ; BSR set to: 1
  4971                           ;scheduler.c: 81:             }
  4972   001D00  2B71               	incf	i1rr_priority_scheduler@i_1223& (0+255),f,b
  4973   001D02                     i1l3946:
  4974                           
  4975                           ; BSR set to: 1
  4976   001D02  EE26  F04E         	lfsr	2,_r_queue+468
  4977   001D06  50DE               	movf	postinc2,w,c
  4978   001D08  5D71               	subwf	i1rr_priority_scheduler@i_1223& (0+255),w,b
  4979   001D0A  A0D8               	btfss	status,0,c
  4980   001D0C  EF8A  F00E         	goto	i1u419_21
  4981   001D10  EF8C  F00E         	goto	i1u419_20
  4982   001D14                     i1u419_21:
  4983   001D14  EF48  F00E         	goto	i1l3934
  4984   001D18                     i1u419_20:
  4985   001D18                     
  4986                           ; BSR set to: 1
  4987                           ;scheduler.c: 82:             return 0;
  4988   001D18  0E00               	movlw	0
  4989   001D1A  EFC5  F00E         	goto	i1l418
  4990   001D1E                     i1l3952:
  4991                           
  4992                           ; BSR set to: 1
  4993                           ;scheduler.c: 84:     } while (!(r_queue.TASKS[prox].task_state == READY && r_queue.TASK
      +                          S[prox].task_priority == max_priority && r_queue.TASKS[prox].task_ptr != idle));
  4994   001D1E  5170               	movf	i1rr_priority_scheduler@prox& (0+255),w,b
  4995   001D20  0D75               	mullw	117
  4996   001D22  0E7B               	movlw	low (_r_queue+1)
  4997   001D24  24F3               	addwf	243,w,c
  4998   001D26  6ED9               	movwf	fsr2l,c
  4999   001D28  0E04               	movlw	high (_r_queue+1)
  5000   001D2A  20F4               	addwfc	prodh,w,c
  5001   001D2C  6EDA               	movwf	fsr2h,c
  5002   001D2E  50DF               	movf	indf2,w,c
  5003   001D30  A4D8               	btfss	status,2,c
  5004   001D32  EF9D  F00E         	goto	i1u420_21
  5005   001D36  EF9F  F00E         	goto	i1u420_20
  5006   001D3A                     i1u420_21:
  5007   001D3A  EF29  F00E         	goto	i1l3926
  5008   001D3E                     i1u420_20:
  5009   001D3E                     
  5010                           ; BSR set to: 1
  5011   001D3E  5170               	movf	i1rr_priority_scheduler@prox& (0+255),w,b
  5012   001D40  0D75               	mullw	117
  5013   001D42  0E7F               	movlw	low (_r_queue+5)
  5014   001D44  24F3               	addwf	243,w,c
  5015   001D46  6ED9               	movwf	fsr2l,c
  5016   001D48  0E04               	movlw	high (_r_queue+5)
  5017   001D4A  20F4               	addwfc	prodh,w,c
  5018   001D4C  6EDA               	movwf	fsr2h,c
  5019   001D4E  516E               	movf	i1rr_priority_scheduler@max_priority& (0+255),w,b
  5020   001D50  18DE               	xorwf	postinc2,w,c
  5021   001D52  A4D8               	btfss	status,2,c
  5022   001D54  EFAE  F00E         	goto	i1u421_21
  5023   001D58  EFB0  F00E         	goto	i1u421_20
  5024   001D5C                     i1u421_21:
  5025   001D5C  EF29  F00E         	goto	i1l3926
  5026   001D60                     i1u421_20:
  5027   001D60                     
  5028                           ; BSR set to: 1
  5029   001D60  5170               	movf	i1rr_priority_scheduler@prox& (0+255),w,b
  5030   001D62  0D75               	mullw	117
  5031   001D64  0E7C               	movlw	low (_r_queue+2)
  5032   001D66  24F3               	addwf	243,w,c
  5033   001D68  6ED9               	movwf	fsr2l,c
  5034   001D6A  0E04               	movlw	high (_r_queue+2)
  5035   001D6C  20F4               	addwfc	prodh,w,c
  5036   001D6E  6EDA               	movwf	fsr2h,c
  5037   001D70  0EE4               	movlw	low _idle
  5038   001D72  18DE               	xorwf	postinc2,w,c
  5039   001D74  E109               	bnz	i1u422_20
  5040   001D76  0E25               	movlw	high _idle
  5041   001D78  18DE               	xorwf	postinc2,w,c
  5042   001D7A  B4D8               	btfsc	status,2,c
  5043   001D7C  EFC2  F00E         	goto	i1u422_21
  5044   001D80  EFC4  F00E         	goto	i1u422_20
  5045   001D84                     i1u422_21:
  5046   001D84  EF29  F00E         	goto	i1l3926
  5047   001D88                     i1u422_20:
  5048   001D88                     
  5049                           ; BSR set to: 1
  5050                           ;scheduler.c: 86:     return prox;
  5051   001D88  5170               	movf	i1rr_priority_scheduler@prox& (0+255),w,b
  5052   001D8A                     i1l418:
  5053                           
  5054                           ; BSR set to: 1
  5055   001D8A  0012               	return		;funcret
  5056   001D8C                     __end_ofi1_rr_priority_scheduler:
  5057                           	callstack 0
  5058                           
  5059 ;; *************** function _sem_post *****************
  5060 ;; Defined at:
  5061 ;;		line 33 in file "sync.c"
  5062 ;; Parameters:    Size  Location     Type
  5063 ;;  sem             1  107[BANK1 ] PTR struct sem
  5064 ;;		 -> p(20), 
  5065 ;; Auto vars:     Size  Location     Type
  5066 ;;		None
  5067 ;; Return value:  Size  Location     Type
  5068 ;;                  1    wreg      void 
  5069 ;; Registers used:
  5070 ;;		wreg, fsr1l, fsr1h, fsr2l, fsr2h, status,2, status,0, prodl, prodh, cstack
  5071 ;; Tracked objects:
  5072 ;;		On entry : 0/0
  5073 ;;		On exit  : 0/0
  5074 ;;		Unchanged: 0/0
  5075 ;; Data sizes:     COMRAM   BANK0   BANK1   BANK2   BANK3   BANK4   BANK5   BANK6   BANK7   BANK8   BANK9  BANK10  BANK1
      +1  BANK12  BANK13  BANK14  BANK15
  5076 ;;      Params:         0       0       1       0       0       0       0       0       0       0       0       0       
      +0       0       0       0       0
  5077 ;;      Locals:         0       0       0       0       0       0       0       0       0       0       0       0       
      +0       0       0       0       0
  5078 ;;      Temps:          0       0       2       0       0       0       0       0       0       0       0       0       
      +0       0       0       0       0
  5079 ;;      Totals:         0       0       3       0       0       0       0       0       0       0       0       0       
      +0       0       0       0       0
  5080 ;;Total ram usage:        3 bytes
  5081 ;; Hardware stack levels used: 1
  5082 ;; Hardware stack levels required when called: 5
  5083 ;; This function calls:
  5084 ;;		i1___awmod
  5085 ;; This function is called by:
  5086 ;;		_pipe_write
  5087 ;;		_pipe_read
  5088 ;; This function uses a non-reentrant model
  5089 ;;
  5090                           
  5091                           	psect	text17
  5092   002176                     __ptext17:
  5093                           	callstack 0
  5094   002176                     _sem_post:
  5095                           	callstack 19
  5096   002176                     
  5097                           ;sync.c: 33: void sem_post(sem_t *sem);sync.c: 34: {;sync.c: 35:     INTCONbits.GIE = 0;
      +                          ;
  5098   002176  9EF2               	bcf	242,7,c	;volatile
  5099   002178                     
  5100                           ;sync.c: 37:     sem->contador++;
  5101   002178  0101               	movlb	1	; () banked
  5102   00217A  516B               	movf	sem_post@sem& (0+255),w,b
  5103   00217C  6ED9               	movwf	fsr2l,c
  5104   00217E  6ADA               	clrf	fsr2h,c
  5105   002180  2ADE               	incf	postinc2,f,c
  5106   002182  0E00               	movlw	0
  5107   002184  22DD               	addwfc	postdec2,f,c
  5108                           
  5109                           ;sync.c: 38:     if (sem->contador <= 0) {
  5110   002186  516B               	movf	sem_post@sem& (0+255),w,b
  5111   002188  6ED9               	movwf	fsr2l,c
  5112   00218A  6ADA               	clrf	fsr2h,c
  5113   00218C  0E01               	movlw	1
  5114   00218E  BEDB               	btfsc	plusw2,7,c
  5115   002190  EFD5  F010         	goto	i1u430_20
  5116   002194  0E01               	movlw	1
  5117   002196  50DB               	movf	plusw2,w,c
  5118   002198  E106               	bnz	i1u430_21
  5119   00219A  04DE               	decf	postinc2,w,c
  5120   00219C  B0D8               	btfsc	status,0,c
  5121   00219E  EFD3  F010         	goto	i1u430_21
  5122   0021A2  EFD5  F010         	goto	i1u430_20
  5123   0021A6                     i1u430_21:
  5124   0021A6  EF07  F011         	goto	i1l4016
  5125   0021AA                     i1u430_20:
  5126   0021AA                     
  5127                           ; BSR set to: 1
  5128                           ;sync.c: 40:         r_queue.TASKS[sem->fila[sem->pos_output]].task_state = READY;
  5129   0021AA  516B               	movf	sem_post@sem& (0+255),w,b
  5130   0021AC  6ED9               	movwf	fsr2l,c
  5131   0021AE  6ADA               	clrf	fsr2h,c
  5132   0021B0  0E06               	movlw	6
  5133   0021B2  26D9               	addwf	fsr2l,f,c
  5134   0021B4  50DF               	movf	indf2,w,c
  5135   0021B6  6F6C               	movwf	??_sem_post& (0+255),b
  5136   0021B8  516B               	movf	sem_post@sem& (0+255),w,b
  5137   0021BA  256C               	addwf	??_sem_post& (0+255),w,b
  5138   0021BC  6ED9               	movwf	fsr2l,c
  5139   0021BE  6ADA               	clrf	fsr2h,c
  5140   0021C0  0E02               	movlw	2
  5141   0021C2  26D9               	addwf	fsr2l,f,c
  5142   0021C4  50DF               	movf	indf2,w,c
  5143   0021C6  6F6D               	movwf	(??_sem_post+1)& (0+255),b
  5144   0021C8  516D               	movf	(??_sem_post+1)& (0+255),w,b
  5145   0021CA  0D75               	mullw	117
  5146   0021CC  0E7B               	movlw	low (_r_queue+1)
  5147   0021CE  24F3               	addwf	243,w,c
  5148   0021D0  6ED9               	movwf	fsr2l,c
  5149   0021D2  0E04               	movlw	high (_r_queue+1)
  5150   0021D4  20F4               	addwfc	prodh,w,c
  5151   0021D6  6EDA               	movwf	fsr2h,c
  5152   0021D8  6ADF               	clrf	indf2,c
  5153   0021DA                     
  5154                           ; BSR set to: 1
  5155                           ;sync.c: 41:         sem->pos_output = (sem->pos_output + 1) % 3;
  5156   0021DA  516B               	movf	sem_post@sem& (0+255),w,b
  5157   0021DC  6ED9               	movwf	fsr2l,c
  5158   0021DE  6ADA               	clrf	fsr2h,c
  5159   0021E0  0E06               	movlw	6
  5160   0021E2  26D9               	addwf	fsr2l,f,c
  5161   0021E4  516B               	movf	sem_post@sem& (0+255),w,b
  5162   0021E6  6EE1               	movwf	fsr1l,c
  5163   0021E8  6AE2               	clrf	fsr1h,c
  5164   0021EA  0E06               	movlw	6
  5165   0021EC  26E1               	addwf	fsr1l,f,c
  5166   0021EE  50E7               	movf	indf1,w,c
  5167   0021F0  6F6C               	movwf	??_sem_post& (0+255),b
  5168   0021F2  0E01               	movlw	1
  5169   0021F4  256C               	addwf	??_sem_post& (0+255),w,b
  5170   0021F6  6F65               	movwf	i1___awmod@dividend& (0+255),b
  5171   0021F8  6B66               	clrf	(i1___awmod@dividend+1)& (0+255),b
  5172   0021FA  0E00               	movlw	0
  5173   0021FC  2366               	addwfc	(i1___awmod@dividend+1)& (0+255),f,b
  5174   0021FE  6B68               	clrf	(i1___awmod@divisor+1)& (0+255),b
  5175   002200  0E03               	movlw	3
  5176   002202  6F67               	movwf	i1___awmod@divisor& (0+255),b
  5177   002204  EC0C  F010         	call	i1___awmod	;wreg free
  5178   002208  0101               	movlb	1	; () banked
  5179   00220A  5165               	movf	?i1___awmod& (0+255),w,b
  5180   00220C  6EDF               	movwf	indf2,c
  5181   00220E                     i1l4016:
  5182                           
  5183                           ; BSR set to: 1
  5184                           ;sync.c: 44:     INTCONbits.GIE = 1;;
  5185   00220E  8EF2               	bsf	242,7,c	;volatile
  5186   002210                     
  5187                           ; BSR set to: 1
  5188   002210  0012               	return		;funcret
  5189   002212                     __end_of_sem_post:
  5190                           	callstack 0
  5191                           
  5192 ;; *************** function i1___awmod *****************
  5193 ;; Defined at:
  5194 ;;		line 7 in file "C:\Program Files\Microchip\xc8\v3.10\pic\sources\c99\common\awmod.c"
  5195 ;; Parameters:    Size  Location     Type
  5196 ;;  dividend        2  101[BANK1 ] int 
  5197 ;;  divisor         2  103[BANK1 ] int 
  5198 ;; Auto vars:     Size  Location     Type
  5199 ;;  sign            1  106[BANK1 ] unsigned char 
  5200 ;;  counter         1  105[BANK1 ] unsigned char 
  5201 ;; Return value:  Size  Location     Type
  5202 ;;                  2  101[BANK1 ] int 
  5203 ;; Registers used:
  5204 ;;		wreg, status,2, status,0
  5205 ;; Tracked objects:
  5206 ;;		On entry : 0/0
  5207 ;;		On exit  : 0/0
  5208 ;;		Unchanged: 0/0
  5209 ;; Data sizes:     COMRAM   BANK0   BANK1   BANK2   BANK3   BANK4   BANK5   BANK6   BANK7   BANK8   BANK9  BANK10  BANK1
      +1  BANK12  BANK13  BANK14  BANK15
  5210 ;;      Params:         0       0       4       0       0       0       0       0       0       0       0       0       
      +0       0       0       0       0
  5211 ;;      Locals:         0       0       2       0       0       0       0       0       0       0       0       0       
      +0       0       0       0       0
  5212 ;;      Temps:          0       0       0       0       0       0       0       0       0       0       0       0       
      +0       0       0       0       0
  5213 ;;      Totals:         0       0       6       0       0       0       0       0       0       0       0       0       
      +0       0       0       0       0
  5214 ;;Total ram usage:        6 bytes
  5215 ;; Hardware stack levels used: 1
  5216 ;; Hardware stack levels required when called: 4
  5217 ;; This function calls:
  5218 ;;		Nothing
  5219 ;; This function is called by:
  5220 ;;		_sem_wait
  5221 ;;		_sem_post
  5222 ;;		_LED_1
  5223 ;;		i1_rr_priority_scheduler
  5224 ;; This function uses a non-reentrant model
  5225 ;;
  5226                           
  5227                           	psect	text18
  5228   002018                     __ptext18:
  5229                           	callstack 0
  5230   002018                     i1___awmod:
  5231                           	callstack 17
  5232   002018  0101               	movlb	1	; () banked
  5233   00201A  6B6A               	clrf	i1___awmod@sign& (0+255),b
  5234   00201C                     
  5235                           ; BSR set to: 1
  5236   00201C  BF66               	btfsc	(i1___awmod@dividend+1)& (0+255),7,b
  5237   00201E  EF15  F010         	goto	i1u405_20
  5238   002022  EF13  F010         	goto	i1u405_21
  5239   002026                     i1u405_21:
  5240   002026  EF1B  F010         	goto	i1l3884
  5241   00202A                     i1u405_20:
  5242   00202A                     
  5243                           ; BSR set to: 1
  5244   00202A  6D65               	negf	i1___awmod@dividend& (0+255),b
  5245   00202C  1F66               	comf	(i1___awmod@dividend+1)& (0+255),f,b
  5246   00202E  B0D8               	btfsc	status,0,c
  5247   002030  2B66               	incf	(i1___awmod@dividend+1)& (0+255),f,b
  5248   002032                     
  5249                           ; BSR set to: 1
  5250   002032  0E01               	movlw	1
  5251   002034  6F6A               	movwf	i1___awmod@sign& (0+255),b
  5252   002036                     i1l3884:
  5253                           
  5254                           ; BSR set to: 1
  5255   002036  BF68               	btfsc	(i1___awmod@divisor+1)& (0+255),7,b
  5256   002038  EF22  F010         	goto	i1u406_20
  5257   00203C  EF20  F010         	goto	i1u406_21
  5258   002040                     i1u406_21:
  5259   002040  EF26  F010         	goto	i1l3888
  5260   002044                     i1u406_20:
  5261   002044                     
  5262                           ; BSR set to: 1
  5263   002044  6D67               	negf	i1___awmod@divisor& (0+255),b
  5264   002046  1F68               	comf	(i1___awmod@divisor+1)& (0+255),f,b
  5265   002048  B0D8               	btfsc	status,0,c
  5266   00204A  2B68               	incf	(i1___awmod@divisor+1)& (0+255),f,b
  5267   00204C                     i1l3888:
  5268                           
  5269                           ; BSR set to: 1
  5270   00204C  5167               	movf	i1___awmod@divisor& (0+255),w,b
  5271   00204E  1168               	iorwf	(i1___awmod@divisor+1)& (0+255),w,b
  5272   002050  B4D8               	btfsc	status,2,c
  5273   002052  EF2D  F010         	goto	i1u407_21
  5274   002056  EF2F  F010         	goto	i1u407_20
  5275   00205A                     i1u407_21:
  5276   00205A  EF53  F010         	goto	i1l3904
  5277   00205E                     i1u407_20:
  5278   00205E                     
  5279                           ; BSR set to: 1
  5280   00205E  0E01               	movlw	1
  5281   002060  6F69               	movwf	i1___awmod@counter& (0+255),b
  5282   002062  EF37  F010         	goto	i1l3894
  5283   002066                     i1l3892:
  5284                           
  5285                           ; BSR set to: 1
  5286   002066  90D8               	bcf	status,0,c
  5287   002068  3767               	rlcf	i1___awmod@divisor& (0+255),f,b
  5288   00206A  3768               	rlcf	(i1___awmod@divisor+1)& (0+255),f,b
  5289   00206C  2B69               	incf	i1___awmod@counter& (0+255),f,b
  5290   00206E                     i1l3894:
  5291                           
  5292                           ; BSR set to: 1
  5293   00206E  AF68               	btfss	(i1___awmod@divisor+1)& (0+255),7,b
  5294   002070  EF3C  F010         	goto	i1u408_21
  5295   002074  EF3E  F010         	goto	i1u408_20
  5296   002078                     i1u408_21:
  5297   002078  EF33  F010         	goto	i1l3892
  5298   00207C                     i1u408_20:
  5299   00207C                     i1l3896:
  5300                           
  5301                           ; BSR set to: 1
  5302   00207C  5167               	movf	i1___awmod@divisor& (0+255),w,b
  5303   00207E  5D65               	subwf	i1___awmod@dividend& (0+255),w,b
  5304   002080  5168               	movf	(i1___awmod@divisor+1)& (0+255),w,b
  5305   002082  5966               	subwfb	(i1___awmod@dividend+1)& (0+255),w,b
  5306   002084  A0D8               	btfss	status,0,c
  5307   002086  EF47  F010         	goto	i1u409_21
  5308   00208A  EF49  F010         	goto	i1u409_20
  5309   00208E                     i1u409_21:
  5310   00208E  EF4D  F010         	goto	i1l3900
  5311   002092                     i1u409_20:
  5312   002092                     
  5313                           ; BSR set to: 1
  5314   002092  5167               	movf	i1___awmod@divisor& (0+255),w,b
  5315   002094  5F65               	subwf	i1___awmod@dividend& (0+255),f,b
  5316   002096  5168               	movf	(i1___awmod@divisor+1)& (0+255),w,b
  5317   002098  5B66               	subwfb	(i1___awmod@dividend+1)& (0+255),f,b
  5318   00209A                     i1l3900:
  5319                           
  5320                           ; BSR set to: 1
  5321   00209A  90D8               	bcf	status,0,c
  5322   00209C  3368               	rrcf	(i1___awmod@divisor+1)& (0+255),f,b
  5323   00209E  3367               	rrcf	i1___awmod@divisor& (0+255),f,b
  5324   0020A0                     
  5325                           ; BSR set to: 1
  5326   0020A0  2F69               	decfsz	i1___awmod@counter& (0+255),f,b
  5327   0020A2  EF3E  F010         	goto	i1l3896
  5328   0020A6                     i1l3904:
  5329                           
  5330                           ; BSR set to: 1
  5331   0020A6  516A               	movf	i1___awmod@sign& (0+255),w,b
  5332   0020A8  B4D8               	btfsc	status,2,c
  5333   0020AA  EF59  F010         	goto	i1u410_21
  5334   0020AE  EF5B  F010         	goto	i1u410_20
  5335   0020B2                     i1u410_21:
  5336   0020B2  EF5F  F010         	goto	i1l3908
  5337   0020B6                     i1u410_20:
  5338   0020B6                     
  5339                           ; BSR set to: 1
  5340   0020B6  6D65               	negf	i1___awmod@dividend& (0+255),b
  5341   0020B8  1F66               	comf	(i1___awmod@dividend+1)& (0+255),f,b
  5342   0020BA  B0D8               	btfsc	status,0,c
  5343   0020BC  2B66               	incf	(i1___awmod@dividend+1)& (0+255),f,b
  5344   0020BE                     i1l3908:
  5345                           
  5346                           ; BSR set to: 1
  5347   0020BE  C165  F165         	movff	i1___awmod@dividend,?i1___awmod
  5348   0020C2  C166  F166         	movff	i1___awmod@dividend+1,?i1___awmod+1
  5349   0020C6                     
  5350                           ; BSR set to: 1
  5351   0020C6  0012               	return		;funcret
  5352   0020C8                     __end_ofi1___awmod:
  5353                           	callstack 0
  5354                           
  5355 ;; *************** function _LED_2 *****************
  5356 ;; Defined at:
  5357 ;;		line 59 in file "user.c"
  5358 ;; Parameters:    Size  Location     Type
  5359 ;;		None
  5360 ;; Auto vars:     Size  Location     Type
  5361 ;;		None
  5362 ;; Return value:  Size  Location     Type
  5363 ;;                  1    wreg      void 
  5364 ;; Registers used:
  5365 ;;		wreg, status,2, status,0
  5366 ;; Tracked objects:
  5367 ;;		On entry : 0/0
  5368 ;;		On exit  : 0/0
  5369 ;;		Unchanged: 0/0
  5370 ;; Data sizes:     COMRAM   BANK0   BANK1   BANK2   BANK3   BANK4   BANK5   BANK6   BANK7   BANK8   BANK9  BANK10  BANK1
      +1  BANK12  BANK13  BANK14  BANK15
  5371 ;;      Params:         0       0       0       0       0       0       0       0       0       0       0       0       
      +0       0       0       0       0
  5372 ;;      Locals:         0       0       0       0       0       0       0       0       0       0       0       0       
      +0       0       0       0       0
  5373 ;;      Temps:          0       0       1       0       0       0       0       0       0       0       0       0       
      +0       0       0       0       0
  5374 ;;      Totals:         0       0       1       0       0       0       0       0       0       0       0       0       
      +0       0       0       0       0
  5375 ;;Total ram usage:        1 bytes
  5376 ;; Hardware stack levels used: 1
  5377 ;; Hardware stack levels required when called: 4
  5378 ;; This function calls:
  5379 ;;		Nothing
  5380 ;; This function is called by:
  5381 ;;		_main
  5382 ;; This function uses a non-reentrant model
  5383 ;;
  5384                           
  5385                           	psect	text19
  5386   00253C                     __ptext19:
  5387                           	callstack 0
  5388   00253C                     _LED_2:
  5389                           	callstack 22
  5390   00253C                     l328:
  5391   00253C                     
  5392                           ;user.c: 64:         PORTCbits.RC7 = ~PORTCbits.RC7;
  5393   00253C  BE82               	btfsc	130,7,c	;volatile
  5394   00253E  EFA3  F012         	goto	u433_21
  5395   002542  EFA6  F012         	goto	u433_20
  5396   002546                     u433_21:
  5397   002546  0E01               	movlw	1
  5398   002548  EFA7  F012         	goto	u433_26
  5399   00254C                     u433_20:
  5400   00254C  0E00               	movlw	0
  5401   00254E                     u433_26:
  5402   00254E  0AFF               	xorlw	255
  5403   002550  0101               	movlb	1	; () banked
  5404   002552  6F64               	movwf	??_LED_2& (0+255),b
  5405   002554  3364               	rrcf	??_LED_2& (0+255),f,b
  5406   002556  3364               	rrcf	??_LED_2& (0+255),f,b
  5407   002558  5082               	movf	130,w,c	;volatile
  5408   00255A  1964               	xorwf	??_LED_2& (0+255),w,b
  5409   00255C  0B7F               	andlw	-129
  5410   00255E  1964               	xorwf	??_LED_2& (0+255),w,b
  5411   002560  6E82               	movwf	130,c	;volatile
  5412   002562  EF9E  F012         	goto	l328
  5413   002566  0012               	return		;funcret
  5414   002568                     __end_of_LED_2:
  5415                           	callstack 0
  5416                           
  5417 ;; *************** function _LED_3 *****************
  5418 ;; Defined at:
  5419 ;;		line 70 in file "user.c"
  5420 ;; Parameters:    Size  Location     Type
  5421 ;;		None
  5422 ;; Auto vars:     Size  Location     Type
  5423 ;;  dado            1  129[BANK1 ] unsigned char 
  5424 ;; Return value:  Size  Location     Type
  5425 ;;                  1    wreg      void 
  5426 ;; Registers used:
  5427 ;;		wreg, fsr1l, fsr1h, fsr2l, fsr2h, status,2, status,0, prodl, prodh, cstack
  5428 ;; Tracked objects:
  5429 ;;		On entry : 0/0
  5430 ;;		On exit  : 0/0
  5431 ;;		Unchanged: 0/0
  5432 ;; Data sizes:     COMRAM   BANK0   BANK1   BANK2   BANK3   BANK4   BANK5   BANK6   BANK7   BANK8   BANK9  BANK10  BANK1
      +1  BANK12  BANK13  BANK14  BANK15
  5433 ;;      Params:         0       0       0       0       0       0       0       0       0       0       0       0       
      +0       0       0       0       0
  5434 ;;      Locals:         0       0       1       0       0       0       0       0       0       0       0       0       
      +0       0       0       0       0
  5435 ;;      Temps:          0       0       0       0       0       0       0       0       0       0       0       0       
      +0       0       0       0       0
  5436 ;;      Totals:         0       0       1       0       0       0       0       0       0       0       0       0       
      +0       0       0       0       0
  5437 ;;Total ram usage:        1 bytes
  5438 ;; Hardware stack levels used: 1
  5439 ;; Hardware stack levels required when called: 9
  5440 ;; This function calls:
  5441 ;;		_pipe_read
  5442 ;; This function is called by:
  5443 ;;		_main
  5444 ;; This function uses a non-reentrant model
  5445 ;;
  5446                           
  5447                           	psect	text20
  5448   00245A                     __ptext20:
  5449                           	callstack 0
  5450   00245A                     _LED_3:
  5451                           	callstack 17
  5452   00245A                     l334:
  5453   00245A                     
  5454                           ;user.c: 74:         pipe_read(&p, &dado);
  5455   00245A  0E60               	movlw	low _p
  5456   00245C  0101               	movlb	1	; () banked
  5457   00245E  6F7D               	movwf	pipe_read@p& (0+255),b
  5458   002460  0E81               	movlw	low LED_3@dado
  5459   002462  6F7E               	movwf	pipe_read@dado& (0+255),b
  5460   002464  0E01               	movlw	high LED_3@dado
  5461   002466  6F7F               	movwf	(pipe_read@dado+1)& (0+255),b
  5462   002468  ECB1  F011         	call	_pipe_read	;wreg free
  5463   00246C                     
  5464                           ;user.c: 75:         if (dado == 'L')
  5465   00246C  0E4C               	movlw	76
  5466   00246E  0101               	movlb	1	; () banked
  5467   002470  1981               	xorwf	LED_3@dado& (0+255),w,b
  5468   002472  A4D8               	btfss	status,2,c
  5469   002474  EF3E  F012         	goto	u488_21
  5470   002478  EF40  F012         	goto	u488_20
  5471   00247C                     u488_21:
  5472   00247C  EF43  F012         	goto	l4454
  5473   002480                     u488_20:
  5474   002480                     
  5475                           ; BSR set to: 1
  5476                           ;user.c: 76:             PORTDbits.RD0 = 1;
  5477   002480  8083               	bsf	131,0,c	;volatile
  5478   002482  EF2D  F012         	goto	l334
  5479   002486                     l4454:
  5480                           
  5481                           ; BSR set to: 1
  5482   002486  0E44               	movlw	68
  5483   002488  1981               	xorwf	LED_3@dado& (0+255),w,b
  5484   00248A  A4D8               	btfss	status,2,c
  5485   00248C  EF4A  F012         	goto	u489_21
  5486   002490  EF4C  F012         	goto	u489_20
  5487   002494                     u489_21:
  5488   002494  EF2D  F012         	goto	l334
  5489   002498                     u489_20:
  5490   002498                     
  5491                           ; BSR set to: 1
  5492                           ;user.c: 78:             PORTDbits.RD0 = 0;
  5493   002498  9083               	bcf	131,0,c	;volatile
  5494   00249A  EF2D  F012         	goto	l334
  5495   00249E  0012               	return		;funcret
  5496   0024A0                     __end_of_LED_3:
  5497                           	callstack 0
  5498                           
  5499 ;; *************** function _pipe_read *****************
  5500 ;; Defined at:
  5501 ;;		line 19 in file "com.c"
  5502 ;; Parameters:    Size  Location     Type
  5503 ;;  p               1  125[BANK1 ] PTR struct pipe
  5504 ;;		 -> p(20), 
  5505 ;;  dado            2  126[BANK1 ] PTR unsigned char 
  5506 ;;		 -> LED_3@dado(1), 
  5507 ;; Auto vars:     Size  Location     Type
  5508 ;;		None
  5509 ;; Return value:  Size  Location     Type
  5510 ;;                  1    wreg      void 
  5511 ;; Registers used:
  5512 ;;		wreg, fsr1l, fsr1h, fsr2l, fsr2h, status,2, status,0, prodl, prodh, cstack
  5513 ;; Tracked objects:
  5514 ;;		On entry : 0/0
  5515 ;;		On exit  : 0/0
  5516 ;;		Unchanged: 0/0
  5517 ;; Data sizes:     COMRAM   BANK0   BANK1   BANK2   BANK3   BANK4   BANK5   BANK6   BANK7   BANK8   BANK9  BANK10  BANK1
      +1  BANK12  BANK13  BANK14  BANK15
  5518 ;;      Params:         0       0       3       0       0       0       0       0       0       0       0       0       
      +0       0       0       0       0
  5519 ;;      Locals:         0       0       0       0       0       0       0       0       0       0       0       0       
      +0       0       0       0       0
  5520 ;;      Temps:          0       0       1       0       0       0       0       0       0       0       0       0       
      +0       0       0       0       0
  5521 ;;      Totals:         0       0       4       0       0       0       0       0       0       0       0       0       
      +0       0       0       0       0
  5522 ;;Total ram usage:        4 bytes
  5523 ;; Hardware stack levels used: 1
  5524 ;; Hardware stack levels required when called: 8
  5525 ;; This function calls:
  5526 ;;		_sem_post
  5527 ;;		_sem_wait
  5528 ;; This function is called by:
  5529 ;;		_LED_3
  5530 ;; This function uses a non-reentrant model
  5531 ;;
  5532                           
  5533                           	psect	text21
  5534   002362                     __ptext21:
  5535                           	callstack 0
  5536   002362                     _pipe_read:
  5537                           	callstack 17
  5538   002362                     
  5539                           ;com.c: 19: void pipe_read(pipe_t *p, char *dado);com.c: 20: {;com.c: 21:     sem_wait(&
      +                          p->s_output);
  5540   002362  0101               	movlb	1	; () banked
  5541   002364  517D               	movf	pipe_read@p& (0+255),w,b
  5542   002366  0F0D               	addlw	13
  5543   002368  6F75               	movwf	sem_wait@sem& (0+255),b
  5544   00236A  EC01  F008         	call	_sem_wait	;wreg free
  5545   00236E                     
  5546                           ;com.c: 22:     *dado = p->fila_dados[p->pos_output];
  5547   00236E  0101               	movlb	1	; () banked
  5548   002370  517D               	movf	pipe_read@p& (0+255),w,b
  5549   002372  6ED9               	movwf	fsr2l,c
  5550   002374  6ADA               	clrf	fsr2h,c
  5551   002376  0E05               	movlw	5
  5552   002378  26D9               	addwf	fsr2l,f,c
  5553   00237A  50DF               	movf	indf2,w,c
  5554   00237C  6F80               	movwf	??_pipe_read& (0+255),b
  5555   00237E  517D               	movf	pipe_read@p& (0+255),w,b
  5556   002380  2580               	addwf	??_pipe_read& (0+255),w,b
  5557   002382  6ED9               	movwf	fsr2l,c
  5558   002384  6ADA               	clrf	fsr2h,c
  5559   002386  C17E  FFE1         	movff	pipe_read@dado,fsr1l
  5560   00238A  C17F  FFE2         	movff	pipe_read@dado+1,fsr1h
  5561   00238E  CFDF FFE7          	movff	indf2,indf1
  5562   002392                     
  5563                           ; BSR set to: 1
  5564                           ;com.c: 23:     p->pos_output = (p->pos_output + 1) % 4;
  5565   002392  517D               	movf	pipe_read@p& (0+255),w,b
  5566   002394  6ED9               	movwf	fsr2l,c
  5567   002396  6ADA               	clrf	fsr2h,c
  5568   002398  0E05               	movlw	5
  5569   00239A  26D9               	addwf	fsr2l,f,c
  5570   00239C  517D               	movf	pipe_read@p& (0+255),w,b
  5571   00239E  6EE1               	movwf	fsr1l,c
  5572   0023A0  6AE2               	clrf	fsr1h,c
  5573   0023A2  0E05               	movlw	5
  5574   0023A4  26E1               	addwf	fsr1l,f,c
  5575   0023A6  50E7               	movf	indf1,w,c
  5576   0023A8  6F80               	movwf	??_pipe_read& (0+255),b
  5577   0023AA  2980               	incf	??_pipe_read& (0+255),w,b
  5578   0023AC  0B03               	andlw	3
  5579   0023AE  6EDF               	movwf	indf2,c
  5580                           
  5581                           ;com.c: 24:     sem_post(&p->s_input);
  5582   0023B0  517D               	movf	pipe_read@p& (0+255),w,b
  5583   0023B2  0F06               	addlw	6
  5584   0023B4  6F6B               	movwf	sem_post@sem& (0+255),b
  5585   0023B6  ECBB  F010         	call	_sem_post	;wreg free
  5586   0023BA  0012               	return		;funcret
  5587   0023BC                     __end_of_pipe_read:
  5588                           	callstack 0
  5589                           
  5590 ;; *************** function _ISR *****************
  5591 ;; Defined at:
  5592 ;;		line 23 in file "hw.c"
  5593 ;; Parameters:    Size  Location     Type
  5594 ;;		None
  5595 ;; Auto vars:     Size  Location     Type
  5596 ;;  i               2   29[COMRAM] int 
  5597 ;; Return value:  Size  Location     Type
  5598 ;;                  1    wreg      void 
  5599 ;; Registers used:
  5600 ;;		wreg, fsr1l, fsr1h, fsr2l, fsr2h, status,2, status,0, prodl, prodh, cstack
  5601 ;; Tracked objects:
  5602 ;;		On entry : 0/0
  5603 ;;		On exit  : 0/0
  5604 ;;		Unchanged: 0/0
  5605 ;; Data sizes:     COMRAM   BANK0   BANK1   BANK2   BANK3   BANK4   BANK5   BANK6   BANK7   BANK8   BANK9  BANK10  BANK1
      +1  BANK12  BANK13  BANK14  BANK15
  5606 ;;      Params:         0       0       0       0       0       0       0       0       0       0       0       0       
      +0       0       0       0       0
  5607 ;;      Locals:         2       0       0       0       0       0       0       0       0       0       0       0       
      +0       0       0       0       0
  5608 ;;      Temps:         13       0       0       0       0       0       0       0       0       0       0       0       
      +0       0       0       0       0
  5609 ;;      Totals:        15       0       0       0       0       0       0       0       0       0       0       0       
      +0       0       0       0       0
  5610 ;;Total ram usage:       15 bytes
  5611 ;; Hardware stack levels used: 1
  5612 ;; Hardware stack levels required when called: 3
  5613 ;; This function calls:
  5614 ;;		i2_scheduler
  5615 ;; This function is called by:
  5616 ;;		Interrupt level 2
  5617 ;; This function uses a non-reentrant model
  5618 ;;
  5619                           
  5620                           	psect	intcode
  5621   000008                     __pintcode:
  5622                           	callstack 0
  5623   000008                     _ISR:
  5624                           	callstack 17
  5625                           
  5626                           ;incstack = 0
  5627   000008  8201               	bsf	int$flags,1,c	;set compiler interrupt flag (level 2)
  5628   00000A  CFE1 F019          	movff	fsr1l,??_ISR+7
  5629   00000E  CFE2 F01A          	movff	fsr1h,??_ISR+8
  5630   000012  CFD9 F01B          	movff	fsr2l,??_ISR+9
  5631   000016  CFDA F01C          	movff	fsr2h,??_ISR+10
  5632   00001A  CFF3 F01D          	movff	prodl,??_ISR+11
  5633   00001E  CFF4 F01E          	movff	prodh,??_ISR+12
  5634   000022                     
  5635                           ;hw.c: 25:     if (INTCONbits.TMR0IF) {
  5636   000022  A4F2               	btfss	242,2,c	;volatile
  5637   000024  EF16  F000         	goto	i2u242_41
  5638   000028  EF18  F000         	goto	i2u242_40
  5639   00002C                     i2u242_41:
  5640   00002C  EF7F  F003         	goto	i2l502
  5641   000030                     i2u242_40:
  5642   000030                     
  5643                           ;hw.c: 26:         INTCONbits.TMR0IF = 0;
  5644   000030  94F2               	bcf	242,2,c	;volatile
  5645   000032                     
  5646                           ;hw.c: 29:         for (int i = 0; i < r_queue.size; i++) {
  5647   000032  6A20               	clrf	(ISR@i+1)^0,c
  5648   000034  0E00               	movlw	0
  5649   000036  6E1F               	movwf	ISR@i^0,c
  5650   000038  EF6E  F000         	goto	i2l2876
  5651   00003C                     i2l2868:
  5652                           
  5653                           ;hw.c: 30:             if (r_queue.TASKS[i].task_delay > 0) {
  5654   00003C  0E75               	movlw	117
  5655   00003E  021F               	mulwf	ISR@i^0,c
  5656   000040  CFF3 F012          	movff	prodl,??_ISR
  5657   000044  CFF4 F013          	movff	prodh,??_ISR+1
  5658   000048  0220               	mulwf	(ISR@i+1)^0,c
  5659   00004A  50F3               	movf	prodl,w,c
  5660   00004C  2613               	addwf	(??_ISR+1)^0,f,c
  5661   00004E  0E7E               	movlw	low (_r_queue+4)
  5662   000050  2412               	addwf	??_ISR^0,w,c
  5663   000052  6ED9               	movwf	fsr2l,c
  5664   000054  0E04               	movlw	high (_r_queue+4)
  5665   000056  2013               	addwfc	(??_ISR+1)^0,w,c
  5666   000058  6EDA               	movwf	fsr2h,c
  5667   00005A  50DF               	movf	indf2,w,c
  5668   00005C  B4D8               	btfsc	status,2,c
  5669   00005E  EF33  F000         	goto	i2u243_41
  5670   000062  EF35  F000         	goto	i2u243_40
  5671   000066                     i2u243_41:
  5672   000066  EF6C  F000         	goto	i2l2874
  5673   00006A                     i2u243_40:
  5674   00006A                     
  5675                           ;hw.c: 31:                 r_queue.TASKS[i].task_delay--;
  5676   00006A  0E75               	movlw	117
  5677   00006C  021F               	mulwf	ISR@i^0,c
  5678   00006E  CFF3 F012          	movff	prodl,??_ISR
  5679   000072  CFF4 F013          	movff	prodh,??_ISR+1
  5680   000076  0220               	mulwf	(ISR@i+1)^0,c
  5681   000078  50F3               	movf	prodl,w,c
  5682   00007A  2613               	addwf	(??_ISR+1)^0,f,c
  5683   00007C  0E7E               	movlw	low (_r_queue+4)
  5684   00007E  2412               	addwf	??_ISR^0,w,c
  5685   000080  6ED9               	movwf	fsr2l,c
  5686   000082  0E04               	movlw	high (_r_queue+4)
  5687   000084  2013               	addwfc	(??_ISR+1)^0,w,c
  5688   000086  6EDA               	movwf	fsr2h,c
  5689   000088  06DF               	decf	indf2,f,c
  5690                           
  5691                           ;hw.c: 32:                 if (r_queue.TASKS[i].task_delay == 0) {
  5692   00008A  0E75               	movlw	117
  5693   00008C  021F               	mulwf	ISR@i^0,c
  5694   00008E  CFF3 F012          	movff	prodl,??_ISR
  5695   000092  CFF4 F013          	movff	prodh,??_ISR+1
  5696   000096  0220               	mulwf	(ISR@i+1)^0,c
  5697   000098  50F3               	movf	prodl,w,c
  5698   00009A  2613               	addwf	(??_ISR+1)^0,f,c
  5699   00009C  0E7E               	movlw	low (_r_queue+4)
  5700   00009E  2412               	addwf	??_ISR^0,w,c
  5701   0000A0  6ED9               	movwf	fsr2l,c
  5702   0000A2  0E04               	movlw	high (_r_queue+4)
  5703   0000A4  2013               	addwfc	(??_ISR+1)^0,w,c
  5704   0000A6  6EDA               	movwf	fsr2h,c
  5705   0000A8  50DF               	movf	indf2,w,c
  5706   0000AA  A4D8               	btfss	status,2,c
  5707   0000AC  EF5A  F000         	goto	i2u244_41
  5708   0000B0  EF5C  F000         	goto	i2u244_40
  5709   0000B4                     i2u244_41:
  5710   0000B4  EF6C  F000         	goto	i2l2874
  5711   0000B8                     i2u244_40:
  5712   0000B8                     
  5713                           ;hw.c: 33:                     r_queue.TASKS[i].task_state = READY;
  5714   0000B8  0E75               	movlw	117
  5715   0000BA  021F               	mulwf	ISR@i^0,c
  5716   0000BC  CFF3 F012          	movff	prodl,??_ISR
  5717   0000C0  CFF4 F013          	movff	prodh,??_ISR+1
  5718   0000C4  0220               	mulwf	(ISR@i+1)^0,c
  5719   0000C6  50F3               	movf	prodl,w,c
  5720   0000C8  2613               	addwf	(??_ISR+1)^0,f,c
  5721   0000CA  0E7B               	movlw	low (_r_queue+1)
  5722   0000CC  2412               	addwf	??_ISR^0,w,c
  5723   0000CE  6ED9               	movwf	fsr2l,c
  5724   0000D0  0E04               	movlw	high (_r_queue+1)
  5725   0000D2  2013               	addwfc	(??_ISR+1)^0,w,c
  5726   0000D4  6EDA               	movwf	fsr2h,c
  5727   0000D6  6ADF               	clrf	indf2,c
  5728   0000D8                     i2l2874:
  5729                           
  5730                           ;hw.c: 36:         }
  5731   0000D8  4A1F               	infsnz	ISR@i^0,f,c
  5732   0000DA  2A20               	incf	(ISR@i+1)^0,f,c
  5733   0000DC                     i2l2876:
  5734   0000DC  EE26  F04E         	lfsr	2,_r_queue+468
  5735   0000E0  50DF               	movf	indf2,w,c
  5736   0000E2  6E12               	movwf	??_ISR^0,c
  5737   0000E4  6A13               	clrf	(??_ISR+1)^0,c
  5738   0000E6  5012               	movf	??_ISR^0,w,c
  5739   0000E8  5C1F               	subwf	ISR@i^0,w,c
  5740   0000EA  5020               	movf	(ISR@i+1)^0,w,c
  5741   0000EC  0A80               	xorlw	128
  5742   0000EE  6E14               	movwf	(??_ISR+2)^0,c
  5743   0000F0  5013               	movf	(??_ISR+1)^0,w,c
  5744   0000F2  0A80               	xorlw	128
  5745   0000F4  5814               	subwfb	(??_ISR+2)^0,w,c
  5746   0000F6  A0D8               	btfss	status,0,c
  5747   0000F8  EF80  F000         	goto	i2u245_41
  5748   0000FC  EF82  F000         	goto	i2u245_40
  5749   000100                     i2u245_41:
  5750   000100  EF1E  F000         	goto	i2l2868
  5751   000104                     i2u245_40:
  5752   000104                     
  5753                           ;hw.c: 40:         rr_quantum--;
  5754   000104  0628               	decf	_rr_quantum^0,f,c
  5755   000106                     
  5756                           ;hw.c: 41:         if (rr_quantum == 0) {
  5757   000106  5028               	movf	_rr_quantum^0,w,c
  5758   000108  A4D8               	btfss	status,2,c
  5759   00010A  EF89  F000         	goto	i2u246_41
  5760   00010E  EF8B  F000         	goto	i2u246_40
  5761   000112                     i2u246_41:
  5762   000112  EF7F  F003         	goto	i2l502
  5763   000116                     i2u246_40:
  5764   000116                     
  5765                           ;hw.c: 42:             rr_quantum = 5;
  5766   000116  0E05               	movlw	5
  5767   000118  6E28               	movwf	_rr_quantum^0,c
  5768   00011A  EE26  F04F         	lfsr	2,_r_queue+469
  5769   00011E  EE10 F001          	lfsr	1,1
  5770   000122  50DE               	movf	postinc2,w,c
  5771   000124  26E1               	addwf	fsr1l,f,c
  5772   000126  50DD               	movf	postdec2,w,c
  5773   000128  22E2               	addwfc	fsr1h,f,c
  5774   00012A  0E02               	movlw	2
  5775   00012C  18E6               	xorwf	postinc1,w,c
  5776   00012E  A4D8               	btfss	status,2,c
  5777   000130  EF9C  F000         	goto	i2u247_41
  5778   000134  EF9E  F000         	goto	i2u247_40
  5779   000138                     i2u247_41:
  5780   000138  EFDA  F001         	goto	i2l2894
  5781   00013C                     i2u247_40:
  5782   00013C  EE26  F04F         	lfsr	2,_r_queue+469
  5783   000140  EE10 F001          	lfsr	1,1
  5784   000144  50DE               	movf	postinc2,w,c
  5785   000146  26E1               	addwf	fsr1l,f,c
  5786   000148  50DD               	movf	postdec2,w,c
  5787   00014A  22E2               	addwfc	fsr1h,f,c
  5788   00014C  6AE7               	clrf	indf1,c
  5789   00014E  EE26  F04F         	lfsr	2,_r_queue+469
  5790   000152  EE10 F008          	lfsr	1,8
  5791   000156  50DE               	movf	postinc2,w,c
  5792   000158  26E1               	addwf	fsr1l,f,c
  5793   00015A  50DD               	movf	postdec2,w,c
  5794   00015C  22E2               	addwfc	fsr1h,f,c
  5795   00015E  CFE0 FFE7          	movff	bsr,indf1	;volatile
  5796   000162  EE26  F04F         	lfsr	2,_r_queue+469
  5797   000166  EE10 F00C          	lfsr	1,12
  5798   00016A  50DE               	movf	postinc2,w,c
  5799   00016C  26E1               	addwf	fsr1l,f,c
  5800   00016E  50DD               	movf	postdec2,w,c
  5801   000170  22E2               	addwfc	fsr1h,f,c
  5802   000172  CFEA FFE7          	movff	fsr0h,indf1	;volatile
  5803   000176  EE26  F04F         	lfsr	2,_r_queue+469
  5804   00017A  EE10 F00B          	lfsr	1,11
  5805   00017E  50DE               	movf	postinc2,w,c
  5806   000180  26E1               	addwf	fsr1l,f,c
  5807   000182  50DD               	movf	postdec2,w,c
  5808   000184  22E2               	addwfc	fsr1h,f,c
  5809   000186  CFE9 FFE7          	movff	fsr0l,indf1	;volatile
  5810   00018A  EE26  F04F         	lfsr	2,_r_queue+469
  5811   00018E  EE10 F00E          	lfsr	1,14
  5812   000192  50DE               	movf	postinc2,w,c
  5813   000194  26E1               	addwf	fsr1l,f,c
  5814   000196  50DD               	movf	postdec2,w,c
  5815   000198  22E2               	addwfc	fsr1h,f,c
  5816   00019A  CFE2 FFE7          	movff	fsr1h,indf1	;volatile
  5817   00019E  EE26  F04F         	lfsr	2,_r_queue+469
  5818   0001A2  EE10 F00D          	lfsr	1,13
  5819   0001A6  50DE               	movf	postinc2,w,c
  5820   0001A8  26E1               	addwf	fsr1l,f,c
  5821   0001AA  50DD               	movf	postdec2,w,c
  5822   0001AC  22E2               	addwfc	fsr1h,f,c
  5823   0001AE  CFE1 FFE7          	movff	fsr1l,indf1	;volatile
  5824   0001B2  EE26  F04F         	lfsr	2,_r_queue+469
  5825   0001B6  EE10 F010          	lfsr	1,16
  5826   0001BA  50DE               	movf	postinc2,w,c
  5827   0001BC  26E1               	addwf	fsr1l,f,c
  5828   0001BE  50DD               	movf	postdec2,w,c
  5829   0001C0  22E2               	addwfc	fsr1h,f,c
  5830   0001C2  CFDA FFE7          	movff	fsr2h,indf1	;volatile
  5831   0001C6  EE26  F04F         	lfsr	2,_r_queue+469
  5832   0001CA  EE10 F00F          	lfsr	1,15
  5833   0001CE  50DE               	movf	postinc2,w,c
  5834   0001D0  26E1               	addwf	fsr1l,f,c
  5835   0001D2  50DD               	movf	postdec2,w,c
  5836   0001D4  22E2               	addwfc	fsr1h,f,c
  5837   0001D6  CFD9 FFE7          	movff	fsr2l,indf1	;volatile
  5838   0001DA  EE26  F04F         	lfsr	2,_r_queue+469
  5839   0001DE  EE10 F015          	lfsr	1,21
  5840   0001E2  50DE               	movf	postinc2,w,c
  5841   0001E4  26E1               	addwf	fsr1l,f,c
  5842   0001E6  50DD               	movf	postdec2,w,c
  5843   0001E8  22E2               	addwfc	fsr1h,f,c
  5844   0001EA  CFFA FFE7          	movff	pclath,indf1	;volatile
  5845   0001EE  EE26  F04F         	lfsr	2,_r_queue+469
  5846   0001F2  EE10 F016          	lfsr	1,22
  5847   0001F6  50DE               	movf	postinc2,w,c
  5848   0001F8  26E1               	addwf	fsr1l,f,c
  5849   0001FA  50DD               	movf	postdec2,w,c
  5850   0001FC  22E2               	addwfc	fsr1h,f,c
  5851   0001FE  CFFB FFE7          	movff	pclatu,indf1	;volatile
  5852   000202  EE26  F04F         	lfsr	2,_r_queue+469
  5853   000206  EE10 F00A          	lfsr	1,10
  5854   00020A  50DE               	movf	postinc2,w,c
  5855   00020C  26E1               	addwf	fsr1l,f,c
  5856   00020E  50DD               	movf	postdec2,w,c
  5857   000210  22E2               	addwfc	fsr1h,f,c
  5858   000212  CFF4 FFE7          	movff	prodh,indf1	;volatile
  5859   000216  EE26  F04F         	lfsr	2,_r_queue+469
  5860   00021A  EE10 F009          	lfsr	1,9
  5861   00021E  50DE               	movf	postinc2,w,c
  5862   000220  26E1               	addwf	fsr1l,f,c
  5863   000222  50DD               	movf	postdec2,w,c
  5864   000224  22E2               	addwfc	fsr1h,f,c
  5865   000226  CFF3 FFE7          	movff	prodl,indf1	;volatile
  5866   00022A  EE26  F04F         	lfsr	2,_r_queue+469
  5867   00022E  EE10 F011          	lfsr	1,17
  5868   000232  50DE               	movf	postinc2,w,c
  5869   000234  26E1               	addwf	fsr1l,f,c
  5870   000236  50DD               	movf	postdec2,w,c
  5871   000238  22E2               	addwfc	fsr1h,f,c
  5872   00023A  CFF5 FFE7          	movff	tablat,indf1	;volatile
  5873   00023E  EE26  F04F         	lfsr	2,_r_queue+469
  5874   000242  EE10 F013          	lfsr	1,19
  5875   000246  50DE               	movf	postinc2,w,c
  5876   000248  26E1               	addwf	fsr1l,f,c
  5877   00024A  50DD               	movf	postdec2,w,c
  5878   00024C  22E2               	addwfc	fsr1h,f,c
  5879   00024E  CFF7 FFE7          	movff	tblptrh,indf1	;volatile
  5880   000252  EE26  F04F         	lfsr	2,_r_queue+469
  5881   000256  EE10 F012          	lfsr	1,18
  5882   00025A  50DE               	movf	postinc2,w,c
  5883   00025C  26E1               	addwf	fsr1l,f,c
  5884   00025E  50DD               	movf	postdec2,w,c
  5885   000260  22E2               	addwfc	fsr1h,f,c
  5886   000262  CFF6 FFE7          	movff	tblptrl,indf1	;volatile
  5887   000266  EE26  F04F         	lfsr	2,_r_queue+469
  5888   00026A  EE10 F014          	lfsr	1,20
  5889   00026E  50DE               	movf	postinc2,w,c
  5890   000270  26E1               	addwf	fsr1l,f,c
  5891   000272  50DD               	movf	postdec2,w,c
  5892   000274  22E2               	addwfc	fsr1h,f,c
  5893   000276  CFF8 FFE7          	movff	tblptru,indf1	;volatile
  5894   00027A  EE26  F04F         	lfsr	2,_r_queue+469
  5895   00027E  EE10 F006          	lfsr	1,6
  5896   000282  50DE               	movf	postinc2,w,c
  5897   000284  26E1               	addwf	fsr1l,f,c
  5898   000286  50DD               	movf	postdec2,w,c
  5899   000288  22E2               	addwfc	fsr1h,f,c
  5900   00028A  CFE8 FFE7          	movff	wreg,indf1	;volatile
  5901   00028E  EE26  F04F         	lfsr	2,_r_queue+469
  5902   000292  EE10 F007          	lfsr	1,7
  5903   000296  50DE               	movf	postinc2,w,c
  5904   000298  26E1               	addwf	fsr1l,f,c
  5905   00029A  50DD               	movf	postdec2,w,c
  5906   00029C  22E2               	addwfc	fsr1h,f,c
  5907   00029E  CFD8 FFE7          	movff	status,indf1	;volatile
  5908   0002A2  EE26  F04F         	lfsr	2,_r_queue+469
  5909   0002A6  EE10 F074          	lfsr	1,116
  5910   0002AA  50DE               	movf	postinc2,w,c
  5911   0002AC  26E1               	addwf	fsr1l,f,c
  5912   0002AE  50DD               	movf	postdec2,w,c
  5913   0002B0  22E2               	addwfc	fsr1h,f,c
  5914   0002B2  6AE7               	clrf	indf1,c
  5915   0002B4  EFD2  F001         	goto	i2l2892
  5916   0002B8                     i2l2888:
  5917   0002B8  EE26  F04F         	lfsr	2,_r_queue+469
  5918   0002BC  EE10 F074          	lfsr	1,116
  5919   0002C0  50DE               	movf	postinc2,w,c
  5920   0002C2  26E1               	addwf	fsr1l,f,c
  5921   0002C4  50DD               	movf	postdec2,w,c
  5922   0002C6  22E2               	addwfc	fsr1h,f,c
  5923   0002C8  50E7               	movf	indf1,w,c
  5924   0002CA  6E12               	movwf	??_ISR^0,c
  5925   0002CC  5012               	movf	??_ISR^0,w,c
  5926   0002CE  0D03               	mullw	3
  5927   0002D0  CFF3 F013          	movff	prodl,??_ISR+1
  5928   0002D4  CFF4 F014          	movff	prodh,??_ISR+2
  5929   0002D8  EE26  F04F         	lfsr	2,_r_queue+469
  5930   0002DC  CFDE F015          	movff	postinc2,??_ISR+3
  5931   0002E0  CFDD F016          	movff	postdec2,??_ISR+4
  5932   0002E4  5013               	movf	(??_ISR+1)^0,w,c
  5933   0002E6  2415               	addwf	(??_ISR+3)^0,w,c
  5934   0002E8  6E17               	movwf	(??_ISR+5)^0,c
  5935   0002EA  5014               	movf	(??_ISR+2)^0,w,c
  5936   0002EC  2016               	addwfc	(??_ISR+4)^0,w,c
  5937   0002EE  6E18               	movwf	(??_ISR+6)^0,c
  5938   0002F0  0E17               	movlw	23
  5939   0002F2  2417               	addwf	(??_ISR+5)^0,w,c
  5940   0002F4  6ED9               	movwf	fsr2l,c
  5941   0002F6  0E00               	movlw	0
  5942   0002F8  2018               	addwfc	(??_ISR+6)^0,w,c
  5943   0002FA  6EDA               	movwf	fsr2h,c
  5944   0002FC  CFFD FFDF          	movff	tosl,indf2	;volatile
  5945   000300  EE26  F04F         	lfsr	2,_r_queue+469
  5946   000304  EE10 F074          	lfsr	1,116
  5947   000308  50DE               	movf	postinc2,w,c
  5948   00030A  26E1               	addwf	fsr1l,f,c
  5949   00030C  50DD               	movf	postdec2,w,c
  5950   00030E  22E2               	addwfc	fsr1h,f,c
  5951   000310  50E7               	movf	indf1,w,c
  5952   000312  6E12               	movwf	??_ISR^0,c
  5953   000314  5012               	movf	??_ISR^0,w,c
  5954   000316  0D03               	mullw	3
  5955   000318  CFF3 F013          	movff	prodl,??_ISR+1
  5956   00031C  CFF4 F014          	movff	prodh,??_ISR+2
  5957   000320  EE26  F04F         	lfsr	2,_r_queue+469
  5958   000324  CFDE F015          	movff	postinc2,??_ISR+3
  5959   000328  CFDD F016          	movff	postdec2,??_ISR+4
  5960   00032C  5013               	movf	(??_ISR+1)^0,w,c
  5961   00032E  2415               	addwf	(??_ISR+3)^0,w,c
  5962   000330  6E17               	movwf	(??_ISR+5)^0,c
  5963   000332  5014               	movf	(??_ISR+2)^0,w,c
  5964   000334  2016               	addwfc	(??_ISR+4)^0,w,c
  5965   000336  6E18               	movwf	(??_ISR+6)^0,c
  5966   000338  0E18               	movlw	24
  5967   00033A  2417               	addwf	(??_ISR+5)^0,w,c
  5968   00033C  6ED9               	movwf	fsr2l,c
  5969   00033E  0E00               	movlw	0
  5970   000340  2018               	addwfc	(??_ISR+6)^0,w,c
  5971   000342  6EDA               	movwf	fsr2h,c
  5972   000344  CFFE FFDF          	movff	tosh,indf2	;volatile
  5973   000348  EE26  F04F         	lfsr	2,_r_queue+469
  5974   00034C  EE10 F074          	lfsr	1,116
  5975   000350  50DE               	movf	postinc2,w,c
  5976   000352  26E1               	addwf	fsr1l,f,c
  5977   000354  50DD               	movf	postdec2,w,c
  5978   000356  22E2               	addwfc	fsr1h,f,c
  5979   000358  50E7               	movf	indf1,w,c
  5980   00035A  6E12               	movwf	??_ISR^0,c
  5981   00035C  5012               	movf	??_ISR^0,w,c
  5982   00035E  0D03               	mullw	3
  5983   000360  CFF3 F013          	movff	prodl,??_ISR+1
  5984   000364  CFF4 F014          	movff	prodh,??_ISR+2
  5985   000368  EE26  F04F         	lfsr	2,_r_queue+469
  5986   00036C  CFDE F015          	movff	postinc2,??_ISR+3
  5987   000370  CFDD F016          	movff	postdec2,??_ISR+4
  5988   000374  5013               	movf	(??_ISR+1)^0,w,c
  5989   000376  2415               	addwf	(??_ISR+3)^0,w,c
  5990   000378  6E17               	movwf	(??_ISR+5)^0,c
  5991   00037A  5014               	movf	(??_ISR+2)^0,w,c
  5992   00037C  2016               	addwfc	(??_ISR+4)^0,w,c
  5993   00037E  6E18               	movwf	(??_ISR+6)^0,c
  5994   000380  0E19               	movlw	25
  5995   000382  2417               	addwf	(??_ISR+5)^0,w,c
  5996   000384  6ED9               	movwf	fsr2l,c
  5997   000386  0E00               	movlw	0
  5998   000388  2018               	addwfc	(??_ISR+6)^0,w,c
  5999   00038A  6EDA               	movwf	fsr2h,c
  6000   00038C  CFFF FFDF          	movff	tosu,indf2	;volatile
  6001   000390  EE26  F04F         	lfsr	2,_r_queue+469
  6002   000394  EE10 F074          	lfsr	1,116
  6003   000398  50DE               	movf	postinc2,w,c
  6004   00039A  26E1               	addwf	fsr1l,f,c
  6005   00039C  50DD               	movf	postdec2,w,c
  6006   00039E  22E2               	addwfc	fsr1h,f,c
  6007   0003A0  2AE7               	incf	indf1,f,c
  6008   0003A2  0006               	pop		;# 
  6009   0003A4                     i2l2892:
  6010   0003A4  50FC               	movf	252,w,c	;volatile
  6011   0003A6  A4D8               	btfss	status,2,c
  6012   0003A8  EFD8  F001         	goto	i2u248_41
  6013   0003AC  EFDA  F001         	goto	i2u248_40
  6014   0003B0                     i2u248_41:
  6015   0003B0  EF5C  F001         	goto	i2l2888
  6016   0003B4                     i2u248_40:
  6017   0003B4                     i2l2894:
  6018                           
  6019                           ;hw.c: 44:             scheduler();
  6020   0003B4  EC06  F013         	call	i2_scheduler	;wreg free
  6021   0003B8  EE26  F04F         	lfsr	2,_r_queue+469
  6022   0003BC  EE10 F001          	lfsr	1,1
  6023   0003C0  50DE               	movf	postinc2,w,c
  6024   0003C2  26E1               	addwf	fsr1l,f,c
  6025   0003C4  50DD               	movf	postdec2,w,c
  6026   0003C6  22E2               	addwfc	fsr1h,f,c
  6027   0003C8  50E7               	movf	indf1,w,c
  6028   0003CA  A4D8               	btfss	status,2,c
  6029   0003CC  EFEA  F001         	goto	i2u249_41
  6030   0003D0  EFEC  F001         	goto	i2u249_40
  6031   0003D4                     i2u249_41:
  6032   0003D4  EF7F  F003         	goto	i2l502
  6033   0003D8                     i2u249_40:
  6034   0003D8  EE26  F04F         	lfsr	2,_r_queue+469
  6035   0003DC  EE10 F001          	lfsr	1,1
  6036   0003E0  50DE               	movf	postinc2,w,c
  6037   0003E2  26E1               	addwf	fsr1l,f,c
  6038   0003E4  50DD               	movf	postdec2,w,c
  6039   0003E6  22E2               	addwfc	fsr1h,f,c
  6040   0003E8  0E02               	movlw	2
  6041   0003EA  6EE7               	movwf	indf1,c
  6042   0003EC  EE26  F04F         	lfsr	2,_r_queue+469
  6043   0003F0  EE10 F008          	lfsr	1,8
  6044   0003F4  50DE               	movf	postinc2,w,c
  6045   0003F6  26E1               	addwf	fsr1l,f,c
  6046   0003F8  50DD               	movf	postdec2,w,c
  6047   0003FA  22E2               	addwfc	fsr1h,f,c
  6048   0003FC  50E7               	movf	indf1,w,c
  6049   0003FE  6EE0               	movwf	224,c	;volatile
  6050   000400  EE26  F04F         	lfsr	2,_r_queue+469
  6051   000404  EE10 F00C          	lfsr	1,12
  6052   000408  50DE               	movf	postinc2,w,c
  6053   00040A  26E1               	addwf	fsr1l,f,c
  6054   00040C  50DD               	movf	postdec2,w,c
  6055   00040E  22E2               	addwfc	fsr1h,f,c
  6056   000410  50E7               	movf	indf1,w,c
  6057   000412  6EEA               	movwf	234,c	;volatile
  6058   000414  EE26  F04F         	lfsr	2,_r_queue+469
  6059   000418  EE10 F00B          	lfsr	1,11
  6060   00041C  50DE               	movf	postinc2,w,c
  6061   00041E  26E1               	addwf	fsr1l,f,c
  6062   000420  50DD               	movf	postdec2,w,c
  6063   000422  22E2               	addwfc	fsr1h,f,c
  6064   000424  50E7               	movf	indf1,w,c
  6065   000426  6EE9               	movwf	233,c	;volatile
  6066   000428  EE26  F04F         	lfsr	2,_r_queue+469
  6067   00042C  EE10 F00E          	lfsr	1,14
  6068   000430  50DE               	movf	postinc2,w,c
  6069   000432  26E1               	addwf	fsr1l,f,c
  6070   000434  50DD               	movf	postdec2,w,c
  6071   000436  22E2               	addwfc	fsr1h,f,c
  6072   000438  50E7               	movf	indf1,w,c
  6073   00043A  6EE2               	movwf	226,c	;volatile
  6074   00043C  EE26  F04F         	lfsr	2,_r_queue+469
  6075   000440  EE10 F00D          	lfsr	1,13
  6076   000444  50DE               	movf	postinc2,w,c
  6077   000446  26E1               	addwf	fsr1l,f,c
  6078   000448  50DD               	movf	postdec2,w,c
  6079   00044A  22E2               	addwfc	fsr1h,f,c
  6080   00044C  50E7               	movf	indf1,w,c
  6081   00044E  6EE1               	movwf	225,c	;volatile
  6082   000450  EE26  F04F         	lfsr	2,_r_queue+469
  6083   000454  EE10 F010          	lfsr	1,16
  6084   000458  50DE               	movf	postinc2,w,c
  6085   00045A  26E1               	addwf	fsr1l,f,c
  6086   00045C  50DD               	movf	postdec2,w,c
  6087   00045E  22E2               	addwfc	fsr1h,f,c
  6088   000460  50E7               	movf	indf1,w,c
  6089   000462  6EDA               	movwf	218,c	;volatile
  6090   000464  EE26  F04F         	lfsr	2,_r_queue+469
  6091   000468  EE10 F00F          	lfsr	1,15
  6092   00046C  50DE               	movf	postinc2,w,c
  6093   00046E  26E1               	addwf	fsr1l,f,c
  6094   000470  50DD               	movf	postdec2,w,c
  6095   000472  22E2               	addwfc	fsr1h,f,c
  6096   000474  50E7               	movf	indf1,w,c
  6097   000476  6ED9               	movwf	217,c	;volatile
  6098   000478  EE26  F04F         	lfsr	2,_r_queue+469
  6099   00047C  EE10 F015          	lfsr	1,21
  6100   000480  50DE               	movf	postinc2,w,c
  6101   000482  26E1               	addwf	fsr1l,f,c
  6102   000484  50DD               	movf	postdec2,w,c
  6103   000486  22E2               	addwfc	fsr1h,f,c
  6104   000488  50E7               	movf	indf1,w,c
  6105   00048A  6EFA               	movwf	250,c	;volatile
  6106   00048C  EE26  F04F         	lfsr	2,_r_queue+469
  6107   000490  EE10 F016          	lfsr	1,22
  6108   000494  50DE               	movf	postinc2,w,c
  6109   000496  26E1               	addwf	fsr1l,f,c
  6110   000498  50DD               	movf	postdec2,w,c
  6111   00049A  22E2               	addwfc	fsr1h,f,c
  6112   00049C  50E7               	movf	indf1,w,c
  6113   00049E  6EFB               	movwf	251,c	;volatile
  6114   0004A0  EE26  F04F         	lfsr	2,_r_queue+469
  6115   0004A4  EE10 F00A          	lfsr	1,10
  6116   0004A8  50DE               	movf	postinc2,w,c
  6117   0004AA  26E1               	addwf	fsr1l,f,c
  6118   0004AC  50DD               	movf	postdec2,w,c
  6119   0004AE  22E2               	addwfc	fsr1h,f,c
  6120   0004B0  50E7               	movf	indf1,w,c
  6121   0004B2  6EF4               	movwf	244,c	;volatile
  6122   0004B4  EE26  F04F         	lfsr	2,_r_queue+469
  6123   0004B8  EE10 F009          	lfsr	1,9
  6124   0004BC  50DE               	movf	postinc2,w,c
  6125   0004BE  26E1               	addwf	fsr1l,f,c
  6126   0004C0  50DD               	movf	postdec2,w,c
  6127   0004C2  22E2               	addwfc	fsr1h,f,c
  6128   0004C4  50E7               	movf	indf1,w,c
  6129   0004C6  6EF3               	movwf	243,c	;volatile
  6130   0004C8  EE26  F04F         	lfsr	2,_r_queue+469
  6131   0004CC  EE10 F011          	lfsr	1,17
  6132   0004D0  50DE               	movf	postinc2,w,c
  6133   0004D2  26E1               	addwf	fsr1l,f,c
  6134   0004D4  50DD               	movf	postdec2,w,c
  6135   0004D6  22E2               	addwfc	fsr1h,f,c
  6136   0004D8  50E7               	movf	indf1,w,c
  6137   0004DA  6EF5               	movwf	245,c	;volatile
  6138   0004DC  EE26  F04F         	lfsr	2,_r_queue+469
  6139   0004E0  EE10 F013          	lfsr	1,19
  6140   0004E4  50DE               	movf	postinc2,w,c
  6141   0004E6  26E1               	addwf	fsr1l,f,c
  6142   0004E8  50DD               	movf	postdec2,w,c
  6143   0004EA  22E2               	addwfc	fsr1h,f,c
  6144   0004EC  50E7               	movf	indf1,w,c
  6145   0004EE  6EF7               	movwf	247,c	;volatile
  6146   0004F0  EE26  F04F         	lfsr	2,_r_queue+469
  6147   0004F4  EE10 F012          	lfsr	1,18
  6148   0004F8  50DE               	movf	postinc2,w,c
  6149   0004FA  26E1               	addwf	fsr1l,f,c
  6150   0004FC  50DD               	movf	postdec2,w,c
  6151   0004FE  22E2               	addwfc	fsr1h,f,c
  6152   000500  50E7               	movf	indf1,w,c
  6153   000502  6EF6               	movwf	246,c	;volatile
  6154   000504  EE26  F04F         	lfsr	2,_r_queue+469
  6155   000508  EE10 F014          	lfsr	1,20
  6156   00050C  50DE               	movf	postinc2,w,c
  6157   00050E  26E1               	addwf	fsr1l,f,c
  6158   000510  50DD               	movf	postdec2,w,c
  6159   000512  22E2               	addwfc	fsr1h,f,c
  6160   000514  50E7               	movf	indf1,w,c
  6161   000516  6EF8               	movwf	248,c	;volatile
  6162   000518  EE26  F04F         	lfsr	2,_r_queue+469
  6163   00051C  EE10 F007          	lfsr	1,7
  6164   000520  50DE               	movf	postinc2,w,c
  6165   000522  26E1               	addwf	fsr1l,f,c
  6166   000524  50DD               	movf	postdec2,w,c
  6167   000526  22E2               	addwfc	fsr1h,f,c
  6168   000528  50E7               	movf	indf1,w,c
  6169   00052A  6ED8               	movwf	216,c	;volatile
  6170   00052C  EE26  F04F         	lfsr	2,_r_queue+469
  6171   000530  EE10 F006          	lfsr	1,6
  6172   000534  50DE               	movf	postinc2,w,c
  6173   000536  26E1               	addwf	fsr1l,f,c
  6174   000538  50DD               	movf	postdec2,w,c
  6175   00053A  22E2               	addwfc	fsr1h,f,c
  6176   00053C  50E7               	movf	indf1,w,c
  6177   00053E  6E12               	movwf	??_ISR^0,c
  6178   000540  5012               	movf	??_ISR^0,w,c
  6179   000542  6AFC               	clrf	252,c	;volatile
  6180   000544  EE26  F04F         	lfsr	2,_r_queue+469
  6181   000548  EE10 F074          	lfsr	1,116
  6182   00054C  50DE               	movf	postinc2,w,c
  6183   00054E  26E1               	addwf	fsr1l,f,c
  6184   000550  50DD               	movf	postdec2,w,c
  6185   000552  22E2               	addwfc	fsr1h,f,c
  6186   000554  50E7               	movf	indf1,w,c
  6187   000556  B4D8               	btfsc	status,2,c
  6188   000558  EFB0  F002         	goto	i2u250_41
  6189   00055C  EFB2  F002         	goto	i2u250_40
  6190   000560                     i2u250_41:
  6191   000560  EF3A  F003         	goto	i2l497
  6192   000564                     i2u250_40:
  6193   000564                     i2l498:
  6194   000564  0005               	push		;# 
  6195   000566  EE26  F04F         	lfsr	2,_r_queue+469
  6196   00056A  EE10 F074          	lfsr	1,116
  6197   00056E  50DE               	movf	postinc2,w,c
  6198   000570  26E1               	addwf	fsr1l,f,c
  6199   000572  50DD               	movf	postdec2,w,c
  6200   000574  22E2               	addwfc	fsr1h,f,c
  6201   000576  06E7               	decf	indf1,f,c
  6202   000578  EE26  F04F         	lfsr	2,_r_queue+469
  6203   00057C  EE10 F074          	lfsr	1,116
  6204   000580  50DE               	movf	postinc2,w,c
  6205   000582  26E1               	addwf	fsr1l,f,c
  6206   000584  50DD               	movf	postdec2,w,c
  6207   000586  22E2               	addwfc	fsr1h,f,c
  6208   000588  50E7               	movf	indf1,w,c
  6209   00058A  6E12               	movwf	??_ISR^0,c
  6210   00058C  5012               	movf	??_ISR^0,w,c
  6211   00058E  0D03               	mullw	3
  6212   000590  CFF3 F013          	movff	prodl,??_ISR+1
  6213   000594  CFF4 F014          	movff	prodh,??_ISR+2
  6214   000598  EE26  F04F         	lfsr	2,_r_queue+469
  6215   00059C  CFDE F015          	movff	postinc2,??_ISR+3
  6216   0005A0  CFDD F016          	movff	postdec2,??_ISR+4
  6217   0005A4  5013               	movf	(??_ISR+1)^0,w,c
  6218   0005A6  2415               	addwf	(??_ISR+3)^0,w,c
  6219   0005A8  6E17               	movwf	(??_ISR+5)^0,c
  6220   0005AA  5014               	movf	(??_ISR+2)^0,w,c
  6221   0005AC  2016               	addwfc	(??_ISR+4)^0,w,c
  6222   0005AE  6E18               	movwf	(??_ISR+6)^0,c
  6223   0005B0  0E17               	movlw	23
  6224   0005B2  2417               	addwf	(??_ISR+5)^0,w,c
  6225   0005B4  6ED9               	movwf	fsr2l,c
  6226   0005B6  0E00               	movlw	0
  6227   0005B8  2018               	addwfc	(??_ISR+6)^0,w,c
  6228   0005BA  6EDA               	movwf	fsr2h,c
  6229   0005BC  50DF               	movf	indf2,w,c
  6230   0005BE  6EFD               	movwf	253,c	;volatile
  6231   0005C0  EE26  F04F         	lfsr	2,_r_queue+469
  6232   0005C4  EE10 F074          	lfsr	1,116
  6233   0005C8  50DE               	movf	postinc2,w,c
  6234   0005CA  26E1               	addwf	fsr1l,f,c
  6235   0005CC  50DD               	movf	postdec2,w,c
  6236   0005CE  22E2               	addwfc	fsr1h,f,c
  6237   0005D0  50E7               	movf	indf1,w,c
  6238   0005D2  6E12               	movwf	??_ISR^0,c
  6239   0005D4  5012               	movf	??_ISR^0,w,c
  6240   0005D6  0D03               	mullw	3
  6241   0005D8  CFF3 F013          	movff	prodl,??_ISR+1
  6242   0005DC  CFF4 F014          	movff	prodh,??_ISR+2
  6243   0005E0  EE26  F04F         	lfsr	2,_r_queue+469
  6244   0005E4  CFDE F015          	movff	postinc2,??_ISR+3
  6245   0005E8  CFDD F016          	movff	postdec2,??_ISR+4
  6246   0005EC  5013               	movf	(??_ISR+1)^0,w,c
  6247   0005EE  2415               	addwf	(??_ISR+3)^0,w,c
  6248   0005F0  6E17               	movwf	(??_ISR+5)^0,c
  6249   0005F2  5014               	movf	(??_ISR+2)^0,w,c
  6250   0005F4  2016               	addwfc	(??_ISR+4)^0,w,c
  6251   0005F6  6E18               	movwf	(??_ISR+6)^0,c
  6252   0005F8  0E18               	movlw	24
  6253   0005FA  2417               	addwf	(??_ISR+5)^0,w,c
  6254   0005FC  6ED9               	movwf	fsr2l,c
  6255   0005FE  0E00               	movlw	0
  6256   000600  2018               	addwfc	(??_ISR+6)^0,w,c
  6257   000602  6EDA               	movwf	fsr2h,c
  6258   000604  50DF               	movf	indf2,w,c
  6259   000606  6EFE               	movwf	254,c	;volatile
  6260   000608  EE26  F04F         	lfsr	2,_r_queue+469
  6261   00060C  EE10 F074          	lfsr	1,116
  6262   000610  50DE               	movf	postinc2,w,c
  6263   000612  26E1               	addwf	fsr1l,f,c
  6264   000614  50DD               	movf	postdec2,w,c
  6265   000616  22E2               	addwfc	fsr1h,f,c
  6266   000618  50E7               	movf	indf1,w,c
  6267   00061A  6E12               	movwf	??_ISR^0,c
  6268   00061C  5012               	movf	??_ISR^0,w,c
  6269   00061E  0D03               	mullw	3
  6270   000620  CFF3 F013          	movff	prodl,??_ISR+1
  6271   000624  CFF4 F014          	movff	prodh,??_ISR+2
  6272   000628  EE26  F04F         	lfsr	2,_r_queue+469
  6273   00062C  CFDE F015          	movff	postinc2,??_ISR+3
  6274   000630  CFDD F016          	movff	postdec2,??_ISR+4
  6275   000634  5013               	movf	(??_ISR+1)^0,w,c
  6276   000636  2415               	addwf	(??_ISR+3)^0,w,c
  6277   000638  6E17               	movwf	(??_ISR+5)^0,c
  6278   00063A  5014               	movf	(??_ISR+2)^0,w,c
  6279   00063C  2016               	addwfc	(??_ISR+4)^0,w,c
  6280   00063E  6E18               	movwf	(??_ISR+6)^0,c
  6281   000640  0E19               	movlw	25
  6282   000642  2417               	addwf	(??_ISR+5)^0,w,c
  6283   000644  6ED9               	movwf	fsr2l,c
  6284   000646  0E00               	movlw	0
  6285   000648  2018               	addwfc	(??_ISR+6)^0,w,c
  6286   00064A  6EDA               	movwf	fsr2h,c
  6287   00064C  50DF               	movf	indf2,w,c
  6288   00064E  6EFF               	movwf	255,c	;volatile
  6289   000650  EE26  F04F         	lfsr	2,_r_queue+469
  6290   000654  EE10 F074          	lfsr	1,116
  6291   000658  50DE               	movf	postinc2,w,c
  6292   00065A  26E1               	addwf	fsr1l,f,c
  6293   00065C  50DD               	movf	postdec2,w,c
  6294   00065E  22E2               	addwfc	fsr1h,f,c
  6295   000660  50E7               	movf	indf1,w,c
  6296   000662  A4D8               	btfss	status,2,c
  6297   000664  EF36  F003         	goto	i2u251_41
  6298   000668  EF38  F003         	goto	i2u251_40
  6299   00066C                     i2u251_41:
  6300   00066C  EFB2  F002         	goto	i2l498
  6301   000670                     i2u251_40:
  6302   000670  EF7D  F003         	goto	i2l2914
  6303   000674                     i2l497:
  6304   000674  0005               	push		;# 
  6305   000676  EE26  F04F         	lfsr	2,_r_queue+469
  6306   00067A  EE10 F002          	lfsr	1,2
  6307   00067E  50DE               	movf	postinc2,w,c
  6308   000680  26E1               	addwf	fsr1l,f,c
  6309   000682  50DD               	movf	postdec2,w,c
  6310   000684  22E2               	addwfc	fsr1h,f,c
  6311   000686  50E7               	movf	indf1,w,c
  6312   000688  6EFD               	movwf	253,c	;volatile
  6313   00068A  EE26  F04F         	lfsr	2,_r_queue+469
  6314   00068E  EE10 F002          	lfsr	1,2
  6315   000692  50DE               	movf	postinc2,w,c
  6316   000694  26E1               	addwf	fsr1l,f,c
  6317   000696  50DD               	movf	postdec2,w,c
  6318   000698  22E2               	addwfc	fsr1h,f,c
  6319   00069A  CFE6 F012          	movff	postinc1,??_ISR
  6320   00069E  CFE5 F013          	movff	postdec1,??_ISR+1
  6321   0006A2  C012  F014         	movff	??_ISR,??_ISR+2
  6322   0006A6  C013  F015         	movff	??_ISR+1,??_ISR+3
  6323   0006AA  6A16               	clrf	(??_ISR+4)^0,c
  6324   0006AC  C015  F014         	movff	??_ISR+3,??_ISR+2
  6325   0006B0  C016  F015         	movff	??_ISR+4,??_ISR+3
  6326   0006B4  6A16               	clrf	(??_ISR+4)^0,c
  6327   0006B6  5014               	movf	(??_ISR+2)^0,w,c
  6328   0006B8  6EFE               	movwf	254,c	;volatile
  6329   0006BA  0E10               	movlw	16
  6330   0006BC  6E12               	movwf	??_ISR^0,c
  6331   0006BE  EE26  F04F         	lfsr	2,_r_queue+469
  6332   0006C2  EE10 F002          	lfsr	1,2
  6333   0006C6  50DE               	movf	postinc2,w,c
  6334   0006C8  26E1               	addwf	fsr1l,f,c
  6335   0006CA  50DD               	movf	postdec2,w,c
  6336   0006CC  22E2               	addwfc	fsr1h,f,c
  6337   0006CE  CFE6 F013          	movff	postinc1,??_ISR+1
  6338   0006D2  CFE5 F014          	movff	postdec1,??_ISR+2
  6339   0006D6  C013  F015         	movff	??_ISR+1,??_ISR+3
  6340   0006DA  C014  F016         	movff	??_ISR+2,??_ISR+4
  6341   0006DE  6A17               	clrf	(??_ISR+5)^0,c
  6342   0006E0  2812               	incf	??_ISR^0,w,c
  6343   0006E2  6E18               	movwf	(??_ISR+6)^0,c
  6344   0006E4  EF78  F003         	goto	i2u252_40
  6345   0006E8                     i2u252_45:
  6346   0006E8  90D8               	bcf	status,0,c
  6347   0006EA  3217               	rrcf	(??_ISR+5)^0,f,c
  6348   0006EC  3216               	rrcf	(??_ISR+4)^0,f,c
  6349   0006EE  3215               	rrcf	(??_ISR+3)^0,f,c
  6350   0006F0                     i2u252_40:
  6351   0006F0  2E18               	decfsz	(??_ISR+6)^0,f,c
  6352   0006F2  EF74  F003         	goto	i2u252_45
  6353   0006F6  5015               	movf	(??_ISR+3)^0,w,c
  6354   0006F8  6EFF               	movwf	255,c	;volatile
  6355   0006FA                     i2l2914:
  6356   0006FA  0E05               	movlw	5
  6357   0006FC  6E28               	movwf	_rr_quantum^0,c
  6358   0006FE                     i2l502:
  6359   0006FE  C01E  FFF4         	movff	??_ISR+12,prodh
  6360   000702  C01D  FFF3         	movff	??_ISR+11,prodl
  6361   000706  C01C  FFDA         	movff	??_ISR+10,fsr2h
  6362   00070A  C01B  FFD9         	movff	??_ISR+9,fsr2l
  6363   00070E  C01A  FFE2         	movff	??_ISR+8,fsr1h
  6364   000712  C019  FFE1         	movff	??_ISR+7,fsr1l
  6365   000716  9201               	bcf	int$flags,1,c	;clear compiler interrupt flag (level 2)
  6366   000718  0011               	retfie		f
  6367   00071A                     __end_of_ISR:
  6368                           	callstack 0
  6369                           
  6370 ;; *************** function i2_scheduler *****************
  6371 ;; Defined at:
  6372 ;;		line 10 in file "scheduler.c"
  6373 ;; Parameters:    Size  Location     Type
  6374 ;;		None
  6375 ;; Auto vars:     Size  Location     Type
  6376 ;;		None
  6377 ;; Return value:  Size  Location     Type
  6378 ;;                  1    wreg      void 
  6379 ;; Registers used:
  6380 ;;		wreg, fsr2l, fsr2h, status,2, status,0, prodl, prodh, cstack
  6381 ;; Tracked objects:
  6382 ;;		On entry : 0/0
  6383 ;;		On exit  : 0/0
  6384 ;;		Unchanged: 0/0
  6385 ;; Data sizes:     COMRAM   BANK0   BANK1   BANK2   BANK3   BANK4   BANK5   BANK6   BANK7   BANK8   BANK9  BANK10  BANK1
      +1  BANK12  BANK13  BANK14  BANK15
  6386 ;;      Params:         0       0       0       0       0       0       0       0       0       0       0       0       
      +0       0       0       0       0
  6387 ;;      Locals:         0       0       0       0       0       0       0       0       0       0       0       0       
      +0       0       0       0       0
  6388 ;;      Temps:          3       0       0       0       0       0       0       0       0       0       0       0       
      +0       0       0       0       0
  6389 ;;      Totals:         3       0       0       0       0       0       0       0       0       0       0       0       
      +0       0       0       0       0
  6390 ;;Total ram usage:        3 bytes
  6391 ;; Hardware stack levels used: 1
  6392 ;; Hardware stack levels required when called: 2
  6393 ;; This function calls:
  6394 ;;		i2_rr_priority_scheduler
  6395 ;; This function is called by:
  6396 ;;		_ISR
  6397 ;; This function uses a non-reentrant model
  6398 ;;
  6399                           
  6400                           	psect	text23
  6401   00260C                     __ptext23:
  6402                           	callstack 0
  6403   00260C                     i2_scheduler:
  6404                           	callstack 17
  6405   00260C                     
  6406                           ;scheduler.c: 17:     r_queue.pos_task_running = rr_priority_scheduler();
  6407   00260C  ECC6  F00E         	call	i2_rr_priority_scheduler	;wreg free
  6408   002610  6E0F               	movwf	??i2_scheduler^0,c
  6409   002612  C00F  F651         	movff	??i2_scheduler,_r_queue+471
  6410   002616                     
  6411                           ;scheduler.c: 19:   r_queue.task_running = &r_queue.TASKS[r_queue.pos_task_running];
  6412   002616  C651  F00F         	movff	_r_queue+471,??i2_scheduler
  6413   00261A  500F               	movf	??i2_scheduler^0,w,c
  6414   00261C  0D75               	mullw	117
  6415   00261E  0E7A               	movlw	low _r_queue
  6416   002620  24F3               	addwf	243,w,c
  6417   002622  6E10               	movwf	(??i2_scheduler+1)^0,c
  6418   002624  0E04               	movlw	high _r_queue
  6419   002626  20F4               	addwfc	prodh,w,c
  6420   002628  6E11               	movwf	(??i2_scheduler+2)^0,c
  6421   00262A  C010  F64F         	movff	??i2_scheduler+1,_r_queue+469
  6422   00262E  C011  F650         	movff	??i2_scheduler+2,_r_queue+470
  6423   002632  0012               	return		;funcret
  6424   002634                     __end_ofi2_scheduler:
  6425                           	callstack 0
  6426                           
  6427 ;; *************** function i2_rr_priority_scheduler *****************
  6428 ;; Defined at:
  6429 ;;		line 56 in file "scheduler.c"
  6430 ;; Parameters:    Size  Location     Type
  6431 ;;		None
  6432 ;; Auto vars:     Size  Location     Type
  6433 ;;  i               1   12[COMRAM] unsigned char 
  6434 ;;  prox            1   11[COMRAM] unsigned char 
  6435 ;;  i               1   10[COMRAM] unsigned char 
  6436 ;;  max_priority    1    9[COMRAM] unsigned char 
  6437 ;;  tentativas      1    8[COMRAM] unsigned char 
  6438 ;; Return value:  Size  Location     Type
  6439 ;;                  1    wreg      unsigned char 
  6440 ;; Registers used:
  6441 ;;		wreg, fsr2l, fsr2h, status,2, status,0, prodl, prodh, cstack
  6442 ;; Tracked objects:
  6443 ;;		On entry : 0/0
  6444 ;;		On exit  : 0/0
  6445 ;;		Unchanged: 0/0
  6446 ;; Data sizes:     COMRAM   BANK0   BANK1   BANK2   BANK3   BANK4   BANK5   BANK6   BANK7   BANK8   BANK9  BANK10  BANK1
      +1  BANK12  BANK13  BANK14  BANK15
  6447 ;;      Params:         0       0       0       0       0       0       0       0       0       0       0       0       
      +0       0       0       0       0
  6448 ;;      Locals:         5       0       0       0       0       0       0       0       0       0       0       0       
      +0       0       0       0       0
  6449 ;;      Temps:          2       0       0       0       0       0       0       0       0       0       0       0       
      +0       0       0       0       0
  6450 ;;      Totals:         7       0       0       0       0       0       0       0       0       0       0       0       
      +0       0       0       0       0
  6451 ;;Total ram usage:        7 bytes
  6452 ;; Hardware stack levels used: 1
  6453 ;; Hardware stack levels required when called: 1
  6454 ;; This function calls:
  6455 ;;		i2___awmod
  6456 ;; This function is called by:
  6457 ;;		i2_scheduler
  6458 ;; This function uses a non-reentrant model
  6459 ;;
  6460                           
  6461                           	psect	text24
  6462   001D8C                     __ptext24:
  6463                           	callstack 0
  6464   001D8C                     i2_rr_priority_scheduler:
  6465                           	callstack 17
  6466   001D8C                     
  6467                           ;scheduler.c: 59:     uint8_t max_priority = 0;
  6468   001D8C  6A0B               	clrf	i2rr_priority_scheduler@max_priority^0,c
  6469                           
  6470                           ;scheduler.c: 60:     for (uint8_t i = 0; i < r_queue.size; i++) {
  6471   001D8E  6A0C               	clrf	i2rr_priority_scheduler@i^0,c
  6472   001D90  EF0A  F00F         	goto	i2l2518
  6473   001D94                     i2l2508:
  6474                           
  6475                           ;scheduler.c: 61:         if (r_queue.TASKS[i].task_state == READY && r_queue.TASKS[i].t
      +                          ask_ptr != idle) {
  6476   001D94  500C               	movf	i2rr_priority_scheduler@i^0,w,c
  6477   001D96  0D75               	mullw	117
  6478   001D98  0E7B               	movlw	low (_r_queue+1)
  6479   001D9A  24F3               	addwf	243,w,c
  6480   001D9C  6ED9               	movwf	fsr2l,c
  6481   001D9E  0E04               	movlw	high (_r_queue+1)
  6482   001DA0  20F4               	addwfc	prodh,w,c
  6483   001DA2  6EDA               	movwf	fsr2h,c
  6484   001DA4  50DF               	movf	indf2,w,c
  6485   001DA6  A4D8               	btfss	status,2,c
  6486   001DA8  EFD8  F00E         	goto	i2u185_41
  6487   001DAC  EFDA  F00E         	goto	i2u185_40
  6488   001DB0                     i2u185_41:
  6489   001DB0  EF09  F00F         	goto	i2l2516
  6490   001DB4                     i2u185_40:
  6491   001DB4  500C               	movf	i2rr_priority_scheduler@i^0,w,c
  6492   001DB6  0D75               	mullw	117
  6493   001DB8  0E7C               	movlw	low (_r_queue+2)
  6494   001DBA  24F3               	addwf	243,w,c
  6495   001DBC  6ED9               	movwf	fsr2l,c
  6496   001DBE  0E04               	movlw	high (_r_queue+2)
  6497   001DC0  20F4               	addwfc	prodh,w,c
  6498   001DC2  6EDA               	movwf	fsr2h,c
  6499   001DC4  0EE4               	movlw	low _idle
  6500   001DC6  18DE               	xorwf	postinc2,w,c
  6501   001DC8  E109               	bnz	i2u186_40
  6502   001DCA  0E25               	movlw	high _idle
  6503   001DCC  18DE               	xorwf	postinc2,w,c
  6504   001DCE  B4D8               	btfsc	status,2,c
  6505   001DD0  EFEC  F00E         	goto	i2u186_41
  6506   001DD4  EFEE  F00E         	goto	i2u186_40
  6507   001DD8                     i2u186_41:
  6508   001DD8  EF09  F00F         	goto	i2l2516
  6509   001DDC                     i2u186_40:
  6510   001DDC                     
  6511                           ;scheduler.c: 62:             if (r_queue.TASKS[i].task_priority > max_priority) {
  6512   001DDC  500C               	movf	i2rr_priority_scheduler@i^0,w,c
  6513   001DDE  0D75               	mullw	117
  6514   001DE0  0E7F               	movlw	low (_r_queue+5)
  6515   001DE2  24F3               	addwf	243,w,c
  6516   001DE4  6ED9               	movwf	fsr2l,c
  6517   001DE6  0E04               	movlw	high (_r_queue+5)
  6518   001DE8  20F4               	addwfc	prodh,w,c
  6519   001DEA  6EDA               	movwf	fsr2h,c
  6520   001DEC  50DE               	movf	postinc2,w,c
  6521   001DEE  5C0B               	subwf	i2rr_priority_scheduler@max_priority^0,w,c
  6522   001DF0  B0D8               	btfsc	status,0,c
  6523   001DF2  EFFD  F00E         	goto	i2u187_41
  6524   001DF6  EFFF  F00E         	goto	i2u187_40
  6525   001DFA                     i2u187_41:
  6526   001DFA  EF09  F00F         	goto	i2l2516
  6527   001DFE                     i2u187_40:
  6528   001DFE                     
  6529                           ;scheduler.c: 63:                 max_priority = r_queue.TASKS[i].task_priority;
  6530   001DFE  500C               	movf	i2rr_priority_scheduler@i^0,w,c
  6531   001E00  0D75               	mullw	117
  6532   001E02  0E7F               	movlw	low (_r_queue+5)
  6533   001E04  24F3               	addwf	243,w,c
  6534   001E06  6ED9               	movwf	fsr2l,c
  6535   001E08  0E04               	movlw	high (_r_queue+5)
  6536   001E0A  20F4               	addwfc	prodh,w,c
  6537   001E0C  6EDA               	movwf	fsr2h,c
  6538   001E0E  50DF               	movf	indf2,w,c
  6539   001E10  6E0B               	movwf	i2rr_priority_scheduler@max_priority^0,c
  6540   001E12                     i2l2516:
  6541                           
  6542                           ;scheduler.c: 66:     }
  6543   001E12  2A0C               	incf	i2rr_priority_scheduler@i^0,f,c
  6544   001E14                     i2l2518:
  6545   001E14  EE26  F04E         	lfsr	2,_r_queue+468
  6546   001E18  50DE               	movf	postinc2,w,c
  6547   001E1A  5C0C               	subwf	i2rr_priority_scheduler@i^0,w,c
  6548   001E1C  A0D8               	btfss	status,0,c
  6549   001E1E  EF13  F00F         	goto	i2u188_41
  6550   001E22  EF15  F00F         	goto	i2u188_40
  6551   001E26                     i2u188_41:
  6552   001E26  EFCA  F00E         	goto	i2l2508
  6553   001E2A                     i2u188_40:
  6554   001E2A                     
  6555                           ;scheduler.c: 69:     uint8_t prox = r_queue.pos_task_running;
  6556   001E2A  C651  F00D         	movff	_r_queue+471,i2rr_priority_scheduler@prox
  6557                           
  6558                           ;scheduler.c: 70:     uint8_t tentativas = 0;
  6559   001E2E  6A0A               	clrf	i2rr_priority_scheduler@tentativas^0,c
  6560   001E30                     i2l2520:
  6561                           
  6562                           ;scheduler.c: 73:         prox = (prox + 1) % r_queue.size;
  6563   001E30  0E01               	movlw	1
  6564   001E32  240D               	addwf	i2rr_priority_scheduler@prox^0,w,c
  6565   001E34  6E02               	movwf	i2___awmod@dividend^0,c
  6566   001E36  6A03               	clrf	(i2___awmod@dividend+1)^0,c
  6567   001E38  0E00               	movlw	0
  6568   001E3A  2203               	addwfc	(i2___awmod@dividend+1)^0,f,c
  6569   001E3C  C64E  F008         	movff	_r_queue+468,??i2_rr_priority_scheduler
  6570   001E40  5008               	movf	??i2_rr_priority_scheduler^0,w,c
  6571   001E42  6E04               	movwf	i2___awmod@divisor^0,c
  6572   001E44  6A05               	clrf	(i2___awmod@divisor+1)^0,c
  6573   001E46  EC64  F010         	call	i2___awmod	;wreg free
  6574   001E4A  5002               	movf	?i2___awmod^0,w,c
  6575   001E4C  6E0D               	movwf	i2rr_priority_scheduler@prox^0,c
  6576   001E4E                     
  6577                           ;scheduler.c: 74:         tentativas++;
  6578   001E4E  2A0A               	incf	i2rr_priority_scheduler@tentativas^0,f,c
  6579   001E50                     
  6580                           ;scheduler.c: 75:         if (tentativas >= r_queue.size) {
  6581   001E50  EE26  F04E         	lfsr	2,_r_queue+468
  6582   001E54  50DE               	movf	postinc2,w,c
  6583   001E56  5C0A               	subwf	i2rr_priority_scheduler@tentativas^0,w,c
  6584   001E58  A0D8               	btfss	status,0,c
  6585   001E5A  EF31  F00F         	goto	i2u189_41
  6586   001E5E  EF33  F00F         	goto	i2u189_40
  6587   001E62                     i2u189_41:
  6588   001E62  EF7D  F00F         	goto	i2l2546
  6589   001E66                     i2u189_40:
  6590   001E66                     
  6591                           ;scheduler.c: 77:             for (uint8_t i = 0; i < r_queue.size; i++) {
  6592   001E66  6A0E               	clrf	i2rr_priority_scheduler@i_1223^0,c
  6593   001E68  EF6F  F00F         	goto	i2l2540
  6594   001E6C                     i2l2528:
  6595                           
  6596                           ;scheduler.c: 78:                 if (r_queue.TASKS[i].task_state == READY && r_queue.TA
      +                          SKS[i].task_priority == max_priority && r_queue.TASKS[i].task_ptr != idle) {
  6597   001E6C  500E               	movf	i2rr_priority_scheduler@i_1223^0,w,c
  6598   001E6E  0D75               	mullw	117
  6599   001E70  0E7B               	movlw	low (_r_queue+1)
  6600   001E72  24F3               	addwf	243,w,c
  6601   001E74  6ED9               	movwf	fsr2l,c
  6602   001E76  0E04               	movlw	high (_r_queue+1)
  6603   001E78  20F4               	addwfc	prodh,w,c
  6604   001E7A  6EDA               	movwf	fsr2h,c
  6605   001E7C  50DF               	movf	indf2,w,c
  6606   001E7E  A4D8               	btfss	status,2,c
  6607   001E80  EF44  F00F         	goto	i2u190_41
  6608   001E84  EF46  F00F         	goto	i2u190_40
  6609   001E88                     i2u190_41:
  6610   001E88  EF6E  F00F         	goto	i2l2538
  6611   001E8C                     i2u190_40:
  6612   001E8C  500E               	movf	i2rr_priority_scheduler@i_1223^0,w,c
  6613   001E8E  0D75               	mullw	117
  6614   001E90  0E7F               	movlw	low (_r_queue+5)
  6615   001E92  24F3               	addwf	243,w,c
  6616   001E94  6ED9               	movwf	fsr2l,c
  6617   001E96  0E04               	movlw	high (_r_queue+5)
  6618   001E98  20F4               	addwfc	prodh,w,c
  6619   001E9A  6EDA               	movwf	fsr2h,c
  6620   001E9C  500B               	movf	i2rr_priority_scheduler@max_priority^0,w,c
  6621   001E9E  18DE               	xorwf	postinc2,w,c
  6622   001EA0  A4D8               	btfss	status,2,c
  6623   001EA2  EF55  F00F         	goto	i2u191_41
  6624   001EA6  EF57  F00F         	goto	i2u191_40
  6625   001EAA                     i2u191_41:
  6626   001EAA  EF6E  F00F         	goto	i2l2538
  6627   001EAE                     i2u191_40:
  6628   001EAE  500E               	movf	i2rr_priority_scheduler@i_1223^0,w,c
  6629   001EB0  0D75               	mullw	117
  6630   001EB2  0E7C               	movlw	low (_r_queue+2)
  6631   001EB4  24F3               	addwf	243,w,c
  6632   001EB6  6ED9               	movwf	fsr2l,c
  6633   001EB8  0E04               	movlw	high (_r_queue+2)
  6634   001EBA  20F4               	addwfc	prodh,w,c
  6635   001EBC  6EDA               	movwf	fsr2h,c
  6636   001EBE  0EE4               	movlw	low _idle
  6637   001EC0  18DE               	xorwf	postinc2,w,c
  6638   001EC2  E109               	bnz	i2u192_40
  6639   001EC4  0E25               	movlw	high _idle
  6640   001EC6  18DE               	xorwf	postinc2,w,c
  6641   001EC8  B4D8               	btfsc	status,2,c
  6642   001ECA  EF69  F00F         	goto	i2u192_41
  6643   001ECE  EF6B  F00F         	goto	i2u192_40
  6644   001ED2                     i2u192_41:
  6645   001ED2  EF6E  F00F         	goto	i2l2538
  6646   001ED6                     i2u192_40:
  6647   001ED6                     
  6648                           ;scheduler.c: 79:                     return i;
  6649   001ED6  500E               	movf	i2rr_priority_scheduler@i_1223^0,w,c
  6650   001ED8  EFB3  F00F         	goto	i2l418
  6651   001EDC                     i2l2538:
  6652                           
  6653                           ;scheduler.c: 81:             }
  6654   001EDC  2A0E               	incf	i2rr_priority_scheduler@i_1223^0,f,c
  6655   001EDE                     i2l2540:
  6656   001EDE  EE26  F04E         	lfsr	2,_r_queue+468
  6657   001EE2  50DE               	movf	postinc2,w,c
  6658   001EE4  5C0E               	subwf	i2rr_priority_scheduler@i_1223^0,w,c
  6659   001EE6  A0D8               	btfss	status,0,c
  6660   001EE8  EF78  F00F         	goto	i2u193_41
  6661   001EEC  EF7A  F00F         	goto	i2u193_40
  6662   001EF0                     i2u193_41:
  6663   001EF0  EF36  F00F         	goto	i2l2528
  6664   001EF4                     i2u193_40:
  6665   001EF4                     
  6666                           ;scheduler.c: 82:             return 0;
  6667   001EF4  0E00               	movlw	0
  6668   001EF6  EFB3  F00F         	goto	i2l418
  6669   001EFA                     i2l2546:
  6670                           
  6671                           ;scheduler.c: 84:     } while (!(r_queue.TASKS[prox].task_state == READY && r_queue.TASK
      +                          S[prox].task_priority == max_priority && r_queue.TASKS[prox].task_ptr != idle));
  6672   001EFA  500D               	movf	i2rr_priority_scheduler@prox^0,w,c
  6673   001EFC  0D75               	mullw	117
  6674   001EFE  0E7B               	movlw	low (_r_queue+1)
  6675   001F00  24F3               	addwf	243,w,c
  6676   001F02  6ED9               	movwf	fsr2l,c
  6677   001F04  0E04               	movlw	high (_r_queue+1)
  6678   001F06  20F4               	addwfc	prodh,w,c
  6679   001F08  6EDA               	movwf	fsr2h,c
  6680   001F0A  50DF               	movf	indf2,w,c
  6681   001F0C  A4D8               	btfss	status,2,c
  6682   001F0E  EF8B  F00F         	goto	i2u194_41
  6683   001F12  EF8D  F00F         	goto	i2u194_40
  6684   001F16                     i2u194_41:
  6685   001F16  EF18  F00F         	goto	i2l2520
  6686   001F1A                     i2u194_40:
  6687   001F1A  500D               	movf	i2rr_priority_scheduler@prox^0,w,c
  6688   001F1C  0D75               	mullw	117
  6689   001F1E  0E7F               	movlw	low (_r_queue+5)
  6690   001F20  24F3               	addwf	243,w,c
  6691   001F22  6ED9               	movwf	fsr2l,c
  6692   001F24  0E04               	movlw	high (_r_queue+5)
  6693   001F26  20F4               	addwfc	prodh,w,c
  6694   001F28  6EDA               	movwf	fsr2h,c
  6695   001F2A  500B               	movf	i2rr_priority_scheduler@max_priority^0,w,c
  6696   001F2C  18DE               	xorwf	postinc2,w,c
  6697   001F2E  A4D8               	btfss	status,2,c
  6698   001F30  EF9C  F00F         	goto	i2u195_41
  6699   001F34  EF9E  F00F         	goto	i2u195_40
  6700   001F38                     i2u195_41:
  6701   001F38  EF18  F00F         	goto	i2l2520
  6702   001F3C                     i2u195_40:
  6703   001F3C  500D               	movf	i2rr_priority_scheduler@prox^0,w,c
  6704   001F3E  0D75               	mullw	117
  6705   001F40  0E7C               	movlw	low (_r_queue+2)
  6706   001F42  24F3               	addwf	243,w,c
  6707   001F44  6ED9               	movwf	fsr2l,c
  6708   001F46  0E04               	movlw	high (_r_queue+2)
  6709   001F48  20F4               	addwfc	prodh,w,c
  6710   001F4A  6EDA               	movwf	fsr2h,c
  6711   001F4C  0EE4               	movlw	low _idle
  6712   001F4E  18DE               	xorwf	postinc2,w,c
  6713   001F50  E109               	bnz	i2u196_40
  6714   001F52  0E25               	movlw	high _idle
  6715   001F54  18DE               	xorwf	postinc2,w,c
  6716   001F56  B4D8               	btfsc	status,2,c
  6717   001F58  EFB0  F00F         	goto	i2u196_41
  6718   001F5C  EFB2  F00F         	goto	i2u196_40
  6719   001F60                     i2u196_41:
  6720   001F60  EF18  F00F         	goto	i2l2520
  6721   001F64                     i2u196_40:
  6722   001F64                     
  6723                           ;scheduler.c: 86:     return prox;
  6724   001F64  500D               	movf	i2rr_priority_scheduler@prox^0,w,c
  6725   001F66                     i2l418:
  6726   001F66  0012               	return		;funcret
  6727   001F68                     __end_ofi2_rr_priority_scheduler:
  6728                           	callstack 0
  6729                           
  6730 ;; *************** function i2___awmod *****************
  6731 ;; Defined at:
  6732 ;;		line 7 in file "C:\Program Files\Microchip\xc8\v3.10\pic\sources\c99\common\awmod.c"
  6733 ;; Parameters:    Size  Location     Type
  6734 ;;  dividend        2    0[COMRAM] int 
  6735 ;;  divisor         2    2[COMRAM] int 
  6736 ;; Auto vars:     Size  Location     Type
  6737 ;;  sign            1    5[COMRAM] unsigned char 
  6738 ;;  counter         1    4[COMRAM] unsigned char 
  6739 ;; Return value:  Size  Location     Type
  6740 ;;                  2    0[COMRAM] int 
  6741 ;; Registers used:
  6742 ;;		wreg, status,2, status,0
  6743 ;; Tracked objects:
  6744 ;;		On entry : 0/0
  6745 ;;		On exit  : 0/0
  6746 ;;		Unchanged: 0/0
  6747 ;; Data sizes:     COMRAM   BANK0   BANK1   BANK2   BANK3   BANK4   BANK5   BANK6   BANK7   BANK8   BANK9  BANK10  BANK1
      +1  BANK12  BANK13  BANK14  BANK15
  6748 ;;      Params:         4       0       0       0       0       0       0       0       0       0       0       0       
      +0       0       0       0       0
  6749 ;;      Locals:         2       0       0       0       0       0       0       0       0       0       0       0       
      +0       0       0       0       0
  6750 ;;      Temps:          0       0       0       0       0       0       0       0       0       0       0       0       
      +0       0       0       0       0
  6751 ;;      Totals:         6       0       0       0       0       0       0       0       0       0       0       0       
      +0       0       0       0       0
  6752 ;;Total ram usage:        6 bytes
  6753 ;; Hardware stack levels used: 1
  6754 ;; This function calls:
  6755 ;;		Nothing
  6756 ;; This function is called by:
  6757 ;;		i2_rr_priority_scheduler
  6758 ;; This function uses a non-reentrant model
  6759 ;;
  6760                           
  6761                           	psect	text25
  6762   0020C8                     __ptext25:
  6763                           	callstack 0
  6764   0020C8                     i2___awmod:
  6765                           	callstack 17
  6766   0020C8  6A07               	clrf	i2___awmod@sign^0,c
  6767   0020CA  BE03               	btfsc	(i2___awmod@dividend+1)^0,7,c
  6768   0020CC  EF6C  F010         	goto	i2u170_40
  6769   0020D0  EF6A  F010         	goto	i2u170_41
  6770   0020D4                     i2u170_41:
  6771   0020D4  EF72  F010         	goto	i2l2362
  6772   0020D8                     i2u170_40:
  6773   0020D8  6C02               	negf	i2___awmod@dividend^0,c
  6774   0020DA  1E03               	comf	(i2___awmod@dividend+1)^0,f,c
  6775   0020DC  B0D8               	btfsc	status,0,c
  6776   0020DE  2A03               	incf	(i2___awmod@dividend+1)^0,f,c
  6777   0020E0  0E01               	movlw	1
  6778   0020E2  6E07               	movwf	i2___awmod@sign^0,c
  6779   0020E4                     i2l2362:
  6780   0020E4  BE05               	btfsc	(i2___awmod@divisor+1)^0,7,c
  6781   0020E6  EF79  F010         	goto	i2u171_40
  6782   0020EA  EF77  F010         	goto	i2u171_41
  6783   0020EE                     i2u171_41:
  6784   0020EE  EF7D  F010         	goto	i2l2366
  6785   0020F2                     i2u171_40:
  6786   0020F2  6C04               	negf	i2___awmod@divisor^0,c
  6787   0020F4  1E05               	comf	(i2___awmod@divisor+1)^0,f,c
  6788   0020F6  B0D8               	btfsc	status,0,c
  6789   0020F8  2A05               	incf	(i2___awmod@divisor+1)^0,f,c
  6790   0020FA                     i2l2366:
  6791   0020FA  5004               	movf	i2___awmod@divisor^0,w,c
  6792   0020FC  1005               	iorwf	(i2___awmod@divisor+1)^0,w,c
  6793   0020FE  B4D8               	btfsc	status,2,c
  6794   002100  EF84  F010         	goto	i2u172_41
  6795   002104  EF86  F010         	goto	i2u172_40
  6796   002108                     i2u172_41:
  6797   002108  EFAA  F010         	goto	i2l2382
  6798   00210C                     i2u172_40:
  6799   00210C  0E01               	movlw	1
  6800   00210E  6E06               	movwf	i2___awmod@counter^0,c
  6801   002110  EF8E  F010         	goto	i2l2372
  6802   002114                     i2l2370:
  6803   002114  90D8               	bcf	status,0,c
  6804   002116  3604               	rlcf	i2___awmod@divisor^0,f,c
  6805   002118  3605               	rlcf	(i2___awmod@divisor+1)^0,f,c
  6806   00211A  2A06               	incf	i2___awmod@counter^0,f,c
  6807   00211C                     i2l2372:
  6808   00211C  AE05               	btfss	(i2___awmod@divisor+1)^0,7,c
  6809   00211E  EF93  F010         	goto	i2u173_41
  6810   002122  EF95  F010         	goto	i2u173_40
  6811   002126                     i2u173_41:
  6812   002126  EF8A  F010         	goto	i2l2370
  6813   00212A                     i2u173_40:
  6814   00212A                     i2l2374:
  6815   00212A  5004               	movf	i2___awmod@divisor^0,w,c
  6816   00212C  5C02               	subwf	i2___awmod@dividend^0,w,c
  6817   00212E  5005               	movf	(i2___awmod@divisor+1)^0,w,c
  6818   002130  5803               	subwfb	(i2___awmod@dividend+1)^0,w,c
  6819   002132  A0D8               	btfss	status,0,c
  6820   002134  EF9E  F010         	goto	i2u174_41
  6821   002138  EFA0  F010         	goto	i2u174_40
  6822   00213C                     i2u174_41:
  6823   00213C  EFA4  F010         	goto	i2l2378
  6824   002140                     i2u174_40:
  6825   002140  5004               	movf	i2___awmod@divisor^0,w,c
  6826   002142  5E02               	subwf	i2___awmod@dividend^0,f,c
  6827   002144  5005               	movf	(i2___awmod@divisor+1)^0,w,c
  6828   002146  5A03               	subwfb	(i2___awmod@dividend+1)^0,f,c
  6829   002148                     i2l2378:
  6830   002148  90D8               	bcf	status,0,c
  6831   00214A  3205               	rrcf	(i2___awmod@divisor+1)^0,f,c
  6832   00214C  3204               	rrcf	i2___awmod@divisor^0,f,c
  6833   00214E  2E06               	decfsz	i2___awmod@counter^0,f,c
  6834   002150  EF95  F010         	goto	i2l2374
  6835   002154                     i2l2382:
  6836   002154  5007               	movf	i2___awmod@sign^0,w,c
  6837   002156  B4D8               	btfsc	status,2,c
  6838   002158  EFB0  F010         	goto	i2u175_41
  6839   00215C  EFB2  F010         	goto	i2u175_40
  6840   002160                     i2u175_41:
  6841   002160  EFB6  F010         	goto	i2l2386
  6842   002164                     i2u175_40:
  6843   002164  6C02               	negf	i2___awmod@dividend^0,c
  6844   002166  1E03               	comf	(i2___awmod@dividend+1)^0,f,c
  6845   002168  B0D8               	btfsc	status,0,c
  6846   00216A  2A03               	incf	(i2___awmod@dividend+1)^0,f,c
  6847   00216C                     i2l2386:
  6848   00216C  C002  F002         	movff	i2___awmod@dividend,?i2___awmod
  6849   002170  C003  F003         	movff	i2___awmod@dividend+1,?i2___awmod+1
  6850   002174  0012               	return		;funcret
  6851   002176                     __end_ofi2___awmod:
  6852                           	callstack 0
  6853                           
  6854                           	psect	smallconst
  6855   001000                     __psmallconst:
  6856                           	callstack 0
  6857   001000  00                 	db	0
  6858   001001  00                 	db	0	; dummy byte at the end
  6859   001000                     __smallconst    set	__psmallconst
  6860   001000                     __mediumconst   set	__psmallconst
  6861   000002                     __activetblptr  equ	2
  6862                           
  6863                           	psect	rparam
  6864   000001                     ___rparam_used  equ	1
  6865   000000                     ___param_bank   equ	0
  6866   000000                     __Lparam        equ	__Lrparam
  6867   000000                     __Hparam        equ	__Hrparam
  6868   000001                     btemp           set	1	;btemp
  6869   000001                     int$flags       set	1
  6870   000001                     btemp0          set	1
  6871   000002                     btemp1          set	2
  6872                           tosu	equ	0xFFF
  6873                           tosh	equ	0xFFE
  6874                           tosl	equ	0xFFD
  6875                           stkptr	equ	0xFFC
  6876                           pclatu	equ	0xFFB
  6877                           pclath	equ	0xFFA
  6878                           pcl	equ	0xFF9
  6879                           tblptru	equ	0xFF8
  6880                           tblptrh	equ	0xFF7
  6881                           tblptrl	equ	0xFF6
  6882                           tablat	equ	0xFF5
  6883                           prodh	equ	0xFF4
  6884                           prodl	equ	0xFF3
  6885                           indf0	equ	0xFEF
  6886                           postinc0	equ	0xFEE
  6887                           postdec0	equ	0xFED
  6888                           preinc0	equ	0xFEC
  6889                           plusw0	equ	0xFEB
  6890                           fsr0h	equ	0xFEA
  6891                           fsr0l	equ	0xFE9
  6892                           wreg	equ	0xFE8
  6893                           indf1	equ	0xFE7
  6894                           postinc1	equ	0xFE6
  6895                           postdec1	equ	0xFE5
  6896                           preinc1	equ	0xFE4
  6897                           plusw1	equ	0xFE3
  6898                           fsr1h	equ	0xFE2
  6899                           fsr1l	equ	0xFE1
  6900                           bsr	equ	0xFE0
  6901                           indf2	equ	0xFDF
  6902                           postinc2	equ	0xFDE
  6903                           postdec2	equ	0xFDD
  6904                           preinc2	equ	0xFDC
  6905                           plusw2	equ	0xFDB
  6906                           fsr2h	equ	0xFDA
  6907                           fsr2l	equ	0xFD9
  6908                           status	equ	0xFD8

Data Sizes:
    Strings     0
    Constant    0
    Data        7
    BSS         1011
    Persistent  0
    Stack       0

Auto Spaces:
    Space          Size  Autos    Used
    COMRAM           94     32      40
    BANK0           160      0      26
    BANK1           256    130     130
    BANK2           256    122     122
    BANK3           256      0       0
    BANK4           256      0       0
    BANK5           256      0       0
    BANK6           256      0       0
    BANK7           256      0       0
    BANK8           256      0       0
    BANK9           256      0       0
    BANK10          256      0       0
    BANK11          256      0       0
    BANK12          256      0       0
    BANK13          256      0       0
    BANK14          256      0       0
    BANK15           56      0       0

Pointer List with Targets:

    new_task$task_ptr	PTR FTN()void  size(2) Largest target is 1
		 -> idle(), LED_1(), LED_2(), LED_3(), 

    os_create_task@func	PTR FTN()void  size(2) Largest target is 1
		 -> idle(), LED_1(), LED_2(), LED_3(), 

    os_task_change_state@task_handle$task_ptr	PTR FTN()void  size(2) Largest target is 1
		 -> idle(), LED_1(), LED_2(), LED_3(), 

    pipe_init@p	PTR struct pipe size(1) Largest target is 20
		 -> p(BANK0[20]), 

    pipe_read@dado	PTR unsigned char  size(2) Largest target is 1
		 -> LED_3@dado(BANK1[1]), 

    pipe_read@p	PTR struct pipe size(1) Largest target is 20
		 -> p(BANK0[20]), 

    pipe_write@p	PTR struct pipe size(1) Largest target is 20
		 -> p(BANK0[20]), 

    r_queue$task_ptr	PTR FTN()void  size(2) Largest target is 1
		 -> idle(), LED_1(), LED_2(), LED_3(), 

    r_queue$task_running	PTR struct tcb size(2) Largest target is 472
		 -> r_queue(BIGRAM[472]), r_queue$TASKS(BIGRAM[468]), 

    r_queue$task_running$task_ptr	PTR FTN()void  size(2) Largest target is 1
		 -> idle(), LED_1(), LED_2(), LED_3(), 

    r_queue$TASKS$task_ptr	PTR FTN()void  size(2) Largest target is 1
		 -> idle(), LED_1(), LED_2(), LED_3(), 

    S71tcb$task_ptr	PTR FTN()void  size(2) Largest target is 1
		 -> idle(), LED_1(), LED_2(), LED_3(), 

    S95ready_queue$task_running	PTR struct tcb size(2) Largest target is 472
		 -> r_queue(BIGRAM[472]), 

    sem_init@sem	PTR struct sem size(1) Largest target is 20
		 -> p(BANK0[20]), s(COMRAM[7]), 

    sem_post@sem	PTR struct sem size(1) Largest target is 20
		 -> p(BANK0[20]), 

    sem_wait@sem	PTR struct sem size(1) Largest target is 20
		 -> p(BANK0[20]), 

    sp__SRAMalloc	PTR unsigned char  size(2) Largest target is 512
		 -> _uDynamicHeap(BIGRAM[512]), NULL(NULL[0]), 


Critical Paths under _main in COMRAM

    None.

Critical Paths under _idle in COMRAM

    None.

Critical Paths under _idle in COMRAM

    None.

Critical Paths under _LED_1 in COMRAM

    None.

Critical Paths under _LED_2 in COMRAM

    None.

Critical Paths under _LED_3 in COMRAM

    None.

Critical Paths under _LED_1 in COMRAM

    None.

Critical Paths under _LED_2 in COMRAM

    None.

Critical Paths under _LED_3 in COMRAM

    None.

Critical Paths under _ISR in COMRAM

    _ISR->i2_scheduler
    i2_scheduler->i2_rr_priority_scheduler
    i2_rr_priority_scheduler->i2___awmod

Critical Paths under _main in BANK0

    None.

Critical Paths under _idle in BANK0

    None.

Critical Paths under _idle in BANK0

    None.

Critical Paths under _LED_1 in BANK0

    None.

Critical Paths under _LED_2 in BANK0

    None.

Critical Paths under _LED_3 in BANK0

    None.

Critical Paths under _LED_1 in BANK0

    None.

Critical Paths under _LED_2 in BANK0

    None.

Critical Paths under _LED_3 in BANK0

    None.

Critical Paths under _ISR in BANK0

    None.

Critical Paths under _main in BANK1

    None.

Critical Paths under _idle in BANK1

    None.

Critical Paths under _idle in BANK1

    None.

Critical Paths under _LED_1 in BANK1

    _LED_1->_pipe_write
    _sem_wait->i1_scheduler
    i1_scheduler->i1_rr_priority_scheduler
    i1_rr_priority_scheduler->i1___awmod
    _sem_post->i1___awmod

Critical Paths under _LED_2 in BANK1

    None.

Critical Paths under _LED_3 in BANK1

    _LED_3->_pipe_read
    _pipe_read->_sem_wait
    _sem_wait->i1_scheduler
    i1_scheduler->i1_rr_priority_scheduler
    i1_rr_priority_scheduler->i1___awmod
    _sem_post->i1___awmod

Critical Paths under _LED_1 in BANK1

    _LED_1->_pipe_write
    _sem_wait->i1_scheduler
    i1_scheduler->i1_rr_priority_scheduler
    i1_rr_priority_scheduler->i1___awmod
    _sem_post->i1___awmod

Critical Paths under _LED_2 in BANK1

    None.

Critical Paths under _LED_3 in BANK1

    _LED_3->_pipe_read
    _pipe_read->_sem_wait
    _sem_wait->i1_scheduler
    i1_scheduler->i1_rr_priority_scheduler
    i1_rr_priority_scheduler->i1___awmod
    _sem_post->i1___awmod

Critical Paths under _ISR in BANK1

    None.

Critical Paths under _main in BANK2

    _main->_os_create_task
    _os_start->_scheduler
    _scheduler->_rr_priority_scheduler
    _rr_priority_scheduler->___awmod
    _os_config->_os_create_task
    _config_user->_pipe_init
    _pipe_init->_sem_init

Critical Paths under _idle in BANK2

    None.

Critical Paths under _idle in BANK2

    None.

Critical Paths under _LED_1 in BANK2

    None.

Critical Paths under _LED_2 in BANK2

    None.

Critical Paths under _LED_3 in BANK2

    None.

Critical Paths under _LED_1 in BANK2

    None.

Critical Paths under _LED_2 in BANK2

    None.

Critical Paths under _LED_3 in BANK2

    None.

Critical Paths under _ISR in BANK2

    None.

Critical Paths under _main in BANK3

    None.

Critical Paths under _idle in BANK3

    None.

Critical Paths under _idle in BANK3

    None.

Critical Paths under _LED_1 in BANK3

    None.

Critical Paths under _LED_2 in BANK3

    None.

Critical Paths under _LED_3 in BANK3

    None.

Critical Paths under _LED_1 in BANK3

    None.

Critical Paths under _LED_2 in BANK3

    None.

Critical Paths under _LED_3 in BANK3

    None.

Critical Paths under _ISR in BANK3

    None.

Critical Paths under _main in BANK4

    None.

Critical Paths under _idle in BANK4

    None.

Critical Paths under _idle in BANK4

    None.

Critical Paths under _LED_1 in BANK4

    None.

Critical Paths under _LED_2 in BANK4

    None.

Critical Paths under _LED_3 in BANK4

    None.

Critical Paths under _LED_1 in BANK4

    None.

Critical Paths under _LED_2 in BANK4

    None.

Critical Paths under _LED_3 in BANK4

    None.

Critical Paths under _ISR in BANK4

    None.

Critical Paths under _main in BANK5

    None.

Critical Paths under _idle in BANK5

    None.

Critical Paths under _idle in BANK5

    None.

Critical Paths under _LED_1 in BANK5

    None.

Critical Paths under _LED_2 in BANK5

    None.

Critical Paths under _LED_3 in BANK5

    None.

Critical Paths under _LED_1 in BANK5

    None.

Critical Paths under _LED_2 in BANK5

    None.

Critical Paths under _LED_3 in BANK5

    None.

Critical Paths under _ISR in BANK5

    None.

Critical Paths under _main in BANK6

    None.

Critical Paths under _idle in BANK6

    None.

Critical Paths under _idle in BANK6

    None.

Critical Paths under _LED_1 in BANK6

    None.

Critical Paths under _LED_2 in BANK6

    None.

Critical Paths under _LED_3 in BANK6

    None.

Critical Paths under _LED_1 in BANK6

    None.

Critical Paths under _LED_2 in BANK6

    None.

Critical Paths under _LED_3 in BANK6

    None.

Critical Paths under _ISR in BANK6

    None.

Critical Paths under _main in BANK7

    None.

Critical Paths under _idle in BANK7

    None.

Critical Paths under _idle in BANK7

    None.

Critical Paths under _LED_1 in BANK7

    None.

Critical Paths under _LED_2 in BANK7

    None.

Critical Paths under _LED_3 in BANK7

    None.

Critical Paths under _LED_1 in BANK7

    None.

Critical Paths under _LED_2 in BANK7

    None.

Critical Paths under _LED_3 in BANK7

    None.

Critical Paths under _ISR in BANK7

    None.

Critical Paths under _main in BANK8

    None.

Critical Paths under _idle in BANK8

    None.

Critical Paths under _idle in BANK8

    None.

Critical Paths under _LED_1 in BANK8

    None.

Critical Paths under _LED_2 in BANK8

    None.

Critical Paths under _LED_3 in BANK8

    None.

Critical Paths under _LED_1 in BANK8

    None.

Critical Paths under _LED_2 in BANK8

    None.

Critical Paths under _LED_3 in BANK8

    None.

Critical Paths under _ISR in BANK8

    None.

Critical Paths under _main in BANK9

    None.

Critical Paths under _idle in BANK9

    None.

Critical Paths under _idle in BANK9

    None.

Critical Paths under _LED_1 in BANK9

    None.

Critical Paths under _LED_2 in BANK9

    None.

Critical Paths under _LED_3 in BANK9

    None.

Critical Paths under _LED_1 in BANK9

    None.

Critical Paths under _LED_2 in BANK9

    None.

Critical Paths under _LED_3 in BANK9

    None.

Critical Paths under _ISR in BANK9

    None.

Critical Paths under _main in BANK10

    None.

Critical Paths under _idle in BANK10

    None.

Critical Paths under _idle in BANK10

    None.

Critical Paths under _LED_1 in BANK10

    None.

Critical Paths under _LED_2 in BANK10

    None.

Critical Paths under _LED_3 in BANK10

    None.

Critical Paths under _LED_1 in BANK10

    None.

Critical Paths under _LED_2 in BANK10

    None.

Critical Paths under _LED_3 in BANK10

    None.

Critical Paths under _ISR in BANK10

    None.

Critical Paths under _main in BANK11

    None.

Critical Paths under _idle in BANK11

    None.

Critical Paths under _idle in BANK11

    None.

Critical Paths under _LED_1 in BANK11

    None.

Critical Paths under _LED_2 in BANK11

    None.

Critical Paths under _LED_3 in BANK11

    None.

Critical Paths under _LED_1 in BANK11

    None.

Critical Paths under _LED_2 in BANK11

    None.

Critical Paths under _LED_3 in BANK11

    None.

Critical Paths under _ISR in BANK11

    None.

Critical Paths under _main in BANK12

    None.

Critical Paths under _idle in BANK12

    None.

Critical Paths under _idle in BANK12

    None.

Critical Paths under _LED_1 in BANK12

    None.

Critical Paths under _LED_2 in BANK12

    None.

Critical Paths under _LED_3 in BANK12

    None.

Critical Paths under _LED_1 in BANK12

    None.

Critical Paths under _LED_2 in BANK12

    None.

Critical Paths under _LED_3 in BANK12

    None.

Critical Paths under _ISR in BANK12

    None.

Critical Paths under _main in BANK13

    None.

Critical Paths under _idle in BANK13

    None.

Critical Paths under _idle in BANK13

    None.

Critical Paths under _LED_1 in BANK13

    None.

Critical Paths under _LED_2 in BANK13

    None.

Critical Paths under _LED_3 in BANK13

    None.

Critical Paths under _LED_1 in BANK13

    None.

Critical Paths under _LED_2 in BANK13

    None.

Critical Paths under _LED_3 in BANK13

    None.

Critical Paths under _ISR in BANK13

    None.

Critical Paths under _main in BANK14

    None.

Critical Paths under _idle in BANK14

    None.

Critical Paths under _idle in BANK14

    None.

Critical Paths under _LED_1 in BANK14

    None.

Critical Paths under _LED_2 in BANK14

    None.

Critical Paths under _LED_3 in BANK14

    None.

Critical Paths under _LED_1 in BANK14

    None.

Critical Paths under _LED_2 in BANK14

    None.

Critical Paths under _LED_3 in BANK14

    None.

Critical Paths under _ISR in BANK14

    None.

Critical Paths under _main in BANK15

    None.

Critical Paths under _idle in BANK15

    None.

Critical Paths under _idle in BANK15

    None.

Critical Paths under _LED_1 in BANK15

    None.

Critical Paths under _LED_2 in BANK15

    None.

Critical Paths under _LED_3 in BANK15

    None.

Critical Paths under _LED_1 in BANK15

    None.

Critical Paths under _LED_2 in BANK15

    None.

Critical Paths under _LED_3 in BANK15

    None.

Critical Paths under _ISR in BANK15

    None.

Call Graph Tables:

 ---------------------------------------------------------------------------------
 (Depth) Function   	        Calls       Base Space   Used Autos Params    Refs
 ---------------------------------------------------------------------------------
 (0) _main                                                 0     0      0    5016
                          _os_config
                     _os_create_task
                           _os_start
 ---------------------------------------------------------------------------------
 (1) _os_start                                             7     7      0    1524
                                             16 BANK2      7     7      0
                          _scheduler
                     _setup_hardware
 ---------------------------------------------------------------------------------
 (2) _setup_hardware                                       0     0      0       0
 ---------------------------------------------------------------------------------
 (2) _scheduler                                            3     3      0    1524
                                             13 BANK2      3     3      0
              _rr_priority_scheduler
 ---------------------------------------------------------------------------------
 (3) _rr_priority_scheduler                                7     7      0    1524
                                              6 BANK2      7     7      0
                            ___awmod
 ---------------------------------------------------------------------------------
 (4) ___awmod                                              6     2      4     666
                                              0 BANK2      6     2      4
 ---------------------------------------------------------------------------------
 (1) _os_config                                            0     0      0    2037
                        _config_user
                     _os_create_task
 ---------------------------------------------------------------------------------
 (2) _os_create_task                                     122   119      3    1455
                                              0 BANK2    122   119      3
 ---------------------------------------------------------------------------------
 (2) _config_user                                          0     0      0     582
                          _pipe_init
                           _sem_init
 ---------------------------------------------------------------------------------
 (3) _pipe_init                                            1     0      1     378
                                              4 BANK2      1     0      1
                           _sem_init
 ---------------------------------------------------------------------------------
 (4) _sem_init                                             4     2      2     204
                                              0 BANK2      4     2      2
 ---------------------------------------------------------------------------------
 Estimated maximum stack depth 4
 ---------------------------------------------------------------------------------
 (Depth) Function   	        Calls       Base Space   Used Autos Params    Refs
 ---------------------------------------------------------------------------------
 (5) _idle                                                 1     1      0       0
                                              0 COMRAM     1     1      0
 ---------------------------------------------------------------------------------
 Estimated maximum stack depth 5
 ---------------------------------------------------------------------------------
 (Depth) Function   	        Calls       Base Space   Used Autos Params    Refs
 ---------------------------------------------------------------------------------
 (5) _idle                                                 1     1      0       0
                                              0 COMRAM     1     1      0
 ---------------------------------------------------------------------------------
 Estimated maximum stack depth 5
 ---------------------------------------------------------------------------------
 (Depth) Function   	        Calls       Base Space   Used Autos Params    Refs
 ---------------------------------------------------------------------------------
 (5) _LED_1                                                8     8      0    7890
                                             92 BANK1      8     8      0
                         _pipe_write
                          i1___awmod
 ---------------------------------------------------------------------------------
 (6) _pipe_write                                           3     1      2    6440
                                             89 BANK1      3     1      2
                           _sem_post
                           _sem_wait
 ---------------------------------------------------------------------------------
 (7) _sem_wait                                             8     7      1    4290
                                            117 BANK1      8     7      1
                          i1___awmod
                        i1_scheduler
 ---------------------------------------------------------------------------------
 (8) i1_scheduler                                          3     3      0    2660
                                            114 BANK1      3     3      0
            i1_rr_priority_scheduler
 ---------------------------------------------------------------------------------
 (9) i1_rr_priority_scheduler                              7     7      0    2660
                                            107 BANK1      7     7      0
                          i1___awmod
 ---------------------------------------------------------------------------------
 (7) _sem_post                                             3     2      1    1630
                                            107 BANK1      3     2      1
                          i1___awmod
 ---------------------------------------------------------------------------------
 (10) i1___awmod                                           6     2      4    1180
                                            101 BANK1      6     2      4
 ---------------------------------------------------------------------------------
 Estimated maximum stack depth 10
 ---------------------------------------------------------------------------------
 (Depth) Function   	        Calls       Base Space   Used Autos Params    Refs
 ---------------------------------------------------------------------------------
 (5) _LED_2                                                1     1      0       0
                                            100 BANK1      1     1      0
 ---------------------------------------------------------------------------------
 Estimated maximum stack depth 5
 ---------------------------------------------------------------------------------
 (Depth) Function   	        Calls       Base Space   Used Autos Params    Refs
 ---------------------------------------------------------------------------------
 (5) _LED_3                                                1     1      0    6874
                                            129 BANK1      1     1      0
                          _pipe_read
 ---------------------------------------------------------------------------------
 (6) _pipe_read                                            4     1      3    6571
                                            125 BANK1      4     1      3
                           _sem_post
                           _sem_wait
 ---------------------------------------------------------------------------------
 (7) _sem_wait                                             8     7      1    4290
                                            117 BANK1      8     7      1
                          i1___awmod
                        i1_scheduler
 ---------------------------------------------------------------------------------
 (8) i1_scheduler                                          3     3      0    2660
                                            114 BANK1      3     3      0
            i1_rr_priority_scheduler
 ---------------------------------------------------------------------------------
 (9) i1_rr_priority_scheduler                              7     7      0    2660
                                            107 BANK1      7     7      0
                          i1___awmod
 ---------------------------------------------------------------------------------
 (7) _sem_post                                             3     2      1    1630
                                            107 BANK1      3     2      1
                          i1___awmod
 ---------------------------------------------------------------------------------
 (10) i1___awmod                                           6     2      4    1180
                                            101 BANK1      6     2      4
 ---------------------------------------------------------------------------------
 Estimated maximum stack depth 10
 ---------------------------------------------------------------------------------
 (Depth) Function   	        Calls       Base Space   Used Autos Params    Refs
 ---------------------------------------------------------------------------------
 (5) _LED_1                                                8     8      0    7890
                                             92 BANK1      8     8      0
                         _pipe_write
                          i1___awmod
 ---------------------------------------------------------------------------------
 (6) _pipe_write                                           3     1      2    6440
                                             89 BANK1      3     1      2
                           _sem_post
                           _sem_wait
 ---------------------------------------------------------------------------------
 (7) _sem_wait                                             8     7      1    4290
                                            117 BANK1      8     7      1
                          i1___awmod
                        i1_scheduler
 ---------------------------------------------------------------------------------
 (8) i1_scheduler                                          3     3      0    2660
                                            114 BANK1      3     3      0
            i1_rr_priority_scheduler
 ---------------------------------------------------------------------------------
 (9) i1_rr_priority_scheduler                              7     7      0    2660
                                            107 BANK1      7     7      0
                          i1___awmod
 ---------------------------------------------------------------------------------
 (7) _sem_post                                             3     2      1    1630
                                            107 BANK1      3     2      1
                          i1___awmod
 ---------------------------------------------------------------------------------
 (10) i1___awmod                                           6     2      4    1180
                                            101 BANK1      6     2      4
 ---------------------------------------------------------------------------------
 Estimated maximum stack depth 10
 ---------------------------------------------------------------------------------
 (Depth) Function   	        Calls       Base Space   Used Autos Params    Refs
 ---------------------------------------------------------------------------------
 (5) _LED_2                                                1     1      0       0
                                            100 BANK1      1     1      0
 ---------------------------------------------------------------------------------
 Estimated maximum stack depth 5
 ---------------------------------------------------------------------------------
 (Depth) Function   	        Calls       Base Space   Used Autos Params    Refs
 ---------------------------------------------------------------------------------
 (5) _LED_3                                                1     1      0    6874
                                            129 BANK1      1     1      0
                          _pipe_read
 ---------------------------------------------------------------------------------
 (6) _pipe_read                                            4     1      3    6571
                                            125 BANK1      4     1      3
                           _sem_post
                           _sem_wait
 ---------------------------------------------------------------------------------
 (7) _sem_wait                                             8     7      1    4290
                                            117 BANK1      8     7      1
                          i1___awmod
                        i1_scheduler
 ---------------------------------------------------------------------------------
 (8) i1_scheduler                                          3     3      0    2660
                                            114 BANK1      3     3      0
            i1_rr_priority_scheduler
 ---------------------------------------------------------------------------------
 (9) i1_rr_priority_scheduler                              7     7      0    2660
                                            107 BANK1      7     7      0
                          i1___awmod
 ---------------------------------------------------------------------------------
 (7) _sem_post                                             3     2      1    1630
                                            107 BANK1      3     2      1
                          i1___awmod
 ---------------------------------------------------------------------------------
 (10) i1___awmod                                           6     2      4    1180
                                            101 BANK1      6     2      4
 ---------------------------------------------------------------------------------
 Estimated maximum stack depth 10
 ---------------------------------------------------------------------------------
 (Depth) Function   	        Calls       Base Space   Used Autos Params    Refs
 ---------------------------------------------------------------------------------
 (11) _ISR                                                15    15      0     838
                                             16 COMRAM    15    15      0
                        i2_scheduler
 ---------------------------------------------------------------------------------
 (12) i2_scheduler                                         3     3      0     726
                                             13 COMRAM     3     3      0
            i2_rr_priority_scheduler
 ---------------------------------------------------------------------------------
 (13) i2_rr_priority_scheduler                             7     7      0     726
                                              6 COMRAM     7     7      0
                          i2___awmod
 ---------------------------------------------------------------------------------
 (14) i2___awmod                                           6     2      4     298
                                              0 COMRAM     6     2      4
 ---------------------------------------------------------------------------------
 Estimated maximum stack depth 14
 ---------------------------------------------------------------------------------

 Call Graph Graphs:

 _main (ROOT)
   _os_config
     _config_user
       _pipe_init
         _sem_init
       _sem_init
     _os_create_task
   _os_create_task
   _os_start
     _scheduler
       _rr_priority_scheduler
         ___awmod
     _setup_hardware

 _idle (ROOT)

 _idle (ROOT)

 _LED_1 (ROOT)
   _pipe_write
     _sem_post
       i1___awmod
     _sem_wait
       i1___awmod
       i1_scheduler
         i1_rr_priority_scheduler
           i1___awmod
   i1___awmod

 _LED_2 (ROOT)

 _LED_3 (ROOT)
   _pipe_read
     _sem_post
       i1___awmod
     _sem_wait
       i1___awmod
       i1_scheduler
         i1_rr_priority_scheduler
           i1___awmod

 _LED_1 (ROOT)
   _pipe_write
     _sem_post
       i1___awmod
     _sem_wait
       i1___awmod
       i1_scheduler
         i1_rr_priority_scheduler
           i1___awmod
   i1___awmod

 _LED_2 (ROOT)

 _LED_3 (ROOT)
   _pipe_read
     _sem_post
       i1___awmod
     _sem_wait
       i1___awmod
       i1_scheduler
         i1_rr_priority_scheduler
           i1___awmod

 _ISR (ROOT)
   i2_scheduler
     i2_rr_priority_scheduler
       i2___awmod

Address spaces:
Name               Size   Autos  Total    Usage
BIGRAM            3895      0     984     25.3%
BITBANK14          256      0       0      0.0%
BANK14             256      0       0      0.0%
BITBANK13          256      0       0      0.0%
BANK13             256      0       0      0.0%
BITBANK12          256      0       0      0.0%
BANK12             256      0       0      0.0%
BITBANK11          256      0       0      0.0%
BANK11             256      0       0      0.0%
BITBANK10          256      0       0      0.0%
BANK10             256      0       0      0.0%
BITBANK9           256      0       0      0.0%
BANK9              256      0       0      0.0%
BITBANK8           256      0       0      0.0%
BANK8              256      0       0      0.0%
BITBANK7           256      0       0      0.0%
BANK7              256      0       0      0.0%
BITBANK6           256      0       0      0.0%
BANK6              256      0       0      0.0%
BITBANK5           256      0       0      0.0%
BANK5              256      0       0      0.0%
BITBANK4           256      0       0      0.0%
BANK4              256      0       0      0.0%
BITBANK3           256      0       0      0.0%
BANK3              256      0       0      0.0%
BITBANK2           256      0       0      0.0%
BANK2              256    122     122     47.7%
BITBANK1           256      0       0      0.0%
BANK1              256    130     130     50.8%
BITBANK0           160      0       0      0.0%
BANK0              160      0      26     16.2%
BITCOMRAM           94      0       0      0.0%
COMRAM              94     32      40     42.6%
BITBIGSFRllllh      88      0       0      0.0%
BITBIGSFRlllh       64      0       0      0.0%
BITBANK15           56      0       0      0.0%
BANK15              56      0       0      0.0%
BITBIGSFRllh        18      0       0      0.0%
BITBIGSFRlh         13      0       0      0.0%
BITBIGSFRh           8      0       0      0.0%
BITBIGSFRlllll       2      0       0      0.0%
STACK                0      0       0      0.0%
DATA                 0      0    1273      0.0%


Microchip Technology PIC18 Macro Assembler V3.10 build 20250813170317 
Symbol Table                                                                                   Wed May  6 11:57:58 2026

                __end_ofi2_scheduler 2634                                    _p 0060  
                                  _s 0021                                   l17 2452  
                                 l18 2452                                   l99 2360  
                                l123 193A                                  l124 1828  
                                l205 253A                                  l118 250A  
                                l128 19CA                                  l412 1A6C  
                                l334 245A                                  l328 253C  
                                l266 24D8                                  l418 1BAA  
                                l299 25E2                                  l389 2590  
                                l477 264A                                  l859 2016  
                                _BSR 0FE0                                  _ISR 0008  
                       ___awmod@sign 0205                                  prod 0FF3  
                                wreg 0FE8                                 ?_ISR 0002  
                               ISR@i 001F                                 l4100 24BA  
                               l4102 24C8                                 l4110 1A1E  
                               l4040 224E                                 l4200 2334  
                               l4120 1A92                                 l4112 1A40  
                               l4104 19CC                                 l4042 2266  
                               l4034 2212                                 l4210 25CA  
                               l4202 2356                                 l4130 1AF2  
                               l4122 1A94                                 l4114 1A54  
                               l4106 19D6                                 l2450 263E  
                               l4044 253C                                 l4036 2224  
                               l4060 252E                                 l4212 24DA  
                               l4140 1B38                                 l4132 1B1A  
                               l4124 1AAA                                 l4108 19F6  
                               l4116 1A56                                 l4204 2568  
                               l2452 2642                                 l4220 1676  
                               l4038 2228                                 l4214 24F2  
                               l4070 1F86                                 l4062 1F68  
                               l4150 1BA8                                 l4126 1AB0  
                               l4118 1A72                                 l4206 2574  
                               l4230 183C                                 l4222 167A  
                               l4056 250C                                 l4208 25BC  
                               l4160 2306                                 l4216 2506  
                               l4080 1FBE                                 l4072 1F94  
                               l4064 1F6C                                 l4128 1AD0  
                               l4136 1B20                                 l4144 1B3E  
                               l2448 2634                                 l4240 19C4  
                               l4232 1886                                 l4224 169A  
                               l4058 2522                                 l4170 2316  
                               l4162 230E                                 l4154 22FA  
                               l4082 1FCC                                 l4090 1FF6  
                               l4074 1F9C                                 l4066 1F7A  
                               l4146 1B5E                                 l4138 1B22  
                               l4234 18CE                                 l4226 1806  
                               l4242 19C8                                 l4218 1672  
                               l4250 240E                                 l1844 25E4  
                               l4180 2320                                 l4172 2318  
                               l4164 2310                                 l4156 22FE  
                               l4092 2006                                 l4084 1FE2  
                               l4076 1FAE                                 l4068 1F82  
                               l4148 1B80                                 l4236 1916  
                               l4228 182A                                 l1846 25E6  
                               l4190 232A                                 l4182 2322  
                               l4174 231A                                 l4166 2312  
                               l4158 2302                                 l4094 200E  
                               l4086 1FEA                                 l4078 1FB6  
                               l4238 193C                                 l4192 232C  
                               l4184 2324                                 l4176 231C  
                               l4168 2314                                 l4088 1FF0  
                               l4450 246C                                 l4098 24A0  
                               l4194 232E                                 l4186 2326  
                               l4178 231E                                 l4452 2480  
                               l4196 2330                                 l4188 2328  
                               l4454 2486                                 l4198 2332  
                               l4456 2498                                 l4448 245A  
    __end_ofi1_rr_priority_scheduler 1D8C                                 u4400 1FE2  
                               u4401 1FDE                                 u4410 2006  
                               u4411 2002                                 u4500 1B38  
                               u4420 19F6                                 u4501 1B34  
                               u4421 19F2                                 u4510 1B5E  
                               u4430 1A1E                                 u4511 1B5A  
                               u4431 1A1A                                 u4360 1F7A  
                               u4520 1B80                                 u4440 1A40  
                               u4361 1F76                                 u4521 1B7C  
                               u4441 1A3C                                 u4370 1F94  
                               u4530 1BA8                                 u4450 1A6C  
                               u4371 1F90                                 u4531 1BA4  
                               u4451 1A68                                 u4380 1FAE  
                               u4460 1AAA                                 u4541 234E  
                               u4381 1FAA                                 u4461 1AA6  
                               u4390 1FCC                                 u4470 1AD0  
                               u4550 169A                                 u4391 1FC8  
                               u4471 1ACC                                 u4551 1696  
                               u4480 1AF2                                 u4560 1828  
                               u4481 1AEE                                 u4561 1824  
                               u4490 1B1A                                 u4570 1936  
                               u4491 1B16                                 u4571 1932  
                               u4580 19B8                                 u4585 19B0  
                               _TMR0 0FD6                                 _TOSH 0FFE  
                               _TOSL 0FFD                                 _WREG 0FE8  
                               _TOSU 0FFF                                 _idle 25E4  
                               _main 240E                                 fsr1h 0FE2  
                               fsr2h 0FDA                                 indf1 0FE7  
                               indf2 0FDF                                 fsr1l 0FE1  
                               fsr2l 0FD9                                 btemp 0001  
                               prodh 0FF4                                 prodl 0FF3  
        i2rr_priority_scheduler@prox 000D                                 start 071A  
                       ___param_bank 0000                                ??_ISR 0012  
                              ?_idle 0002                                ?_main 0002  
                    __end_of___awmod 2018                                _LED_1 2212  
                              _FSR0H 0FEA                                _LED_2 253C  
                              _LED_3 245A                                _FSR1H 0FE2  
                              _FSR0L 0FE9                                _FSR2H 0FDA  
                              _FSR1L 0FE1                                _FSR2L 0FD9  
                              i1l222 1670                                i1l217 15E0  
                              i1l226 2210                                i1l218 14CE  
                              i1l412 1C4C                                i1l272 23BA  
                              i1l418 1D8A                                i1l269 240C  
                              i2l412 1E2A                                i1l389 25BA  
                              i2l502 06FE                                i2l418 1F66  
                              i1l859 20C6                                i2l389 2632  
                              i2l497 0674                                i2l498 0564  
                              i2l859 2174                                _PRODH 0FF4  
                              _PRODL 0FF3                                u87_20 25F6  
                              u87_21 25F0                                u87_26 25F8  
                     pipe_write@dado 015A                       i1___awmod@sign 016A  
                        i1_scheduler 2592                                btemp0 0001  
                              btemp1 0002                                tablat 0FF5  
                              plusw1 0FE3                                plusw2 0FDB  
                              status 0FD8                          i2_scheduler 260C  
                    __initialization 228A                         __end_of_idle 260C  
                       __end_of_main 245A                               ??_idle 0002  
                             ??_main 0182                               ?_LED_1 0002  
                      __activetblptr 0002                               ?_LED_2 0002  
                             ?_LED_3 0002                               i1l4000 15BC  
                             i1l4010 2178                               i1l4002 15E2  
                             i1l4012 21AA                               i1l4004 166A  
                             i1l4020 23C8                               i1l4014 21DA  
                             i1l4006 166E                               i1l4022 23E4  
                             i1l4016 220E                               i1l4008 2176  
                             i1l4024 2402                               i1l4018 23BC  
                             i1l4244 2362                               i1l4246 236E  
                             i1l4248 2392                               i1l3900 209A  
                             i1l3902 20A0                               i1l3904 20A6  
                             i1l3920 1C20                               i1l3912 1BAC  
                             i1l3906 20B6                               i1l3930 1C74  
                             i1l3922 1C34                               i1l3914 1BB6  
                             i1l3908 20BE                               i1l3940 1CFA  
                             i1l3932 1C8A                               i1l3916 1BD6  
                             i1l3924 1C36                               i2l2510 1DB4  
                             i1l3934 1C90                               i1l3926 1C52  
                             i1l3918 1BFE                               i2l2360 20E0  
                             i2l2520 1E30                               i2l2512 1DDC  
                             i1l3880 202A                               i1l3936 1CB0  
                             i1l3944 1D00                               i1l3952 1D1E  
                             i1l3928 1C72                               i2l2370 2114  
                             i2l2362 20E4                               i2l2354 20C8  
                             i2l2530 1E8C                               i2l2522 1E4E  
                             i2l2514 1DFE                               i2l2506 1D8C  
                             i2l2602 260C                               i1l3890 205E  
                             i1l3882 2032                               i1l3954 1D3E  
                             i1l3938 1CD2                               i1l3946 1D02  
                             i1l3962 2592                               i1l3970 1028  
                             i2l2380 214E                               i2l2372 211C  
                             i2l2364 20F2                               i2l2356 20CA  
                             i2l2532 1EAE                               i2l2540 1EDE  
                             i2l2524 1E50                               i2l2516 1E12  
                             i2l2508 1D94                               i2l2604 2616  
                             i1l3892 2066                               i1l3884 2036  
                             i1l3876 2018                               i1l3956 1D60  
                             i1l3948 1D18                               i1l3964 259E  
                             i1l3980 12F8                               i1l3972 104A  
                             i2l2374 212A                               i2l2382 2154  
                             i2l2366 20FA                               i2l2358 20D8  
                             i2l2550 1F3C                               i2l2542 1EF4  
                             i2l2534 1ED6                               i2l2526 1E66  
                             i2l2518 1E14                               i1l3894 206E  
                             i1l3886 2044                               i1l3878 201C  
                             i1l3958 1D88                               i1l3990 14AC  
                             i1l3982 130C                               i1l3974 107E  
                             i1l3966 1002                               i2l2384 2164  
                             i2l2376 2140                               i2l2368 210C  
                             i2l2552 1F64                               i2l2528 1E6C  
                             i1l3896 207C                               i1l3888 204C  
                             i1l3992 14D0                               i1l3976 10A0  
                             i1l3984 131C                               i1l3968 1004  
                             i2l2386 216C                               i2l2378 2148  
                             i2l2538 1EDC                               i2l2546 1EFA  
                             i1l3898 2092                               i1l3994 14E2  
                             i1l3986 1320                               i1l3978 121E  
                             i2l2548 1F1A                               i2l2900 0542  
                             i1l3996 152C                               i1l3988 1340  
                             _PCLATH 0FFA                               i2l2910 0650  
                             i2l2902 0566                               i1l3998 1574  
                             i2l2912 0676                               i2l2904 0578  
                             i2l2914 06FA                               i2l2906 05C0  
                             i2l2908 0608                               i2l2870 006A  
                             i2l2862 0022                               i2l2880 0106  
                             i2l2872 00B8                               i2l2864 0030  
                             _PCLATU 0FFB                               i2l2890 0390  
                             i2l2882 0116                               i2l2874 00D8  
                             i2l2866 0032                               i2l2892 03A4  
                             i2l2884 011A                               i2l2868 003C  
                             i2l2876 00DC                               i2l2886 013C  
                             i2l2894 03B4                               i2l2878 0104  
                             i2l2896 03B8                               i2l2888 02B8  
                             i2l2898 03D8                               _TABLAT 0FF5  
                             u431_21 221C                               u432_20 2238  
                             u432_21 2232                               u432_26 223A  
                             u433_20 254C                               u433_21 2546  
                             u433_26 254E                               u488_20 2480  
                             u488_21 247C                               u489_20 2498  
                             u489_21 2494                               _STATUS 0FD8  
                             _STKPTR 0FFC                            ??___awmod 0182  
      __end_of_rr_priority_scheduler 1BAC                               clear_0 22C4  
                             clear_1 22D6                               clear_2 22E2  
                    ___awmod@divisor 0202                   os_create_task@func 0200  
                   ??_setup_hardware 0182                               isa$std 0001  
           i1rr_priority_scheduler@i 016F                      ___awmod@counter 0204  
                   __end_of_sem_init 253C                    __end_ofi1___awmod 20C8  
                   __end_of_sem_wait 1672                     __end_of_sem_post 2212  
                       __pdataCOMRAM 0028                    __end_ofi2___awmod 2176  
                   __end_of_os_start 19CC                         __mediumconst 1000  
                             tblptrh 0FF7                               tblptrl 0FF6  
                             tblptru 0FF8                       i2___awmod@sign 0007  
                          LED_3@dado 0181                           __accesstop 0060  
            __end_of__initialization 22E8                        ___rparam_used 0001  
                      __end_of_LED_1 228A                        __end_of_LED_2 2568  
                      __end_of_LED_3 24A0             ?i2_rr_priority_scheduler 0002  
                     _os_create_task 22F6                       __pcstackCOMRAM 0002  
                       __pidataBANK0 264C                              ??_LED_1 015C  
                            ??_LED_2 0164                              ??_LED_3 0000  
                   os_create_task@id 0204                           __pbssBANK0 0060  
                      __uDynamicHeap 027A               __end_of_os_create_task 2362  
                            _TBLPTRH 0FF7                              _TBLPTRL 0FF6  
                            _TBLPTRU 0FF8                         ?i1_scheduler 0002  
                        sem_init@sem 0200      __end_ofi2_rr_priority_scheduler 1F68  
                       ?i2_scheduler 0002                          pipe_write@p 0159  
                        sem_wait@sem 0175                      ?_os_create_task 0200  
                            __Hparam 0000                          sem_post@sem 016B  
                          ?_sem_init 0200                            ?_sem_wait 0175  
                          ?_sem_post 016B                              __Lparam 0000  
                          ?_os_start 0002                              ___awmod 1F68  
                       __psmallconst 1000              i1_rr_priority_scheduler 1BAC  
                            __pcinit 228A                              __ramtop 1000  
                            __ptext0 240E                              __ptext1 1672  
                            __ptext2 2634                              __ptext3 2568  
                            __ptext4 19CC                              __ptext5 1F68  
                            __ptext6 24DA                              __ptext7 22F6  
                            __ptext8 25BC                              __ptext9 24A0  
                          _T0CONbits 0FD5                     ___awmod@dividend 0200  
                            _r_queue 047A                  os_create_task@prior 0202  
                  __end_of_scheduler 2592                 end_of_initialization 22E8  
                  __end_of_pipe_init 24DA                    __end_of_pipe_read 23BC  
                  __end_of_os_config 250C                        __Lmediumconst 0000  
                         _pipe_write 23BC               os_create_task@new_task 0205  
                         ??_sem_init 0202                           ??_sem_wait 0176  
                         ??_sem_post 016C                           ??_os_start 0210  
                            postdec1 0FE5                              postdec2 0FDD  
                            postinc0 0FEE                              postinc1 0FE6  
                            postinc2 0FDE                        pipe_read@dado 017E  
                         LED_1@F6266 0074                            _PORTCbits 0F82  
                          _PORTDbits 0F83                           _rr_quantum 0028  
                          _TRISCbits 0F94                            _TRISDbits 0F95  
             rr_priority_scheduler@i 020A                        sem_init@valor 0201  
                          i1___awmod 2018                            i2___awmod 20C8  
      i1rr_priority_scheduler@i_1223 0171                        ??_config_user 0182  
          ??i1_rr_priority_scheduler 016B          rr_priority_scheduler@i_1223 020C  
                      __pidataCOMRAM 2652                _rr_priority_scheduler 19CC  
                start_initialization 228A                          __end_of_ISR 071A  
                         ?i1___awmod 0165                           ?i2___awmod 0002  
                        ?_pipe_write 0159            rr_priority_scheduler@prox 020B  
                        __pdataBANK0 0074                   i1___awmod@dividend 0165  
                __end_of_config_user 25E4                             LED_1@pos 0163  
                        __pbssBIGRAM 027A                          __pbssCOMRAM 0021  
                      __pcstackBANK0 0000                        __pcstackBANK1 0100  
                      __pcstackBANK2 0200                     ??_os_create_task 0203  
                          __pintcode 0008                             ?___awmod 0200  
             ?_rr_priority_scheduler 0002                           pipe_init@p 0204  
                         pipe_read@p 017D                          __smallconst 1000  
        i1rr_priority_scheduler@prox 0170                          ??i1___awmod 0000  
                        ??i2___awmod 0006                            _scheduler 2568  
                          _pipe_init 24A0                            _pipe_read 2362  
                          _os_config 24DA                             i1u410_20 20B6  
                           i1u410_21 20B2                             i1u411_20 1BD6  
                           i1u411_21 1BD2                             i1u420_20 1D3E  
                           i1u412_20 1BFE                             i1u420_21 1D3A  
                           i1u412_21 1BFA                             i1u405_20 202A  
                           i1u421_20 1D60                             i1u413_20 1C20  
                           i1u405_21 2026                             i1u421_21 1D5C  
                           i1u413_21 1C1C                             i1u406_20 2044  
                           i1u430_20 21AA                             i1u422_20 1D88  
                           i1u414_20 1C4C                             i1u406_21 2040  
                           i1u430_21 21A6                             i1u422_21 1D84  
                           i1u414_21 1C48                             i1u407_20 205E  
                           i1u415_20 1C8A                             i1u423_20 1028  
                           i1u407_21 205A                             i1u415_21 1C86  
                           i1u423_21 1024                             i1u408_20 207C  
                           i1u416_20 1CB0                             i1u424_20 10A0  
                           i1u408_21 2078                             i1u416_21 1CAC  
                           i1u424_21 109C                             i1u409_20 2092  
                           i1u417_20 1CD2                             i1u425_20 131C  
                           i1u409_21 208E                             i1u417_21 1CCE  
                           i1u425_21 1318                             i1u418_20 1CFA  
                           i1u426_20 1340                             i1u418_21 1CF6  
                           i1u426_21 133C                             i1u419_20 1D18  
                           i1u427_20 14CE                             i1u419_21 1D14  
                           i1u427_21 14CA                             i1u428_20 15DC  
                           i1u428_21 15D8                             i1u429_20 165E  
                           i1u429_25 1656                             i2u170_40 20D8  
                           i2u250_40 0564                             i2u242_40 0030  
                           i2u170_41 20D4                             i2u250_41 0560  
                           i2u242_41 002C                             i2u171_40 20F2  
                           i2u251_40 0670                             i2u243_40 006A  
                           i2u171_41 20EE                             i2u251_41 066C  
                           i2u243_41 0066                             i2u172_40 210C  
                           i2u252_40 06F0                             i2u244_40 00B8  
                           i2u172_41 2108                             i2u244_41 00B4  
                           i2u252_45 06E8                             i2u173_40 212A  
                           i2u245_40 0104                             i2u173_41 2126  
                           i2u245_41 0100                             i2u174_40 2140  
                           i2u190_40 1E8C                             i2u246_40 0116  
                           i2u174_41 213C                             i2u190_41 1E88  
                           i2u246_41 0112                             i2u175_40 2164  
                           i2u191_40 1EAE                             i2u247_40 013C  
                           i2u175_41 2160                             i2u191_41 1EAA  
                           i2u247_41 0138                             i2u192_40 1ED6  
                           i2u248_40 03B4                             i2u192_41 1ED2  
                           i2u248_41 03B0                             i2u193_40 1EF4  
                           i2u185_40 1DB4                             i2u249_40 03D8  
                           i2u193_41 1EF0                             i2u185_41 1DB0  
                           i2u249_41 03D4                             i2u194_40 1F1A  
                           i2u186_40 1DDC                             i2u194_41 1F16  
                           i2u186_41 1DD8                             i2u195_40 1F3C  
                           i2u187_40 1DFE                             i2u195_41 1F38  
                           i2u187_41 1DFA                             i2u196_40 1F64  
                           i2u188_40 1E2A                             i2u196_41 1F60  
                           i2u188_41 1E26                             i2u189_40 1E66  
                           i2u189_41 1E62                          _config_user 25BC  
            i2_rr_priority_scheduler 1D8C                            copy_data0 229E  
                 i2___awmod@dividend 0002                           ?_scheduler 0002  
                         ?_pipe_init 0204                           ?_pipe_read 017D  
                         ?_os_config 0002                             __Hrparam 0000  
                           __Lrparam 0000                    i1___awmod@divisor 0167  
                  i1___awmod@counter 0169                           _ANSELCbits 0F3A  
                         _ANSELDbits 0F3B  i2rr_priority_scheduler@max_priority 000B  
i1rr_priority_scheduler@max_priority 016E    rr_priority_scheduler@max_priority 0209  
                           __ptext10 250C                             __ptext11 25E4  
                           __ptext20 245A                             __ptext12 2212  
                           __ptext21 2362                             __ptext13 23BC  
                           __ptext14 1002                             __ptext23 260C  
                           __ptext15 2592                             __ptext24 1D8C  
                           __ptext16 1BAC                             __ptext25 20C8  
                           __ptext17 2176                             __ptext18 2018  
                           __ptext19 253C                       _setup_hardware 2634  
                       ??_pipe_write 015B                     LED_1@acionamento 015D  
                           _sem_init 250C                             _sem_wait 1002  
                           _sem_post 2176                             _os_start 1672  
                           isa$xinst 0000            ??i2_rr_priority_scheduler 0008  
                           int$flags 0001    i2rr_priority_scheduler@tentativas 000A  
  i1rr_priority_scheduler@tentativas 016D      rr_priority_scheduler@tentativas 0208  
           i2rr_priority_scheduler@i 000C                    i2___awmod@divisor 0004  
                  i2___awmod@counter 0006                           _INTCONbits 0FF2  
                 __end_of_pipe_write 240E               __end_of_setup_hardware 264C  
                      ??i1_scheduler 0172                             intlevel1 0000  
                           intlevel2 0000                        ??i2_scheduler 000F  
                        ??_scheduler 020D             ?i1_rr_priority_scheduler 0002  
                        ??_pipe_init 0182                          ??_pipe_read 0180  
                        ??_os_config 0182              ??_rr_priority_scheduler 0206  
                    ?_setup_hardware 0002        i2rr_priority_scheduler@i_1223 000E  
                __end_ofi1_scheduler 25BC                         ?_config_user 0002  
