

Microchip MPLAB XC8 Assembler V3.10 build 20250813170317 
                                                                                               Thu May  7 19:25:19 2026

Microchip MPLAB XC8 C Compiler v3.10 (Free license) build 20250813170317 Og1 
     1                           	processor	18F46K22
     2                           	fnconf	rparam,??,?,0
     3                           	pagewidth 120
     4                           	opt	flic
     5                           	psect	idataCOMRAM,global,class=CODE,space=0,delta=1,noexec
     6                           	psect	cinit,global,reloc=2,class=CODE,space=0,delta=1
     7                           	psect	bssCOMRAM,global,class=COMRAM,space=1,delta=1,lowdata,noexec
     8                           	psect	dataCOMRAM,global,class=COMRAM,space=1,delta=1,lowdata,noexec
     9                           	psect	bssBANK0,global,class=BANK0,space=1,delta=1,lowdata,noexec
    10                           	psect	bssBIGRAM,global,class=BIGRAM,space=1,delta=1,noexec
    11                           	psect	cstackBANK2,global,class=BANK2,space=1,delta=1,lowdata,noexec
    12                           	psect	cstackBANK1,global,class=BANK1,space=1,delta=1,lowdata,noexec
    13                           	psect	cstackBANK0,global,class=BANK0,space=1,delta=1,lowdata,noexec
    14                           	psect	cstackCOMRAM,global,class=COMRAM,space=1,delta=1,lowdata,noexec
    15                           	psect	text0,global,reloc=2,class=CODE,space=0,delta=1
    16                           	psect	text1,global,reloc=2,class=CODE,space=0,delta=1
    17                           	psect	text2,global,reloc=2,class=CODE,space=0,delta=1
    18                           	psect	text3,global,reloc=2,class=CODE,space=0,delta=1
    19                           	psect	text4,global,reloc=2,class=CODE,space=0,delta=1
    20                           	psect	text5,global,reloc=2,class=CODE,space=0,delta=1,group=1
    21                           	psect	text6,global,reloc=2,class=CODE,space=0,delta=1
    22                           	psect	text7,global,reloc=2,class=CODE,space=0,delta=1
    23                           	psect	text8,global,reloc=2,class=CODE,space=0,delta=1
    24                           	psect	text9,global,reloc=2,class=CODE,space=0,delta=1
    25                           	psect	text10,global,reloc=2,class=CODE,space=0,delta=1
    26                           	psect	text11,global,reloc=2,class=CODE,space=0,delta=1
    27                           	psect	text12,global,reloc=2,class=CODE,space=0,delta=1
    28                           	psect	text13,global,reloc=2,class=CODE,space=0,delta=1
    29                           	psect	text14,global,reloc=2,class=CODE,space=0,delta=1
    30                           	psect	text15,global,reloc=2,class=CODE,space=0,delta=1
    31                           	psect	text16,global,reloc=2,class=CODE,space=0,delta=1
    32                           	psect	text17,global,reloc=2,class=CODE,space=0,delta=1
    33                           	psect	text18,global,reloc=2,class=CODE,space=0,delta=1
    34                           	psect	text19,global,reloc=2,class=CODE,space=0,delta=1
    35                           	psect	text20,global,reloc=2,class=CODE,space=0,delta=1
    36                           	psect	text21,global,reloc=2,class=CODE,space=0,delta=1
    37                           	psect	text22,global,reloc=2,class=CODE,space=0,delta=1
    38                           	psect	text23,global,reloc=2,class=CODE,space=0,delta=1
    39                           	psect	text24,global,reloc=2,class=CODE,space=0,delta=1
    40                           	psect	text25,global,reloc=2,class=CODE,space=0,delta=1
    41                           	psect	text26,global,reloc=2,class=CODE,space=0,delta=1
    42                           	psect	text27,global,reloc=2,class=CODE,space=0,delta=1
    43                           	psect	text28,global,reloc=2,class=CODE,space=0,delta=1
    44                           	psect	text29,global,reloc=2,class=CODE,space=0,delta=1
    45                           	psect	text30,global,reloc=2,class=CODE,space=0,delta=1
    46                           	psect	text31,global,reloc=2,class=CODE,space=0,delta=1
    47                           	psect	intcode,global,reloc=2,class=CODE,space=0,delta=1
    48                           	psect	text33,global,reloc=2,class=CODE,space=0,delta=1
    49                           	psect	text34,global,reloc=2,class=CODE,space=0,delta=1
    50                           	psect	text35,global,reloc=2,class=CODE,space=0,delta=1
    51                           	psect	text36,global,reloc=2,class=CODE,space=0,delta=1
    52                           	psect	smallconst,global,reloc=2,class=SMALLCONST,space=0,delta=1,noexec
    53                           	psect	intsave_regs,global,class=BIGRAM,space=1,delta=1,noexec
    54                           	psect	rparam,global,class=COMRAM,space=1,delta=1,noexec
    55                           	dabs	1,0x1,1
    56   000000                     
    57                           ; Generated 24/03/2025 GMT
    58                           ; 
    59                           ; Copyright © 2025, Microchip Technology Inc. and its subsidiaries ("Microchip")
    60                           ; All rights reserved.
    61                           ; 
    62                           ; This software is developed by Microchip Technology Inc. and its subsidiaries ("Microch
      +                          ip").
    63                           ; 
    64                           ; Redistribution and use in source and binary forms, with or without modification, are
    65                           ; permitted provided that the following conditions are met:
    66                           ; 
    67                           ;     1. Redistributions of source code must retain the above copyright notice, this lis
      +                          t of
    68                           ;        conditions and the following disclaimer.
    69                           ; 
    70                           ;     2. Redistributions in binary form must reproduce the above copyright notice, this 
      +                          list
    71                           ;        of conditions and the following disclaimer in the documentation and/or other
    72                           ;        materials provided with the distribution. Publication is not required when
    73                           ;        this file is used in an embedded application.
    74                           ; 
    75                           ;     3. Microchip's name may not be used to endorse or promote products derived from th
      +                          is
    76                           ;        software without specific prior written permission.
    77                           ; 
    78                           ; THIS SOFTWARE IS PROVIDED BY MICROCHIP "AS IS" AND ANY EXPRESS OR IMPLIED WARRANTIES,
    79                           ; INCLUDING, BUT NOT LIMITED TO, THE IMPLIED WARRANTIES OF MERCHANTABILITY AND FITNESS F
      +                          OR
    80                           ; PURPOSE ARE DISCLAIMED.  IN NO EVENT SHALL MICROCHIP BE LIABLE FOR ANY DIRECT, INDIREC
      +                          T,
    81                           ; INCIDENTAL, SPECIAL, EXEMPLARY, OR CONSEQUENTIAL DAMAGES (INCLUDING BUT NOT LIMITED TO
    82                           ; PROCUREMENT OF SUBSTITUTE GOODS OR SERVICES; LOSS OF USE, DATA OR PROFITS; OR BUSINESS
    83                           ; INTERRUPTION) HOWSOEVER CAUSED AND ON ANY THEORY OF LIABILITY, WHETHER IN CONTRACT, ST
      +                          RICT
    84                           ; LIABILITY, OR TORT (INCLUDING NEGLIGENCE OR OTHERWISE) ARISING IN ANY WAY OUT OF THE U
      +                          SE OF
    85                           ; THIS SOFTWARE, EVEN IF ADVISED OF THE POSSIBILITY OF SUCH DAMAGE.
    86                           ; 
    87                           ; 
    88                           ; Code-generator required, PIC18F46K22 Definitions
    89                           ; 
    90                           ; SFR Addresses
    91   000FE0                     bsr             equ	4064
    92   000FE9                     fsr0            equ	4073
    93   000FEA                     fsr0h           equ	4074
    94   000FE9                     fsr0l           equ	4073
    95   000FE1                     fsr1            equ	4065
    96   000FE2                     fsr1h           equ	4066
    97   000FE1                     fsr1l           equ	4065
    98   000FD9                     fsr2            equ	4057
    99   000FDA                     fsr2h           equ	4058
   100   000FD9                     fsr2l           equ	4057
   101   000FEF                     indf0           equ	4079
   102   000FE7                     indf1           equ	4071
   103   000FDF                     indf2           equ	4063
   104   000FF2                     intcon          equ	4082
   105   000000                     nvmcon          equ	0
   106   000FF9                     pcl             equ	4089
   107   000FFA                     pclath          equ	4090
   108   000FFB                     pclatu          equ	4091
   109   000FEB                     plusw0          equ	4075
   110   000FE3                     plusw1          equ	4067
   111   000FDB                     plusw2          equ	4059
   112   000FED                     postdec0        equ	4077
   113   000FE5                     postdec1        equ	4069
   114   000FDD                     postdec2        equ	4061
   115   000FEE                     postinc0        equ	4078
   116   000FE6                     postinc1        equ	4070
   117   000FDE                     postinc2        equ	4062
   118   000FEC                     preinc0         equ	4076
   119   000FE4                     preinc1         equ	4068
   120   000FDC                     preinc2         equ	4060
   121   000FF3                     prod            equ	4083
   122   000FF4                     prodh           equ	4084
   123   000FF3                     prodl           equ	4083
   124   000FD8                     status          equ	4056
   125   000FF5                     tablat          equ	4085
   126   000FF6                     tblptr          equ	4086
   127   000FF7                     tblptrh         equ	4087
   128   000FF6                     tblptrl         equ	4086
   129   000FF8                     tblptru         equ	4088
   130   000FFD                     tosl            equ	4093
   131   000FE8                     wreg            equ	4072
   132   000F38                     ANSELA          equ	3896	;# 
   133   000F39                     ANSELB          equ	3897	;# 
   134   000F3A                     ANSELC          equ	3898	;# 
   135   000F3B                     ANSELD          equ	3899	;# 
   136   000F3C                     ANSELE          equ	3900	;# 
   137   000F3D                     PMD2            equ	3901	;# 
   138   000F3E                     PMD1            equ	3902	;# 
   139   000F3F                     PMD0            equ	3903	;# 
   140   000F40                     VREFCON2        equ	3904	;# 
   141   000F40                     DACCON1         equ	3904	;# 
   142   000F41                     VREFCON1        equ	3905	;# 
   143   000F41                     DACCON0         equ	3905	;# 
   144   000F42                     VREFCON0        equ	3906	;# 
   145   000F42                     FVRCON          equ	3906	;# 
   146   000F43                     CTMUICON        equ	3907	;# 
   147   000F43                     CTMUICONH       equ	3907	;# 
   148   000F44                     CTMUCONL        equ	3908	;# 
   149   000F44                     CTMUCON1        equ	3908	;# 
   150   000F45                     CTMUCONH        equ	3909	;# 
   151   000F45                     CTMUCON0        equ	3909	;# 
   152   000F46                     SRCON1          equ	3910	;# 
   153   000F47                     SRCON0          equ	3911	;# 
   154   000F48                     CCPTMRS1        equ	3912	;# 
   155   000F49                     CCPTMRS0        equ	3913	;# 
   156   000F4A                     T6CON           equ	3914	;# 
   157   000F4B                     PR6             equ	3915	;# 
   158   000F4C                     TMR6            equ	3916	;# 
   159   000F4D                     T5GCON          equ	3917	;# 
   160   000F4E                     T5CON           equ	3918	;# 
   161   000F4F                     TMR5            equ	3919	;# 
   162   000F4F                     TMR5L           equ	3919	;# 
   163   000F50                     TMR5H           equ	3920	;# 
   164   000F51                     T4CON           equ	3921	;# 
   165   000F52                     PR4             equ	3922	;# 
   166   000F53                     TMR4            equ	3923	;# 
   167   000F54                     CCP5CON         equ	3924	;# 
   168   000F55                     CCPR5           equ	3925	;# 
   169   000F55                     CCPR5L          equ	3925	;# 
   170   000F56                     CCPR5H          equ	3926	;# 
   171   000F57                     CCP4CON         equ	3927	;# 
   172   000F58                     CCPR4           equ	3928	;# 
   173   000F58                     CCPR4L          equ	3928	;# 
   174   000F59                     CCPR4H          equ	3929	;# 
   175   000F5A                     PSTR3CON        equ	3930	;# 
   176   000F5B                     ECCP3AS         equ	3931	;# 
   177   000F5B                     CCP3AS          equ	3931	;# 
   178   000F5C                     PWM3CON         equ	3932	;# 
   179   000F5D                     CCP3CON         equ	3933	;# 
   180   000F5E                     CCPR3           equ	3934	;# 
   181   000F5E                     CCPR3L          equ	3934	;# 
   182   000F5F                     CCPR3H          equ	3935	;# 
   183   000F60                     SLRCON          equ	3936	;# 
   184   000F61                     WPUB            equ	3937	;# 
   185   000F62                     IOCB            equ	3938	;# 
   186   000F63                     PSTR2CON        equ	3939	;# 
   187   000F64                     ECCP2AS         equ	3940	;# 
   188   000F64                     CCP2AS          equ	3940	;# 
   189   000F65                     PWM2CON         equ	3941	;# 
   190   000F66                     CCP2CON         equ	3942	;# 
   191   000F67                     CCPR2           equ	3943	;# 
   192   000F67                     CCPR2L          equ	3943	;# 
   193   000F68                     CCPR2H          equ	3944	;# 
   194   000F69                     SSP2CON3        equ	3945	;# 
   195   000F6A                     SSP2MSK         equ	3946	;# 
   196   000F6B                     SSP2CON2        equ	3947	;# 
   197   000F6C                     SSP2CON1        equ	3948	;# 
   198   000F6D                     SSP2STAT        equ	3949	;# 
   199   000F6E                     SSP2ADD         equ	3950	;# 
   200   000F6F                     SSP2BUF         equ	3951	;# 
   201   000F70                     BAUDCON2        equ	3952	;# 
   202   000F70                     BAUD2CON        equ	3952	;# 
   203   000F71                     RCSTA2          equ	3953	;# 
   204   000F71                     RC2STA          equ	3953	;# 
   205   000F72                     TXSTA2          equ	3954	;# 
   206   000F72                     TX2STA          equ	3954	;# 
   207   000F73                     TXREG2          equ	3955	;# 
   208   000F73                     TX2REG          equ	3955	;# 
   209   000F74                     RCREG2          equ	3956	;# 
   210   000F74                     RC2REG          equ	3956	;# 
   211   000F75                     SPBRG2          equ	3957	;# 
   212   000F75                     SP2BRG          equ	3957	;# 
   213   000F76                     SPBRGH2         equ	3958	;# 
   214   000F76                     SP2BRGH         equ	3958	;# 
   215   000F77                     CM2CON1         equ	3959	;# 
   216   000F77                     CM12CON         equ	3959	;# 
   217   000F78                     CM2CON0         equ	3960	;# 
   218   000F78                     CM2CON          equ	3960	;# 
   219   000F79                     CM1CON0         equ	3961	;# 
   220   000F79                     CM1CON          equ	3961	;# 
   221   000F7A                     PIE4            equ	3962	;# 
   222   000F7B                     PIR4            equ	3963	;# 
   223   000F7C                     IPR4            equ	3964	;# 
   224   000F7D                     PIE5            equ	3965	;# 
   225   000F7E                     PIR5            equ	3966	;# 
   226   000F7F                     IPR5            equ	3967	;# 
   227   000F80                     PORTA           equ	3968	;# 
   228   000F81                     PORTB           equ	3969	;# 
   229   000F82                     PORTC           equ	3970	;# 
   230   000F83                     PORTD           equ	3971	;# 
   231   000F84                     PORTE           equ	3972	;# 
   232   000F89                     LATA            equ	3977	;# 
   233   000F8A                     LATB            equ	3978	;# 
   234   000F8B                     LATC            equ	3979	;# 
   235   000F8C                     LATD            equ	3980	;# 
   236   000F8D                     LATE            equ	3981	;# 
   237   000F92                     TRISA           equ	3986	;# 
   238   000F92                     DDRA            equ	3986	;# 
   239   000F93                     TRISB           equ	3987	;# 
   240   000F93                     DDRB            equ	3987	;# 
   241   000F94                     TRISC           equ	3988	;# 
   242   000F94                     DDRC            equ	3988	;# 
   243   000F95                     TRISD           equ	3989	;# 
   244   000F95                     DDRD            equ	3989	;# 
   245   000F96                     TRISE           equ	3990	;# 
   246   000F96                     DDRE            equ	3990	;# 
   247   000F9B                     OSCTUNE         equ	3995	;# 
   248   000F9C                     HLVDCON         equ	3996	;# 
   249   000F9C                     LVDCON          equ	3996	;# 
   250   000F9D                     PIE1            equ	3997	;# 
   251   000F9E                     PIR1            equ	3998	;# 
   252   000F9F                     IPR1            equ	3999	;# 
   253   000FA0                     PIE2            equ	4000	;# 
   254   000FA1                     PIR2            equ	4001	;# 
   255   000FA2                     IPR2            equ	4002	;# 
   256   000FA3                     PIE3            equ	4003	;# 
   257   000FA4                     PIR3            equ	4004	;# 
   258   000FA5                     IPR3            equ	4005	;# 
   259   000FA6                     EECON1          equ	4006	;# 
   260   000FA7                     EECON2          equ	4007	;# 
   261   000FA8                     EEDATA          equ	4008	;# 
   262   000FA9                     EEADR           equ	4009	;# 
   263   000FAA                     EEADRH          equ	4010	;# 
   264   000FAB                     RCSTA1          equ	4011	;# 
   265   000FAB                     RCSTA           equ	4011	;# 
   266   000FAB                     RC1STA          equ	4011	;# 
   267   000FAC                     TXSTA1          equ	4012	;# 
   268   000FAC                     TXSTA           equ	4012	;# 
   269   000FAC                     TX1STA          equ	4012	;# 
   270   000FAD                     TXREG1          equ	4013	;# 
   271   000FAD                     TXREG           equ	4013	;# 
   272   000FAD                     TX1REG          equ	4013	;# 
   273   000FAE                     RCREG1          equ	4014	;# 
   274   000FAE                     RCREG           equ	4014	;# 
   275   000FAE                     RC1REG          equ	4014	;# 
   276   000FAF                     SPBRG1          equ	4015	;# 
   277   000FAF                     SPBRG           equ	4015	;# 
   278   000FAF                     SP1BRG          equ	4015	;# 
   279   000FB0                     SPBRGH1         equ	4016	;# 
   280   000FB0                     SPBRGH          equ	4016	;# 
   281   000FB0                     SP1BRGH         equ	4016	;# 
   282   000FB1                     T3CON           equ	4017	;# 
   283   000FB2                     TMR3            equ	4018	;# 
   284   000FB2                     TMR3L           equ	4018	;# 
   285   000FB3                     TMR3H           equ	4019	;# 
   286   000FB4                     T3GCON          equ	4020	;# 
   287   000FB6                     ECCP1AS         equ	4022	;# 
   288   000FB6                     ECCPAS          equ	4022	;# 
   289   000FB7                     PWM1CON         equ	4023	;# 
   290   000FB7                     PWMCON          equ	4023	;# 
   291   000FB8                     BAUDCON1        equ	4024	;# 
   292   000FB8                     BAUDCON         equ	4024	;# 
   293   000FB8                     BAUDCTL         equ	4024	;# 
   294   000FB8                     BAUD1CON        equ	4024	;# 
   295   000FB9                     PSTR1CON        equ	4025	;# 
   296   000FB9                     PSTRCON         equ	4025	;# 
   297   000FBA                     T2CON           equ	4026	;# 
   298   000FBB                     PR2             equ	4027	;# 
   299   000FBC                     TMR2            equ	4028	;# 
   300   000FBD                     CCP1CON         equ	4029	;# 
   301   000FBE                     CCPR1           equ	4030	;# 
   302   000FBE                     CCPR1L          equ	4030	;# 
   303   000FBF                     CCPR1H          equ	4031	;# 
   304   000FC0                     ADCON2          equ	4032	;# 
   305   000FC1                     ADCON1          equ	4033	;# 
   306   000FC2                     ADCON0          equ	4034	;# 
   307   000FC3                     ADRES           equ	4035	;# 
   308   000FC3                     ADRESL          equ	4035	;# 
   309   000FC4                     ADRESH          equ	4036	;# 
   310   000FC5                     SSP1CON2        equ	4037	;# 
   311   000FC5                     SSPCON2         equ	4037	;# 
   312   000FC6                     SSP1CON1        equ	4038	;# 
   313   000FC6                     SSPCON1         equ	4038	;# 
   314   000FC7                     SSP1STAT        equ	4039	;# 
   315   000FC7                     SSPSTAT         equ	4039	;# 
   316   000FC8                     SSP1ADD         equ	4040	;# 
   317   000FC8                     SSPADD          equ	4040	;# 
   318   000FC9                     SSP1BUF         equ	4041	;# 
   319   000FC9                     SSPBUF          equ	4041	;# 
   320   000FCA                     SSP1MSK         equ	4042	;# 
   321   000FCA                     SSPMSK          equ	4042	;# 
   322   000FCB                     SSP1CON3        equ	4043	;# 
   323   000FCB                     SSPCON3         equ	4043	;# 
   324   000FCC                     T1GCON          equ	4044	;# 
   325   000FCD                     T1CON           equ	4045	;# 
   326   000FCE                     TMR1            equ	4046	;# 
   327   000FCE                     TMR1L           equ	4046	;# 
   328   000FCF                     TMR1H           equ	4047	;# 
   329   000FD0                     RCON            equ	4048	;# 
   330   000FD1                     WDTCON          equ	4049	;# 
   331   000FD2                     OSCCON2         equ	4050	;# 
   332   000FD3                     OSCCON          equ	4051	;# 
   333   000FD5                     T0CON           equ	4053	;# 
   334   000FD6                     TMR0            equ	4054	;# 
   335   000FD6                     TMR0L           equ	4054	;# 
   336   000FD7                     TMR0H           equ	4055	;# 
   337   000FD8                     STATUS          equ	4056	;# 
   338   000FD9                     FSR2            equ	4057	;# 
   339   000FD9                     FSR2L           equ	4057	;# 
   340   000FDA                     FSR2H           equ	4058	;# 
   341   000FDB                     PLUSW2          equ	4059	;# 
   342   000FDC                     PREINC2         equ	4060	;# 
   343   000FDD                     POSTDEC2        equ	4061	;# 
   344   000FDE                     POSTINC2        equ	4062	;# 
   345   000FDF                     INDF2           equ	4063	;# 
   346   000FE0                     BSR             equ	4064	;# 
   347   000FE1                     FSR1            equ	4065	;# 
   348   000FE1                     FSR1L           equ	4065	;# 
   349   000FE2                     FSR1H           equ	4066	;# 
   350   000FE3                     PLUSW1          equ	4067	;# 
   351   000FE4                     PREINC1         equ	4068	;# 
   352   000FE5                     POSTDEC1        equ	4069	;# 
   353   000FE6                     POSTINC1        equ	4070	;# 
   354   000FE7                     INDF1           equ	4071	;# 
   355   000FE8                     WREG            equ	4072	;# 
   356   000FE9                     FSR0            equ	4073	;# 
   357   000FE9                     FSR0L           equ	4073	;# 
   358   000FEA                     FSR0H           equ	4074	;# 
   359   000FEB                     PLUSW0          equ	4075	;# 
   360   000FEC                     PREINC0         equ	4076	;# 
   361   000FED                     POSTDEC0        equ	4077	;# 
   362   000FEE                     POSTINC0        equ	4078	;# 
   363   000FEF                     INDF0           equ	4079	;# 
   364   000FF0                     INTCON3         equ	4080	;# 
   365   000FF1                     INTCON2         equ	4081	;# 
   366   000FF2                     INTCON          equ	4082	;# 
   367   000FF3                     PROD            equ	4083	;# 
   368   000FF3                     PRODL           equ	4083	;# 
   369   000FF4                     PRODH           equ	4084	;# 
   370   000FF5                     TABLAT          equ	4085	;# 
   371   000FF6                     TBLPTR          equ	4086	;# 
   372   000FF6                     TBLPTRL         equ	4086	;# 
   373   000FF7                     TBLPTRH         equ	4087	;# 
   374   000FF8                     TBLPTRU         equ	4088	;# 
   375   000FF9                     PCLAT           equ	4089	;# 
   376   000FF9                     PC              equ	4089	;# 
   377   000FF9                     PCL             equ	4089	;# 
   378   000FFA                     PCLATH          equ	4090	;# 
   379   000FFB                     PCLATU          equ	4091	;# 
   380   000FFC                     STKPTR          equ	4092	;# 
   381   000FFD                     TOS             equ	4093	;# 
   382   000FFD                     TOSL            equ	4093	;# 
   383   000FFE                     TOSH            equ	4094	;# 
   384   000FFF                     TOSU            equ	4095	;# 
   385   000F38                     ANSELA          equ	3896	;# 
   386   000F39                     ANSELB          equ	3897	;# 
   387   000F3A                     ANSELC          equ	3898	;# 
   388   000F3B                     ANSELD          equ	3899	;# 
   389   000F3C                     ANSELE          equ	3900	;# 
   390   000F3D                     PMD2            equ	3901	;# 
   391   000F3E                     PMD1            equ	3902	;# 
   392   000F3F                     PMD0            equ	3903	;# 
   393   000F40                     VREFCON2        equ	3904	;# 
   394   000F40                     DACCON1         equ	3904	;# 
   395   000F41                     VREFCON1        equ	3905	;# 
   396   000F41                     DACCON0         equ	3905	;# 
   397   000F42                     VREFCON0        equ	3906	;# 
   398   000F42                     FVRCON          equ	3906	;# 
   399   000F43                     CTMUICON        equ	3907	;# 
   400   000F43                     CTMUICONH       equ	3907	;# 
   401   000F44                     CTMUCONL        equ	3908	;# 
   402   000F44                     CTMUCON1        equ	3908	;# 
   403   000F45                     CTMUCONH        equ	3909	;# 
   404   000F45                     CTMUCON0        equ	3909	;# 
   405   000F46                     SRCON1          equ	3910	;# 
   406   000F47                     SRCON0          equ	3911	;# 
   407   000F48                     CCPTMRS1        equ	3912	;# 
   408   000F49                     CCPTMRS0        equ	3913	;# 
   409   000F4A                     T6CON           equ	3914	;# 
   410   000F4B                     PR6             equ	3915	;# 
   411   000F4C                     TMR6            equ	3916	;# 
   412   000F4D                     T5GCON          equ	3917	;# 
   413   000F4E                     T5CON           equ	3918	;# 
   414   000F4F                     TMR5            equ	3919	;# 
   415   000F4F                     TMR5L           equ	3919	;# 
   416   000F50                     TMR5H           equ	3920	;# 
   417   000F51                     T4CON           equ	3921	;# 
   418   000F52                     PR4             equ	3922	;# 
   419   000F53                     TMR4            equ	3923	;# 
   420   000F54                     CCP5CON         equ	3924	;# 
   421   000F55                     CCPR5           equ	3925	;# 
   422   000F55                     CCPR5L          equ	3925	;# 
   423   000F56                     CCPR5H          equ	3926	;# 
   424   000F57                     CCP4CON         equ	3927	;# 
   425   000F58                     CCPR4           equ	3928	;# 
   426   000F58                     CCPR4L          equ	3928	;# 
   427   000F59                     CCPR4H          equ	3929	;# 
   428   000F5A                     PSTR3CON        equ	3930	;# 
   429   000F5B                     ECCP3AS         equ	3931	;# 
   430   000F5B                     CCP3AS          equ	3931	;# 
   431   000F5C                     PWM3CON         equ	3932	;# 
   432   000F5D                     CCP3CON         equ	3933	;# 
   433   000F5E                     CCPR3           equ	3934	;# 
   434   000F5E                     CCPR3L          equ	3934	;# 
   435   000F5F                     CCPR3H          equ	3935	;# 
   436   000F60                     SLRCON          equ	3936	;# 
   437   000F61                     WPUB            equ	3937	;# 
   438   000F62                     IOCB            equ	3938	;# 
   439   000F63                     PSTR2CON        equ	3939	;# 
   440   000F64                     ECCP2AS         equ	3940	;# 
   441   000F64                     CCP2AS          equ	3940	;# 
   442   000F65                     PWM2CON         equ	3941	;# 
   443   000F66                     CCP2CON         equ	3942	;# 
   444   000F67                     CCPR2           equ	3943	;# 
   445   000F67                     CCPR2L          equ	3943	;# 
   446   000F68                     CCPR2H          equ	3944	;# 
   447   000F69                     SSP2CON3        equ	3945	;# 
   448   000F6A                     SSP2MSK         equ	3946	;# 
   449   000F6B                     SSP2CON2        equ	3947	;# 
   450   000F6C                     SSP2CON1        equ	3948	;# 
   451   000F6D                     SSP2STAT        equ	3949	;# 
   452   000F6E                     SSP2ADD         equ	3950	;# 
   453   000F6F                     SSP2BUF         equ	3951	;# 
   454   000F70                     BAUDCON2        equ	3952	;# 
   455   000F70                     BAUD2CON        equ	3952	;# 
   456   000F71                     RCSTA2          equ	3953	;# 
   457   000F71                     RC2STA          equ	3953	;# 
   458   000F72                     TXSTA2          equ	3954	;# 
   459   000F72                     TX2STA          equ	3954	;# 
   460   000F73                     TXREG2          equ	3955	;# 
   461   000F73                     TX2REG          equ	3955	;# 
   462   000F74                     RCREG2          equ	3956	;# 
   463   000F74                     RC2REG          equ	3956	;# 
   464   000F75                     SPBRG2          equ	3957	;# 
   465   000F75                     SP2BRG          equ	3957	;# 
   466   000F76                     SPBRGH2         equ	3958	;# 
   467   000F76                     SP2BRGH         equ	3958	;# 
   468   000F77                     CM2CON1         equ	3959	;# 
   469   000F77                     CM12CON         equ	3959	;# 
   470   000F78                     CM2CON0         equ	3960	;# 
   471   000F78                     CM2CON          equ	3960	;# 
   472   000F79                     CM1CON0         equ	3961	;# 
   473   000F79                     CM1CON          equ	3961	;# 
   474   000F7A                     PIE4            equ	3962	;# 
   475   000F7B                     PIR4            equ	3963	;# 
   476   000F7C                     IPR4            equ	3964	;# 
   477   000F7D                     PIE5            equ	3965	;# 
   478   000F7E                     PIR5            equ	3966	;# 
   479   000F7F                     IPR5            equ	3967	;# 
   480   000F80                     PORTA           equ	3968	;# 
   481   000F81                     PORTB           equ	3969	;# 
   482   000F82                     PORTC           equ	3970	;# 
   483   000F83                     PORTD           equ	3971	;# 
   484   000F84                     PORTE           equ	3972	;# 
   485   000F89                     LATA            equ	3977	;# 
   486   000F8A                     LATB            equ	3978	;# 
   487   000F8B                     LATC            equ	3979	;# 
   488   000F8C                     LATD            equ	3980	;# 
   489   000F8D                     LATE            equ	3981	;# 
   490   000F92                     TRISA           equ	3986	;# 
   491   000F92                     DDRA            equ	3986	;# 
   492   000F93                     TRISB           equ	3987	;# 
   493   000F93                     DDRB            equ	3987	;# 
   494   000F94                     TRISC           equ	3988	;# 
   495   000F94                     DDRC            equ	3988	;# 
   496   000F95                     TRISD           equ	3989	;# 
   497   000F95                     DDRD            equ	3989	;# 
   498   000F96                     TRISE           equ	3990	;# 
   499   000F96                     DDRE            equ	3990	;# 
   500   000F9B                     OSCTUNE         equ	3995	;# 
   501   000F9C                     HLVDCON         equ	3996	;# 
   502   000F9C                     LVDCON          equ	3996	;# 
   503   000F9D                     PIE1            equ	3997	;# 
   504   000F9E                     PIR1            equ	3998	;# 
   505   000F9F                     IPR1            equ	3999	;# 
   506   000FA0                     PIE2            equ	4000	;# 
   507   000FA1                     PIR2            equ	4001	;# 
   508   000FA2                     IPR2            equ	4002	;# 
   509   000FA3                     PIE3            equ	4003	;# 
   510   000FA4                     PIR3            equ	4004	;# 
   511   000FA5                     IPR3            equ	4005	;# 
   512   000FA6                     EECON1          equ	4006	;# 
   513   000FA7                     EECON2          equ	4007	;# 
   514   000FA8                     EEDATA          equ	4008	;# 
   515   000FA9                     EEADR           equ	4009	;# 
   516   000FAA                     EEADRH          equ	4010	;# 
   517   000FAB                     RCSTA1          equ	4011	;# 
   518   000FAB                     RCSTA           equ	4011	;# 
   519   000FAB                     RC1STA          equ	4011	;# 
   520   000FAC                     TXSTA1          equ	4012	;# 
   521   000FAC                     TXSTA           equ	4012	;# 
   522   000FAC                     TX1STA          equ	4012	;# 
   523   000FAD                     TXREG1          equ	4013	;# 
   524   000FAD                     TXREG           equ	4013	;# 
   525   000FAD                     TX1REG          equ	4013	;# 
   526   000FAE                     RCREG1          equ	4014	;# 
   527   000FAE                     RCREG           equ	4014	;# 
   528   000FAE                     RC1REG          equ	4014	;# 
   529   000FAF                     SPBRG1          equ	4015	;# 
   530   000FAF                     SPBRG           equ	4015	;# 
   531   000FAF                     SP1BRG          equ	4015	;# 
   532   000FB0                     SPBRGH1         equ	4016	;# 
   533   000FB0                     SPBRGH          equ	4016	;# 
   534   000FB0                     SP1BRGH         equ	4016	;# 
   535   000FB1                     T3CON           equ	4017	;# 
   536   000FB2                     TMR3            equ	4018	;# 
   537   000FB2                     TMR3L           equ	4018	;# 
   538   000FB3                     TMR3H           equ	4019	;# 
   539   000FB4                     T3GCON          equ	4020	;# 
   540   000FB6                     ECCP1AS         equ	4022	;# 
   541   000FB6                     ECCPAS          equ	4022	;# 
   542   000FB7                     PWM1CON         equ	4023	;# 
   543   000FB7                     PWMCON          equ	4023	;# 
   544   000FB8                     BAUDCON1        equ	4024	;# 
   545   000FB8                     BAUDCON         equ	4024	;# 
   546   000FB8                     BAUDCTL         equ	4024	;# 
   547   000FB8                     BAUD1CON        equ	4024	;# 
   548   000FB9                     PSTR1CON        equ	4025	;# 
   549   000FB9                     PSTRCON         equ	4025	;# 
   550   000FBA                     T2CON           equ	4026	;# 
   551   000FBB                     PR2             equ	4027	;# 
   552   000FBC                     TMR2            equ	4028	;# 
   553   000FBD                     CCP1CON         equ	4029	;# 
   554   000FBE                     CCPR1           equ	4030	;# 
   555   000FBE                     CCPR1L          equ	4030	;# 
   556   000FBF                     CCPR1H          equ	4031	;# 
   557   000FC0                     ADCON2          equ	4032	;# 
   558   000FC1                     ADCON1          equ	4033	;# 
   559   000FC2                     ADCON0          equ	4034	;# 
   560   000FC3                     ADRES           equ	4035	;# 
   561   000FC3                     ADRESL          equ	4035	;# 
   562   000FC4                     ADRESH          equ	4036	;# 
   563   000FC5                     SSP1CON2        equ	4037	;# 
   564   000FC5                     SSPCON2         equ	4037	;# 
   565   000FC6                     SSP1CON1        equ	4038	;# 
   566   000FC6                     SSPCON1         equ	4038	;# 
   567   000FC7                     SSP1STAT        equ	4039	;# 
   568   000FC7                     SSPSTAT         equ	4039	;# 
   569   000FC8                     SSP1ADD         equ	4040	;# 
   570   000FC8                     SSPADD          equ	4040	;# 
   571   000FC9                     SSP1BUF         equ	4041	;# 
   572   000FC9                     SSPBUF          equ	4041	;# 
   573   000FCA                     SSP1MSK         equ	4042	;# 
   574   000FCA                     SSPMSK          equ	4042	;# 
   575   000FCB                     SSP1CON3        equ	4043	;# 
   576   000FCB                     SSPCON3         equ	4043	;# 
   577   000FCC                     T1GCON          equ	4044	;# 
   578   000FCD                     T1CON           equ	4045	;# 
   579   000FCE                     TMR1            equ	4046	;# 
   580   000FCE                     TMR1L           equ	4046	;# 
   581   000FCF                     TMR1H           equ	4047	;# 
   582   000FD0                     RCON            equ	4048	;# 
   583   000FD1                     WDTCON          equ	4049	;# 
   584   000FD2                     OSCCON2         equ	4050	;# 
   585   000FD3                     OSCCON          equ	4051	;# 
   586   000FD5                     T0CON           equ	4053	;# 
   587   000FD6                     TMR0            equ	4054	;# 
   588   000FD6                     TMR0L           equ	4054	;# 
   589   000FD7                     TMR0H           equ	4055	;# 
   590   000FD8                     STATUS          equ	4056	;# 
   591   000FD9                     FSR2            equ	4057	;# 
   592   000FD9                     FSR2L           equ	4057	;# 
   593   000FDA                     FSR2H           equ	4058	;# 
   594   000FDB                     PLUSW2          equ	4059	;# 
   595   000FDC                     PREINC2         equ	4060	;# 
   596   000FDD                     POSTDEC2        equ	4061	;# 
   597   000FDE                     POSTINC2        equ	4062	;# 
   598   000FDF                     INDF2           equ	4063	;# 
   599   000FE0                     BSR             equ	4064	;# 
   600   000FE1                     FSR1            equ	4065	;# 
   601   000FE1                     FSR1L           equ	4065	;# 
   602   000FE2                     FSR1H           equ	4066	;# 
   603   000FE3                     PLUSW1          equ	4067	;# 
   604   000FE4                     PREINC1         equ	4068	;# 
   605   000FE5                     POSTDEC1        equ	4069	;# 
   606   000FE6                     POSTINC1        equ	4070	;# 
   607   000FE7                     INDF1           equ	4071	;# 
   608   000FE8                     WREG            equ	4072	;# 
   609   000FE9                     FSR0            equ	4073	;# 
   610   000FE9                     FSR0L           equ	4073	;# 
   611   000FEA                     FSR0H           equ	4074	;# 
   612   000FEB                     PLUSW0          equ	4075	;# 
   613   000FEC                     PREINC0         equ	4076	;# 
   614   000FED                     POSTDEC0        equ	4077	;# 
   615   000FEE                     POSTINC0        equ	4078	;# 
   616   000FEF                     INDF0           equ	4079	;# 
   617   000FF0                     INTCON3         equ	4080	;# 
   618   000FF1                     INTCON2         equ	4081	;# 
   619   000FF2                     INTCON          equ	4082	;# 
   620   000FF3                     PROD            equ	4083	;# 
   621   000FF3                     PRODL           equ	4083	;# 
   622   000FF4                     PRODH           equ	4084	;# 
   623   000FF5                     TABLAT          equ	4085	;# 
   624   000FF6                     TBLPTR          equ	4086	;# 
   625   000FF6                     TBLPTRL         equ	4086	;# 
   626   000FF7                     TBLPTRH         equ	4087	;# 
   627   000FF8                     TBLPTRU         equ	4088	;# 
   628   000FF9                     PCLAT           equ	4089	;# 
   629   000FF9                     PC              equ	4089	;# 
   630   000FF9                     PCL             equ	4089	;# 
   631   000FFA                     PCLATH          equ	4090	;# 
   632   000FFB                     PCLATU          equ	4091	;# 
   633   000FFC                     STKPTR          equ	4092	;# 
   634   000FFD                     TOS             equ	4093	;# 
   635   000FFD                     TOSL            equ	4093	;# 
   636   000FFE                     TOSH            equ	4094	;# 
   637   000FFF                     TOSU            equ	4095	;# 
   638   000F38                     ANSELA          equ	3896	;# 
   639   000F39                     ANSELB          equ	3897	;# 
   640   000F3A                     ANSELC          equ	3898	;# 
   641   000F3B                     ANSELD          equ	3899	;# 
   642   000F3C                     ANSELE          equ	3900	;# 
   643   000F3D                     PMD2            equ	3901	;# 
   644   000F3E                     PMD1            equ	3902	;# 
   645   000F3F                     PMD0            equ	3903	;# 
   646   000F40                     VREFCON2        equ	3904	;# 
   647   000F40                     DACCON1         equ	3904	;# 
   648   000F41                     VREFCON1        equ	3905	;# 
   649   000F41                     DACCON0         equ	3905	;# 
   650   000F42                     VREFCON0        equ	3906	;# 
   651   000F42                     FVRCON          equ	3906	;# 
   652   000F43                     CTMUICON        equ	3907	;# 
   653   000F43                     CTMUICONH       equ	3907	;# 
   654   000F44                     CTMUCONL        equ	3908	;# 
   655   000F44                     CTMUCON1        equ	3908	;# 
   656   000F45                     CTMUCONH        equ	3909	;# 
   657   000F45                     CTMUCON0        equ	3909	;# 
   658   000F46                     SRCON1          equ	3910	;# 
   659   000F47                     SRCON0          equ	3911	;# 
   660   000F48                     CCPTMRS1        equ	3912	;# 
   661   000F49                     CCPTMRS0        equ	3913	;# 
   662   000F4A                     T6CON           equ	3914	;# 
   663   000F4B                     PR6             equ	3915	;# 
   664   000F4C                     TMR6            equ	3916	;# 
   665   000F4D                     T5GCON          equ	3917	;# 
   666   000F4E                     T5CON           equ	3918	;# 
   667   000F4F                     TMR5            equ	3919	;# 
   668   000F4F                     TMR5L           equ	3919	;# 
   669   000F50                     TMR5H           equ	3920	;# 
   670   000F51                     T4CON           equ	3921	;# 
   671   000F52                     PR4             equ	3922	;# 
   672   000F53                     TMR4            equ	3923	;# 
   673   000F54                     CCP5CON         equ	3924	;# 
   674   000F55                     CCPR5           equ	3925	;# 
   675   000F55                     CCPR5L          equ	3925	;# 
   676   000F56                     CCPR5H          equ	3926	;# 
   677   000F57                     CCP4CON         equ	3927	;# 
   678   000F58                     CCPR4           equ	3928	;# 
   679   000F58                     CCPR4L          equ	3928	;# 
   680   000F59                     CCPR4H          equ	3929	;# 
   681   000F5A                     PSTR3CON        equ	3930	;# 
   682   000F5B                     ECCP3AS         equ	3931	;# 
   683   000F5B                     CCP3AS          equ	3931	;# 
   684   000F5C                     PWM3CON         equ	3932	;# 
   685   000F5D                     CCP3CON         equ	3933	;# 
   686   000F5E                     CCPR3           equ	3934	;# 
   687   000F5E                     CCPR3L          equ	3934	;# 
   688   000F5F                     CCPR3H          equ	3935	;# 
   689   000F60                     SLRCON          equ	3936	;# 
   690   000F61                     WPUB            equ	3937	;# 
   691   000F62                     IOCB            equ	3938	;# 
   692   000F63                     PSTR2CON        equ	3939	;# 
   693   000F64                     ECCP2AS         equ	3940	;# 
   694   000F64                     CCP2AS          equ	3940	;# 
   695   000F65                     PWM2CON         equ	3941	;# 
   696   000F66                     CCP2CON         equ	3942	;# 
   697   000F67                     CCPR2           equ	3943	;# 
   698   000F67                     CCPR2L          equ	3943	;# 
   699   000F68                     CCPR2H          equ	3944	;# 
   700   000F69                     SSP2CON3        equ	3945	;# 
   701   000F6A                     SSP2MSK         equ	3946	;# 
   702   000F6B                     SSP2CON2        equ	3947	;# 
   703   000F6C                     SSP2CON1        equ	3948	;# 
   704   000F6D                     SSP2STAT        equ	3949	;# 
   705   000F6E                     SSP2ADD         equ	3950	;# 
   706   000F6F                     SSP2BUF         equ	3951	;# 
   707   000F70                     BAUDCON2        equ	3952	;# 
   708   000F70                     BAUD2CON        equ	3952	;# 
   709   000F71                     RCSTA2          equ	3953	;# 
   710   000F71                     RC2STA          equ	3953	;# 
   711   000F72                     TXSTA2          equ	3954	;# 
   712   000F72                     TX2STA          equ	3954	;# 
   713   000F73                     TXREG2          equ	3955	;# 
   714   000F73                     TX2REG          equ	3955	;# 
   715   000F74                     RCREG2          equ	3956	;# 
   716   000F74                     RC2REG          equ	3956	;# 
   717   000F75                     SPBRG2          equ	3957	;# 
   718   000F75                     SP2BRG          equ	3957	;# 
   719   000F76                     SPBRGH2         equ	3958	;# 
   720   000F76                     SP2BRGH         equ	3958	;# 
   721   000F77                     CM2CON1         equ	3959	;# 
   722   000F77                     CM12CON         equ	3959	;# 
   723   000F78                     CM2CON0         equ	3960	;# 
   724   000F78                     CM2CON          equ	3960	;# 
   725   000F79                     CM1CON0         equ	3961	;# 
   726   000F79                     CM1CON          equ	3961	;# 
   727   000F7A                     PIE4            equ	3962	;# 
   728   000F7B                     PIR4            equ	3963	;# 
   729   000F7C                     IPR4            equ	3964	;# 
   730   000F7D                     PIE5            equ	3965	;# 
   731   000F7E                     PIR5            equ	3966	;# 
   732   000F7F                     IPR5            equ	3967	;# 
   733   000F80                     PORTA           equ	3968	;# 
   734   000F81                     PORTB           equ	3969	;# 
   735   000F82                     PORTC           equ	3970	;# 
   736   000F83                     PORTD           equ	3971	;# 
   737   000F84                     PORTE           equ	3972	;# 
   738   000F89                     LATA            equ	3977	;# 
   739   000F8A                     LATB            equ	3978	;# 
   740   000F8B                     LATC            equ	3979	;# 
   741   000F8C                     LATD            equ	3980	;# 
   742   000F8D                     LATE            equ	3981	;# 
   743   000F92                     TRISA           equ	3986	;# 
   744   000F92                     DDRA            equ	3986	;# 
   745   000F93                     TRISB           equ	3987	;# 
   746   000F93                     DDRB            equ	3987	;# 
   747   000F94                     TRISC           equ	3988	;# 
   748   000F94                     DDRC            equ	3988	;# 
   749   000F95                     TRISD           equ	3989	;# 
   750   000F95                     DDRD            equ	3989	;# 
   751   000F96                     TRISE           equ	3990	;# 
   752   000F96                     DDRE            equ	3990	;# 
   753   000F9B                     OSCTUNE         equ	3995	;# 
   754   000F9C                     HLVDCON         equ	3996	;# 
   755   000F9C                     LVDCON          equ	3996	;# 
   756   000F9D                     PIE1            equ	3997	;# 
   757   000F9E                     PIR1            equ	3998	;# 
   758   000F9F                     IPR1            equ	3999	;# 
   759   000FA0                     PIE2            equ	4000	;# 
   760   000FA1                     PIR2            equ	4001	;# 
   761   000FA2                     IPR2            equ	4002	;# 
   762   000FA3                     PIE3            equ	4003	;# 
   763   000FA4                     PIR3            equ	4004	;# 
   764   000FA5                     IPR3            equ	4005	;# 
   765   000FA6                     EECON1          equ	4006	;# 
   766   000FA7                     EECON2          equ	4007	;# 
   767   000FA8                     EEDATA          equ	4008	;# 
   768   000FA9                     EEADR           equ	4009	;# 
   769   000FAA                     EEADRH          equ	4010	;# 
   770   000FAB                     RCSTA1          equ	4011	;# 
   771   000FAB                     RCSTA           equ	4011	;# 
   772   000FAB                     RC1STA          equ	4011	;# 
   773   000FAC                     TXSTA1          equ	4012	;# 
   774   000FAC                     TXSTA           equ	4012	;# 
   775   000FAC                     TX1STA          equ	4012	;# 
   776   000FAD                     TXREG1          equ	4013	;# 
   777   000FAD                     TXREG           equ	4013	;# 
   778   000FAD                     TX1REG          equ	4013	;# 
   779   000FAE                     RCREG1          equ	4014	;# 
   780   000FAE                     RCREG           equ	4014	;# 
   781   000FAE                     RC1REG          equ	4014	;# 
   782   000FAF                     SPBRG1          equ	4015	;# 
   783   000FAF                     SPBRG           equ	4015	;# 
   784   000FAF                     SP1BRG          equ	4015	;# 
   785   000FB0                     SPBRGH1         equ	4016	;# 
   786   000FB0                     SPBRGH          equ	4016	;# 
   787   000FB0                     SP1BRGH         equ	4016	;# 
   788   000FB1                     T3CON           equ	4017	;# 
   789   000FB2                     TMR3            equ	4018	;# 
   790   000FB2                     TMR3L           equ	4018	;# 
   791   000FB3                     TMR3H           equ	4019	;# 
   792   000FB4                     T3GCON          equ	4020	;# 
   793   000FB6                     ECCP1AS         equ	4022	;# 
   794   000FB6                     ECCPAS          equ	4022	;# 
   795   000FB7                     PWM1CON         equ	4023	;# 
   796   000FB7                     PWMCON          equ	4023	;# 
   797   000FB8                     BAUDCON1        equ	4024	;# 
   798   000FB8                     BAUDCON         equ	4024	;# 
   799   000FB8                     BAUDCTL         equ	4024	;# 
   800   000FB8                     BAUD1CON        equ	4024	;# 
   801   000FB9                     PSTR1CON        equ	4025	;# 
   802   000FB9                     PSTRCON         equ	4025	;# 
   803   000FBA                     T2CON           equ	4026	;# 
   804   000FBB                     PR2             equ	4027	;# 
   805   000FBC                     TMR2            equ	4028	;# 
   806   000FBD                     CCP1CON         equ	4029	;# 
   807   000FBE                     CCPR1           equ	4030	;# 
   808   000FBE                     CCPR1L          equ	4030	;# 
   809   000FBF                     CCPR1H          equ	4031	;# 
   810   000FC0                     ADCON2          equ	4032	;# 
   811   000FC1                     ADCON1          equ	4033	;# 
   812   000FC2                     ADCON0          equ	4034	;# 
   813   000FC3                     ADRES           equ	4035	;# 
   814   000FC3                     ADRESL          equ	4035	;# 
   815   000FC4                     ADRESH          equ	4036	;# 
   816   000FC5                     SSP1CON2        equ	4037	;# 
   817   000FC5                     SSPCON2         equ	4037	;# 
   818   000FC6                     SSP1CON1        equ	4038	;# 
   819   000FC6                     SSPCON1         equ	4038	;# 
   820   000FC7                     SSP1STAT        equ	4039	;# 
   821   000FC7                     SSPSTAT         equ	4039	;# 
   822   000FC8                     SSP1ADD         equ	4040	;# 
   823   000FC8                     SSPADD          equ	4040	;# 
   824   000FC9                     SSP1BUF         equ	4041	;# 
   825   000FC9                     SSPBUF          equ	4041	;# 
   826   000FCA                     SSP1MSK         equ	4042	;# 
   827   000FCA                     SSPMSK          equ	4042	;# 
   828   000FCB                     SSP1CON3        equ	4043	;# 
   829   000FCB                     SSPCON3         equ	4043	;# 
   830   000FCC                     T1GCON          equ	4044	;# 
   831   000FCD                     T1CON           equ	4045	;# 
   832   000FCE                     TMR1            equ	4046	;# 
   833   000FCE                     TMR1L           equ	4046	;# 
   834   000FCF                     TMR1H           equ	4047	;# 
   835   000FD0                     RCON            equ	4048	;# 
   836   000FD1                     WDTCON          equ	4049	;# 
   837   000FD2                     OSCCON2         equ	4050	;# 
   838   000FD3                     OSCCON          equ	4051	;# 
   839   000FD5                     T0CON           equ	4053	;# 
   840   000FD6                     TMR0            equ	4054	;# 
   841   000FD6                     TMR0L           equ	4054	;# 
   842   000FD7                     TMR0H           equ	4055	;# 
   843   000FD8                     STATUS          equ	4056	;# 
   844   000FD9                     FSR2            equ	4057	;# 
   845   000FD9                     FSR2L           equ	4057	;# 
   846   000FDA                     FSR2H           equ	4058	;# 
   847   000FDB                     PLUSW2          equ	4059	;# 
   848   000FDC                     PREINC2         equ	4060	;# 
   849   000FDD                     POSTDEC2        equ	4061	;# 
   850   000FDE                     POSTINC2        equ	4062	;# 
   851   000FDF                     INDF2           equ	4063	;# 
   852   000FE0                     BSR             equ	4064	;# 
   853   000FE1                     FSR1            equ	4065	;# 
   854   000FE1                     FSR1L           equ	4065	;# 
   855   000FE2                     FSR1H           equ	4066	;# 
   856   000FE3                     PLUSW1          equ	4067	;# 
   857   000FE4                     PREINC1         equ	4068	;# 
   858   000FE5                     POSTDEC1        equ	4069	;# 
   859   000FE6                     POSTINC1        equ	4070	;# 
   860   000FE7                     INDF1           equ	4071	;# 
   861   000FE8                     WREG            equ	4072	;# 
   862   000FE9                     FSR0            equ	4073	;# 
   863   000FE9                     FSR0L           equ	4073	;# 
   864   000FEA                     FSR0H           equ	4074	;# 
   865   000FEB                     PLUSW0          equ	4075	;# 
   866   000FEC                     PREINC0         equ	4076	;# 
   867   000FED                     POSTDEC0        equ	4077	;# 
   868   000FEE                     POSTINC0        equ	4078	;# 
   869   000FEF                     INDF0           equ	4079	;# 
   870   000FF0                     INTCON3         equ	4080	;# 
   871   000FF1                     INTCON2         equ	4081	;# 
   872   000FF2                     INTCON          equ	4082	;# 
   873   000FF3                     PROD            equ	4083	;# 
   874   000FF3                     PRODL           equ	4083	;# 
   875   000FF4                     PRODH           equ	4084	;# 
   876   000FF5                     TABLAT          equ	4085	;# 
   877   000FF6                     TBLPTR          equ	4086	;# 
   878   000FF6                     TBLPTRL         equ	4086	;# 
   879   000FF7                     TBLPTRH         equ	4087	;# 
   880   000FF8                     TBLPTRU         equ	4088	;# 
   881   000FF9                     PCLAT           equ	4089	;# 
   882   000FF9                     PC              equ	4089	;# 
   883   000FF9                     PCL             equ	4089	;# 
   884   000FFA                     PCLATH          equ	4090	;# 
   885   000FFB                     PCLATU          equ	4091	;# 
   886   000FFC                     STKPTR          equ	4092	;# 
   887   000FFD                     TOS             equ	4093	;# 
   888   000FFD                     TOSL            equ	4093	;# 
   889   000FFE                     TOSH            equ	4094	;# 
   890   000FFF                     TOSU            equ	4095	;# 
   891   000F38                     ANSELA          equ	3896	;# 
   892   000F39                     ANSELB          equ	3897	;# 
   893   000F3A                     ANSELC          equ	3898	;# 
   894   000F3B                     ANSELD          equ	3899	;# 
   895   000F3C                     ANSELE          equ	3900	;# 
   896   000F3D                     PMD2            equ	3901	;# 
   897   000F3E                     PMD1            equ	3902	;# 
   898   000F3F                     PMD0            equ	3903	;# 
   899   000F40                     VREFCON2        equ	3904	;# 
   900   000F40                     DACCON1         equ	3904	;# 
   901   000F41                     VREFCON1        equ	3905	;# 
   902   000F41                     DACCON0         equ	3905	;# 
   903   000F42                     VREFCON0        equ	3906	;# 
   904   000F42                     FVRCON          equ	3906	;# 
   905   000F43                     CTMUICON        equ	3907	;# 
   906   000F43                     CTMUICONH       equ	3907	;# 
   907   000F44                     CTMUCONL        equ	3908	;# 
   908   000F44                     CTMUCON1        equ	3908	;# 
   909   000F45                     CTMUCONH        equ	3909	;# 
   910   000F45                     CTMUCON0        equ	3909	;# 
   911   000F46                     SRCON1          equ	3910	;# 
   912   000F47                     SRCON0          equ	3911	;# 
   913   000F48                     CCPTMRS1        equ	3912	;# 
   914   000F49                     CCPTMRS0        equ	3913	;# 
   915   000F4A                     T6CON           equ	3914	;# 
   916   000F4B                     PR6             equ	3915	;# 
   917   000F4C                     TMR6            equ	3916	;# 
   918   000F4D                     T5GCON          equ	3917	;# 
   919   000F4E                     T5CON           equ	3918	;# 
   920   000F4F                     TMR5            equ	3919	;# 
   921   000F4F                     TMR5L           equ	3919	;# 
   922   000F50                     TMR5H           equ	3920	;# 
   923   000F51                     T4CON           equ	3921	;# 
   924   000F52                     PR4             equ	3922	;# 
   925   000F53                     TMR4            equ	3923	;# 
   926   000F54                     CCP5CON         equ	3924	;# 
   927   000F55                     CCPR5           equ	3925	;# 
   928   000F55                     CCPR5L          equ	3925	;# 
   929   000F56                     CCPR5H          equ	3926	;# 
   930   000F57                     CCP4CON         equ	3927	;# 
   931   000F58                     CCPR4           equ	3928	;# 
   932   000F58                     CCPR4L          equ	3928	;# 
   933   000F59                     CCPR4H          equ	3929	;# 
   934   000F5A                     PSTR3CON        equ	3930	;# 
   935   000F5B                     ECCP3AS         equ	3931	;# 
   936   000F5B                     CCP3AS          equ	3931	;# 
   937   000F5C                     PWM3CON         equ	3932	;# 
   938   000F5D                     CCP3CON         equ	3933	;# 
   939   000F5E                     CCPR3           equ	3934	;# 
   940   000F5E                     CCPR3L          equ	3934	;# 
   941   000F5F                     CCPR3H          equ	3935	;# 
   942   000F60                     SLRCON          equ	3936	;# 
   943   000F61                     WPUB            equ	3937	;# 
   944   000F62                     IOCB            equ	3938	;# 
   945   000F63                     PSTR2CON        equ	3939	;# 
   946   000F64                     ECCP2AS         equ	3940	;# 
   947   000F64                     CCP2AS          equ	3940	;# 
   948   000F65                     PWM2CON         equ	3941	;# 
   949   000F66                     CCP2CON         equ	3942	;# 
   950   000F67                     CCPR2           equ	3943	;# 
   951   000F67                     CCPR2L          equ	3943	;# 
   952   000F68                     CCPR2H          equ	3944	;# 
   953   000F69                     SSP2CON3        equ	3945	;# 
   954   000F6A                     SSP2MSK         equ	3946	;# 
   955   000F6B                     SSP2CON2        equ	3947	;# 
   956   000F6C                     SSP2CON1        equ	3948	;# 
   957   000F6D                     SSP2STAT        equ	3949	;# 
   958   000F6E                     SSP2ADD         equ	3950	;# 
   959   000F6F                     SSP2BUF         equ	3951	;# 
   960   000F70                     BAUDCON2        equ	3952	;# 
   961   000F70                     BAUD2CON        equ	3952	;# 
   962   000F71                     RCSTA2          equ	3953	;# 
   963   000F71                     RC2STA          equ	3953	;# 
   964   000F72                     TXSTA2          equ	3954	;# 
   965   000F72                     TX2STA          equ	3954	;# 
   966   000F73                     TXREG2          equ	3955	;# 
   967   000F73                     TX2REG          equ	3955	;# 
   968   000F74                     RCREG2          equ	3956	;# 
   969   000F74                     RC2REG          equ	3956	;# 
   970   000F75                     SPBRG2          equ	3957	;# 
   971   000F75                     SP2BRG          equ	3957	;# 
   972   000F76                     SPBRGH2         equ	3958	;# 
   973   000F76                     SP2BRGH         equ	3958	;# 
   974   000F77                     CM2CON1         equ	3959	;# 
   975   000F77                     CM12CON         equ	3959	;# 
   976   000F78                     CM2CON0         equ	3960	;# 
   977   000F78                     CM2CON          equ	3960	;# 
   978   000F79                     CM1CON0         equ	3961	;# 
   979   000F79                     CM1CON          equ	3961	;# 
   980   000F7A                     PIE4            equ	3962	;# 
   981   000F7B                     PIR4            equ	3963	;# 
   982   000F7C                     IPR4            equ	3964	;# 
   983   000F7D                     PIE5            equ	3965	;# 
   984   000F7E                     PIR5            equ	3966	;# 
   985   000F7F                     IPR5            equ	3967	;# 
   986   000F80                     PORTA           equ	3968	;# 
   987   000F81                     PORTB           equ	3969	;# 
   988   000F82                     PORTC           equ	3970	;# 
   989   000F83                     PORTD           equ	3971	;# 
   990   000F84                     PORTE           equ	3972	;# 
   991   000F89                     LATA            equ	3977	;# 
   992   000F8A                     LATB            equ	3978	;# 
   993   000F8B                     LATC            equ	3979	;# 
   994   000F8C                     LATD            equ	3980	;# 
   995   000F8D                     LATE            equ	3981	;# 
   996   000F92                     TRISA           equ	3986	;# 
   997   000F92                     DDRA            equ	3986	;# 
   998   000F93                     TRISB           equ	3987	;# 
   999   000F93                     DDRB            equ	3987	;# 
  1000   000F94                     TRISC           equ	3988	;# 
  1001   000F94                     DDRC            equ	3988	;# 
  1002   000F95                     TRISD           equ	3989	;# 
  1003   000F95                     DDRD            equ	3989	;# 
  1004   000F96                     TRISE           equ	3990	;# 
  1005   000F96                     DDRE            equ	3990	;# 
  1006   000F9B                     OSCTUNE         equ	3995	;# 
  1007   000F9C                     HLVDCON         equ	3996	;# 
  1008   000F9C                     LVDCON          equ	3996	;# 
  1009   000F9D                     PIE1            equ	3997	;# 
  1010   000F9E                     PIR1            equ	3998	;# 
  1011   000F9F                     IPR1            equ	3999	;# 
  1012   000FA0                     PIE2            equ	4000	;# 
  1013   000FA1                     PIR2            equ	4001	;# 
  1014   000FA2                     IPR2            equ	4002	;# 
  1015   000FA3                     PIE3            equ	4003	;# 
  1016   000FA4                     PIR3            equ	4004	;# 
  1017   000FA5                     IPR3            equ	4005	;# 
  1018   000FA6                     EECON1          equ	4006	;# 
  1019   000FA7                     EECON2          equ	4007	;# 
  1020   000FA8                     EEDATA          equ	4008	;# 
  1021   000FA9                     EEADR           equ	4009	;# 
  1022   000FAA                     EEADRH          equ	4010	;# 
  1023   000FAB                     RCSTA1          equ	4011	;# 
  1024   000FAB                     RCSTA           equ	4011	;# 
  1025   000FAB                     RC1STA          equ	4011	;# 
  1026   000FAC                     TXSTA1          equ	4012	;# 
  1027   000FAC                     TXSTA           equ	4012	;# 
  1028   000FAC                     TX1STA          equ	4012	;# 
  1029   000FAD                     TXREG1          equ	4013	;# 
  1030   000FAD                     TXREG           equ	4013	;# 
  1031   000FAD                     TX1REG          equ	4013	;# 
  1032   000FAE                     RCREG1          equ	4014	;# 
  1033   000FAE                     RCREG           equ	4014	;# 
  1034   000FAE                     RC1REG          equ	4014	;# 
  1035   000FAF                     SPBRG1          equ	4015	;# 
  1036   000FAF                     SPBRG           equ	4015	;# 
  1037   000FAF                     SP1BRG          equ	4015	;# 
  1038   000FB0                     SPBRGH1         equ	4016	;# 
  1039   000FB0                     SPBRGH          equ	4016	;# 
  1040   000FB0                     SP1BRGH         equ	4016	;# 
  1041   000FB1                     T3CON           equ	4017	;# 
  1042   000FB2                     TMR3            equ	4018	;# 
  1043   000FB2                     TMR3L           equ	4018	;# 
  1044   000FB3                     TMR3H           equ	4019	;# 
  1045   000FB4                     T3GCON          equ	4020	;# 
  1046   000FB6                     ECCP1AS         equ	4022	;# 
  1047   000FB6                     ECCPAS          equ	4022	;# 
  1048   000FB7                     PWM1CON         equ	4023	;# 
  1049   000FB7                     PWMCON          equ	4023	;# 
  1050   000FB8                     BAUDCON1        equ	4024	;# 
  1051   000FB8                     BAUDCON         equ	4024	;# 
  1052   000FB8                     BAUDCTL         equ	4024	;# 
  1053   000FB8                     BAUD1CON        equ	4024	;# 
  1054   000FB9                     PSTR1CON        equ	4025	;# 
  1055   000FB9                     PSTRCON         equ	4025	;# 
  1056   000FBA                     T2CON           equ	4026	;# 
  1057   000FBB                     PR2             equ	4027	;# 
  1058   000FBC                     TMR2            equ	4028	;# 
  1059   000FBD                     CCP1CON         equ	4029	;# 
  1060   000FBE                     CCPR1           equ	4030	;# 
  1061   000FBE                     CCPR1L          equ	4030	;# 
  1062   000FBF                     CCPR1H          equ	4031	;# 
  1063   000FC0                     ADCON2          equ	4032	;# 
  1064   000FC1                     ADCON1          equ	4033	;# 
  1065   000FC2                     ADCON0          equ	4034	;# 
  1066   000FC3                     ADRES           equ	4035	;# 
  1067   000FC3                     ADRESL          equ	4035	;# 
  1068   000FC4                     ADRESH          equ	4036	;# 
  1069   000FC5                     SSP1CON2        equ	4037	;# 
  1070   000FC5                     SSPCON2         equ	4037	;# 
  1071   000FC6                     SSP1CON1        equ	4038	;# 
  1072   000FC6                     SSPCON1         equ	4038	;# 
  1073   000FC7                     SSP1STAT        equ	4039	;# 
  1074   000FC7                     SSPSTAT         equ	4039	;# 
  1075   000FC8                     SSP1ADD         equ	4040	;# 
  1076   000FC8                     SSPADD          equ	4040	;# 
  1077   000FC9                     SSP1BUF         equ	4041	;# 
  1078   000FC9                     SSPBUF          equ	4041	;# 
  1079   000FCA                     SSP1MSK         equ	4042	;# 
  1080   000FCA                     SSPMSK          equ	4042	;# 
  1081   000FCB                     SSP1CON3        equ	4043	;# 
  1082   000FCB                     SSPCON3         equ	4043	;# 
  1083   000FCC                     T1GCON          equ	4044	;# 
  1084   000FCD                     T1CON           equ	4045	;# 
  1085   000FCE                     TMR1            equ	4046	;# 
  1086   000FCE                     TMR1L           equ	4046	;# 
  1087   000FCF                     TMR1H           equ	4047	;# 
  1088   000FD0                     RCON            equ	4048	;# 
  1089   000FD1                     WDTCON          equ	4049	;# 
  1090   000FD2                     OSCCON2         equ	4050	;# 
  1091   000FD3                     OSCCON          equ	4051	;# 
  1092   000FD5                     T0CON           equ	4053	;# 
  1093   000FD6                     TMR0            equ	4054	;# 
  1094   000FD6                     TMR0L           equ	4054	;# 
  1095   000FD7                     TMR0H           equ	4055	;# 
  1096   000FD8                     STATUS          equ	4056	;# 
  1097   000FD9                     FSR2            equ	4057	;# 
  1098   000FD9                     FSR2L           equ	4057	;# 
  1099   000FDA                     FSR2H           equ	4058	;# 
  1100   000FDB                     PLUSW2          equ	4059	;# 
  1101   000FDC                     PREINC2         equ	4060	;# 
  1102   000FDD                     POSTDEC2        equ	4061	;# 
  1103   000FDE                     POSTINC2        equ	4062	;# 
  1104   000FDF                     INDF2           equ	4063	;# 
  1105   000FE0                     BSR             equ	4064	;# 
  1106   000FE1                     FSR1            equ	4065	;# 
  1107   000FE1                     FSR1L           equ	4065	;# 
  1108   000FE2                     FSR1H           equ	4066	;# 
  1109   000FE3                     PLUSW1          equ	4067	;# 
  1110   000FE4                     PREINC1         equ	4068	;# 
  1111   000FE5                     POSTDEC1        equ	4069	;# 
  1112   000FE6                     POSTINC1        equ	4070	;# 
  1113   000FE7                     INDF1           equ	4071	;# 
  1114   000FE8                     WREG            equ	4072	;# 
  1115   000FE9                     FSR0            equ	4073	;# 
  1116   000FE9                     FSR0L           equ	4073	;# 
  1117   000FEA                     FSR0H           equ	4074	;# 
  1118   000FEB                     PLUSW0          equ	4075	;# 
  1119   000FEC                     PREINC0         equ	4076	;# 
  1120   000FED                     POSTDEC0        equ	4077	;# 
  1121   000FEE                     POSTINC0        equ	4078	;# 
  1122   000FEF                     INDF0           equ	4079	;# 
  1123   000FF0                     INTCON3         equ	4080	;# 
  1124   000FF1                     INTCON2         equ	4081	;# 
  1125   000FF2                     INTCON          equ	4082	;# 
  1126   000FF3                     PROD            equ	4083	;# 
  1127   000FF3                     PRODL           equ	4083	;# 
  1128   000FF4                     PRODH           equ	4084	;# 
  1129   000FF5                     TABLAT          equ	4085	;# 
  1130   000FF6                     TBLPTR          equ	4086	;# 
  1131   000FF6                     TBLPTRL         equ	4086	;# 
  1132   000FF7                     TBLPTRH         equ	4087	;# 
  1133   000FF8                     TBLPTRU         equ	4088	;# 
  1134   000FF9                     PCLAT           equ	4089	;# 
  1135   000FF9                     PC              equ	4089	;# 
  1136   000FF9                     PCL             equ	4089	;# 
  1137   000FFA                     PCLATH          equ	4090	;# 
  1138   000FFB                     PCLATU          equ	4091	;# 
  1139   000FFC                     STKPTR          equ	4092	;# 
  1140   000FFD                     TOS             equ	4093	;# 
  1141   000FFD                     TOSL            equ	4093	;# 
  1142   000FFE                     TOSH            equ	4094	;# 
  1143   000FFF                     TOSU            equ	4095	;# 
  1144   000F38                     ANSELA          equ	3896	;# 
  1145   000F39                     ANSELB          equ	3897	;# 
  1146   000F3A                     ANSELC          equ	3898	;# 
  1147   000F3B                     ANSELD          equ	3899	;# 
  1148   000F3C                     ANSELE          equ	3900	;# 
  1149   000F3D                     PMD2            equ	3901	;# 
  1150   000F3E                     PMD1            equ	3902	;# 
  1151   000F3F                     PMD0            equ	3903	;# 
  1152   000F40                     VREFCON2        equ	3904	;# 
  1153   000F40                     DACCON1         equ	3904	;# 
  1154   000F41                     VREFCON1        equ	3905	;# 
  1155   000F41                     DACCON0         equ	3905	;# 
  1156   000F42                     VREFCON0        equ	3906	;# 
  1157   000F42                     FVRCON          equ	3906	;# 
  1158   000F43                     CTMUICON        equ	3907	;# 
  1159   000F43                     CTMUICONH       equ	3907	;# 
  1160   000F44                     CTMUCONL        equ	3908	;# 
  1161   000F44                     CTMUCON1        equ	3908	;# 
  1162   000F45                     CTMUCONH        equ	3909	;# 
  1163   000F45                     CTMUCON0        equ	3909	;# 
  1164   000F46                     SRCON1          equ	3910	;# 
  1165   000F47                     SRCON0          equ	3911	;# 
  1166   000F48                     CCPTMRS1        equ	3912	;# 
  1167   000F49                     CCPTMRS0        equ	3913	;# 
  1168   000F4A                     T6CON           equ	3914	;# 
  1169   000F4B                     PR6             equ	3915	;# 
  1170   000F4C                     TMR6            equ	3916	;# 
  1171   000F4D                     T5GCON          equ	3917	;# 
  1172   000F4E                     T5CON           equ	3918	;# 
  1173   000F4F                     TMR5            equ	3919	;# 
  1174   000F4F                     TMR5L           equ	3919	;# 
  1175   000F50                     TMR5H           equ	3920	;# 
  1176   000F51                     T4CON           equ	3921	;# 
  1177   000F52                     PR4             equ	3922	;# 
  1178   000F53                     TMR4            equ	3923	;# 
  1179   000F54                     CCP5CON         equ	3924	;# 
  1180   000F55                     CCPR5           equ	3925	;# 
  1181   000F55                     CCPR5L          equ	3925	;# 
  1182   000F56                     CCPR5H          equ	3926	;# 
  1183   000F57                     CCP4CON         equ	3927	;# 
  1184   000F58                     CCPR4           equ	3928	;# 
  1185   000F58                     CCPR4L          equ	3928	;# 
  1186   000F59                     CCPR4H          equ	3929	;# 
  1187   000F5A                     PSTR3CON        equ	3930	;# 
  1188   000F5B                     ECCP3AS         equ	3931	;# 
  1189   000F5B                     CCP3AS          equ	3931	;# 
  1190   000F5C                     PWM3CON         equ	3932	;# 
  1191   000F5D                     CCP3CON         equ	3933	;# 
  1192   000F5E                     CCPR3           equ	3934	;# 
  1193   000F5E                     CCPR3L          equ	3934	;# 
  1194   000F5F                     CCPR3H          equ	3935	;# 
  1195   000F60                     SLRCON          equ	3936	;# 
  1196   000F61                     WPUB            equ	3937	;# 
  1197   000F62                     IOCB            equ	3938	;# 
  1198   000F63                     PSTR2CON        equ	3939	;# 
  1199   000F64                     ECCP2AS         equ	3940	;# 
  1200   000F64                     CCP2AS          equ	3940	;# 
  1201   000F65                     PWM2CON         equ	3941	;# 
  1202   000F66                     CCP2CON         equ	3942	;# 
  1203   000F67                     CCPR2           equ	3943	;# 
  1204   000F67                     CCPR2L          equ	3943	;# 
  1205   000F68                     CCPR2H          equ	3944	;# 
  1206   000F69                     SSP2CON3        equ	3945	;# 
  1207   000F6A                     SSP2MSK         equ	3946	;# 
  1208   000F6B                     SSP2CON2        equ	3947	;# 
  1209   000F6C                     SSP2CON1        equ	3948	;# 
  1210   000F6D                     SSP2STAT        equ	3949	;# 
  1211   000F6E                     SSP2ADD         equ	3950	;# 
  1212   000F6F                     SSP2BUF         equ	3951	;# 
  1213   000F70                     BAUDCON2        equ	3952	;# 
  1214   000F70                     BAUD2CON        equ	3952	;# 
  1215   000F71                     RCSTA2          equ	3953	;# 
  1216   000F71                     RC2STA          equ	3953	;# 
  1217   000F72                     TXSTA2          equ	3954	;# 
  1218   000F72                     TX2STA          equ	3954	;# 
  1219   000F73                     TXREG2          equ	3955	;# 
  1220   000F73                     TX2REG          equ	3955	;# 
  1221   000F74                     RCREG2          equ	3956	;# 
  1222   000F74                     RC2REG          equ	3956	;# 
  1223   000F75                     SPBRG2          equ	3957	;# 
  1224   000F75                     SP2BRG          equ	3957	;# 
  1225   000F76                     SPBRGH2         equ	3958	;# 
  1226   000F76                     SP2BRGH         equ	3958	;# 
  1227   000F77                     CM2CON1         equ	3959	;# 
  1228   000F77                     CM12CON         equ	3959	;# 
  1229   000F78                     CM2CON0         equ	3960	;# 
  1230   000F78                     CM2CON          equ	3960	;# 
  1231   000F79                     CM1CON0         equ	3961	;# 
  1232   000F79                     CM1CON          equ	3961	;# 
  1233   000F7A                     PIE4            equ	3962	;# 
  1234   000F7B                     PIR4            equ	3963	;# 
  1235   000F7C                     IPR4            equ	3964	;# 
  1236   000F7D                     PIE5            equ	3965	;# 
  1237   000F7E                     PIR5            equ	3966	;# 
  1238   000F7F                     IPR5            equ	3967	;# 
  1239   000F80                     PORTA           equ	3968	;# 
  1240   000F81                     PORTB           equ	3969	;# 
  1241   000F82                     PORTC           equ	3970	;# 
  1242   000F83                     PORTD           equ	3971	;# 
  1243   000F84                     PORTE           equ	3972	;# 
  1244   000F89                     LATA            equ	3977	;# 
  1245   000F8A                     LATB            equ	3978	;# 
  1246   000F8B                     LATC            equ	3979	;# 
  1247   000F8C                     LATD            equ	3980	;# 
  1248   000F8D                     LATE            equ	3981	;# 
  1249   000F92                     TRISA           equ	3986	;# 
  1250   000F92                     DDRA            equ	3986	;# 
  1251   000F93                     TRISB           equ	3987	;# 
  1252   000F93                     DDRB            equ	3987	;# 
  1253   000F94                     TRISC           equ	3988	;# 
  1254   000F94                     DDRC            equ	3988	;# 
  1255   000F95                     TRISD           equ	3989	;# 
  1256   000F95                     DDRD            equ	3989	;# 
  1257   000F96                     TRISE           equ	3990	;# 
  1258   000F96                     DDRE            equ	3990	;# 
  1259   000F9B                     OSCTUNE         equ	3995	;# 
  1260   000F9C                     HLVDCON         equ	3996	;# 
  1261   000F9C                     LVDCON          equ	3996	;# 
  1262   000F9D                     PIE1            equ	3997	;# 
  1263   000F9E                     PIR1            equ	3998	;# 
  1264   000F9F                     IPR1            equ	3999	;# 
  1265   000FA0                     PIE2            equ	4000	;# 
  1266   000FA1                     PIR2            equ	4001	;# 
  1267   000FA2                     IPR2            equ	4002	;# 
  1268   000FA3                     PIE3            equ	4003	;# 
  1269   000FA4                     PIR3            equ	4004	;# 
  1270   000FA5                     IPR3            equ	4005	;# 
  1271   000FA6                     EECON1          equ	4006	;# 
  1272   000FA7                     EECON2          equ	4007	;# 
  1273   000FA8                     EEDATA          equ	4008	;# 
  1274   000FA9                     EEADR           equ	4009	;# 
  1275   000FAA                     EEADRH          equ	4010	;# 
  1276   000FAB                     RCSTA1          equ	4011	;# 
  1277   000FAB                     RCSTA           equ	4011	;# 
  1278   000FAB                     RC1STA          equ	4011	;# 
  1279   000FAC                     TXSTA1          equ	4012	;# 
  1280   000FAC                     TXSTA           equ	4012	;# 
  1281   000FAC                     TX1STA          equ	4012	;# 
  1282   000FAD                     TXREG1          equ	4013	;# 
  1283   000FAD                     TXREG           equ	4013	;# 
  1284   000FAD                     TX1REG          equ	4013	;# 
  1285   000FAE                     RCREG1          equ	4014	;# 
  1286   000FAE                     RCREG           equ	4014	;# 
  1287   000FAE                     RC1REG          equ	4014	;# 
  1288   000FAF                     SPBRG1          equ	4015	;# 
  1289   000FAF                     SPBRG           equ	4015	;# 
  1290   000FAF                     SP1BRG          equ	4015	;# 
  1291   000FB0                     SPBRGH1         equ	4016	;# 
  1292   000FB0                     SPBRGH          equ	4016	;# 
  1293   000FB0                     SP1BRGH         equ	4016	;# 
  1294   000FB1                     T3CON           equ	4017	;# 
  1295   000FB2                     TMR3            equ	4018	;# 
  1296   000FB2                     TMR3L           equ	4018	;# 
  1297   000FB3                     TMR3H           equ	4019	;# 
  1298   000FB4                     T3GCON          equ	4020	;# 
  1299   000FB6                     ECCP1AS         equ	4022	;# 
  1300   000FB6                     ECCPAS          equ	4022	;# 
  1301   000FB7                     PWM1CON         equ	4023	;# 
  1302   000FB7                     PWMCON          equ	4023	;# 
  1303   000FB8                     BAUDCON1        equ	4024	;# 
  1304   000FB8                     BAUDCON         equ	4024	;# 
  1305   000FB8                     BAUDCTL         equ	4024	;# 
  1306   000FB8                     BAUD1CON        equ	4024	;# 
  1307   000FB9                     PSTR1CON        equ	4025	;# 
  1308   000FB9                     PSTRCON         equ	4025	;# 
  1309   000FBA                     T2CON           equ	4026	;# 
  1310   000FBB                     PR2             equ	4027	;# 
  1311   000FBC                     TMR2            equ	4028	;# 
  1312   000FBD                     CCP1CON         equ	4029	;# 
  1313   000FBE                     CCPR1           equ	4030	;# 
  1314   000FBE                     CCPR1L          equ	4030	;# 
  1315   000FBF                     CCPR1H          equ	4031	;# 
  1316   000FC0                     ADCON2          equ	4032	;# 
  1317   000FC1                     ADCON1          equ	4033	;# 
  1318   000FC2                     ADCON0          equ	4034	;# 
  1319   000FC3                     ADRES           equ	4035	;# 
  1320   000FC3                     ADRESL          equ	4035	;# 
  1321   000FC4                     ADRESH          equ	4036	;# 
  1322   000FC5                     SSP1CON2        equ	4037	;# 
  1323   000FC5                     SSPCON2         equ	4037	;# 
  1324   000FC6                     SSP1CON1        equ	4038	;# 
  1325   000FC6                     SSPCON1         equ	4038	;# 
  1326   000FC7                     SSP1STAT        equ	4039	;# 
  1327   000FC7                     SSPSTAT         equ	4039	;# 
  1328   000FC8                     SSP1ADD         equ	4040	;# 
  1329   000FC8                     SSPADD          equ	4040	;# 
  1330   000FC9                     SSP1BUF         equ	4041	;# 
  1331   000FC9                     SSPBUF          equ	4041	;# 
  1332   000FCA                     SSP1MSK         equ	4042	;# 
  1333   000FCA                     SSPMSK          equ	4042	;# 
  1334   000FCB                     SSP1CON3        equ	4043	;# 
  1335   000FCB                     SSPCON3         equ	4043	;# 
  1336   000FCC                     T1GCON          equ	4044	;# 
  1337   000FCD                     T1CON           equ	4045	;# 
  1338   000FCE                     TMR1            equ	4046	;# 
  1339   000FCE                     TMR1L           equ	4046	;# 
  1340   000FCF                     TMR1H           equ	4047	;# 
  1341   000FD0                     RCON            equ	4048	;# 
  1342   000FD1                     WDTCON          equ	4049	;# 
  1343   000FD2                     OSCCON2         equ	4050	;# 
  1344   000FD3                     OSCCON          equ	4051	;# 
  1345   000FD5                     T0CON           equ	4053	;# 
  1346   000FD6                     TMR0            equ	4054	;# 
  1347   000FD6                     TMR0L           equ	4054	;# 
  1348   000FD7                     TMR0H           equ	4055	;# 
  1349   000FD8                     STATUS          equ	4056	;# 
  1350   000FD9                     FSR2            equ	4057	;# 
  1351   000FD9                     FSR2L           equ	4057	;# 
  1352   000FDA                     FSR2H           equ	4058	;# 
  1353   000FDB                     PLUSW2          equ	4059	;# 
  1354   000FDC                     PREINC2         equ	4060	;# 
  1355   000FDD                     POSTDEC2        equ	4061	;# 
  1356   000FDE                     POSTINC2        equ	4062	;# 
  1357   000FDF                     INDF2           equ	4063	;# 
  1358   000FE0                     BSR             equ	4064	;# 
  1359   000FE1                     FSR1            equ	4065	;# 
  1360   000FE1                     FSR1L           equ	4065	;# 
  1361   000FE2                     FSR1H           equ	4066	;# 
  1362   000FE3                     PLUSW1          equ	4067	;# 
  1363   000FE4                     PREINC1         equ	4068	;# 
  1364   000FE5                     POSTDEC1        equ	4069	;# 
  1365   000FE6                     POSTINC1        equ	4070	;# 
  1366   000FE7                     INDF1           equ	4071	;# 
  1367   000FE8                     WREG            equ	4072	;# 
  1368   000FE9                     FSR0            equ	4073	;# 
  1369   000FE9                     FSR0L           equ	4073	;# 
  1370   000FEA                     FSR0H           equ	4074	;# 
  1371   000FEB                     PLUSW0          equ	4075	;# 
  1372   000FEC                     PREINC0         equ	4076	;# 
  1373   000FED                     POSTDEC0        equ	4077	;# 
  1374   000FEE                     POSTINC0        equ	4078	;# 
  1375   000FEF                     INDF0           equ	4079	;# 
  1376   000FF0                     INTCON3         equ	4080	;# 
  1377   000FF1                     INTCON2         equ	4081	;# 
  1378   000FF2                     INTCON          equ	4082	;# 
  1379   000FF3                     PROD            equ	4083	;# 
  1380   000FF3                     PRODL           equ	4083	;# 
  1381   000FF4                     PRODH           equ	4084	;# 
  1382   000FF5                     TABLAT          equ	4085	;# 
  1383   000FF6                     TBLPTR          equ	4086	;# 
  1384   000FF6                     TBLPTRL         equ	4086	;# 
  1385   000FF7                     TBLPTRH         equ	4087	;# 
  1386   000FF8                     TBLPTRU         equ	4088	;# 
  1387   000FF9                     PCLAT           equ	4089	;# 
  1388   000FF9                     PC              equ	4089	;# 
  1389   000FF9                     PCL             equ	4089	;# 
  1390   000FFA                     PCLATH          equ	4090	;# 
  1391   000FFB                     PCLATU          equ	4091	;# 
  1392   000FFC                     STKPTR          equ	4092	;# 
  1393   000FFD                     TOS             equ	4093	;# 
  1394   000FFD                     TOSL            equ	4093	;# 
  1395   000FFE                     TOSH            equ	4094	;# 
  1396   000FFF                     TOSU            equ	4095	;# 
  1397   000F38                     ANSELA          equ	3896	;# 
  1398   000F39                     ANSELB          equ	3897	;# 
  1399   000F3A                     ANSELC          equ	3898	;# 
  1400   000F3B                     ANSELD          equ	3899	;# 
  1401   000F3C                     ANSELE          equ	3900	;# 
  1402   000F3D                     PMD2            equ	3901	;# 
  1403   000F3E                     PMD1            equ	3902	;# 
  1404   000F3F                     PMD0            equ	3903	;# 
  1405   000F40                     VREFCON2        equ	3904	;# 
  1406   000F40                     DACCON1         equ	3904	;# 
  1407   000F41                     VREFCON1        equ	3905	;# 
  1408   000F41                     DACCON0         equ	3905	;# 
  1409   000F42                     VREFCON0        equ	3906	;# 
  1410   000F42                     FVRCON          equ	3906	;# 
  1411   000F43                     CTMUICON        equ	3907	;# 
  1412   000F43                     CTMUICONH       equ	3907	;# 
  1413   000F44                     CTMUCONL        equ	3908	;# 
  1414   000F44                     CTMUCON1        equ	3908	;# 
  1415   000F45                     CTMUCONH        equ	3909	;# 
  1416   000F45                     CTMUCON0        equ	3909	;# 
  1417   000F46                     SRCON1          equ	3910	;# 
  1418   000F47                     SRCON0          equ	3911	;# 
  1419   000F48                     CCPTMRS1        equ	3912	;# 
  1420   000F49                     CCPTMRS0        equ	3913	;# 
  1421   000F4A                     T6CON           equ	3914	;# 
  1422   000F4B                     PR6             equ	3915	;# 
  1423   000F4C                     TMR6            equ	3916	;# 
  1424   000F4D                     T5GCON          equ	3917	;# 
  1425   000F4E                     T5CON           equ	3918	;# 
  1426   000F4F                     TMR5            equ	3919	;# 
  1427   000F4F                     TMR5L           equ	3919	;# 
  1428   000F50                     TMR5H           equ	3920	;# 
  1429   000F51                     T4CON           equ	3921	;# 
  1430   000F52                     PR4             equ	3922	;# 
  1431   000F53                     TMR4            equ	3923	;# 
  1432   000F54                     CCP5CON         equ	3924	;# 
  1433   000F55                     CCPR5           equ	3925	;# 
  1434   000F55                     CCPR5L          equ	3925	;# 
  1435   000F56                     CCPR5H          equ	3926	;# 
  1436   000F57                     CCP4CON         equ	3927	;# 
  1437   000F58                     CCPR4           equ	3928	;# 
  1438   000F58                     CCPR4L          equ	3928	;# 
  1439   000F59                     CCPR4H          equ	3929	;# 
  1440   000F5A                     PSTR3CON        equ	3930	;# 
  1441   000F5B                     ECCP3AS         equ	3931	;# 
  1442   000F5B                     CCP3AS          equ	3931	;# 
  1443   000F5C                     PWM3CON         equ	3932	;# 
  1444   000F5D                     CCP3CON         equ	3933	;# 
  1445   000F5E                     CCPR3           equ	3934	;# 
  1446   000F5E                     CCPR3L          equ	3934	;# 
  1447   000F5F                     CCPR3H          equ	3935	;# 
  1448   000F60                     SLRCON          equ	3936	;# 
  1449   000F61                     WPUB            equ	3937	;# 
  1450   000F62                     IOCB            equ	3938	;# 
  1451   000F63                     PSTR2CON        equ	3939	;# 
  1452   000F64                     ECCP2AS         equ	3940	;# 
  1453   000F64                     CCP2AS          equ	3940	;# 
  1454   000F65                     PWM2CON         equ	3941	;# 
  1455   000F66                     CCP2CON         equ	3942	;# 
  1456   000F67                     CCPR2           equ	3943	;# 
  1457   000F67                     CCPR2L          equ	3943	;# 
  1458   000F68                     CCPR2H          equ	3944	;# 
  1459   000F69                     SSP2CON3        equ	3945	;# 
  1460   000F6A                     SSP2MSK         equ	3946	;# 
  1461   000F6B                     SSP2CON2        equ	3947	;# 
  1462   000F6C                     SSP2CON1        equ	3948	;# 
  1463   000F6D                     SSP2STAT        equ	3949	;# 
  1464   000F6E                     SSP2ADD         equ	3950	;# 
  1465   000F6F                     SSP2BUF         equ	3951	;# 
  1466   000F70                     BAUDCON2        equ	3952	;# 
  1467   000F70                     BAUD2CON        equ	3952	;# 
  1468   000F71                     RCSTA2          equ	3953	;# 
  1469   000F71                     RC2STA          equ	3953	;# 
  1470   000F72                     TXSTA2          equ	3954	;# 
  1471   000F72                     TX2STA          equ	3954	;# 
  1472   000F73                     TXREG2          equ	3955	;# 
  1473   000F73                     TX2REG          equ	3955	;# 
  1474   000F74                     RCREG2          equ	3956	;# 
  1475   000F74                     RC2REG          equ	3956	;# 
  1476   000F75                     SPBRG2          equ	3957	;# 
  1477   000F75                     SP2BRG          equ	3957	;# 
  1478   000F76                     SPBRGH2         equ	3958	;# 
  1479   000F76                     SP2BRGH         equ	3958	;# 
  1480   000F77                     CM2CON1         equ	3959	;# 
  1481   000F77                     CM12CON         equ	3959	;# 
  1482   000F78                     CM2CON0         equ	3960	;# 
  1483   000F78                     CM2CON          equ	3960	;# 
  1484   000F79                     CM1CON0         equ	3961	;# 
  1485   000F79                     CM1CON          equ	3961	;# 
  1486   000F7A                     PIE4            equ	3962	;# 
  1487   000F7B                     PIR4            equ	3963	;# 
  1488   000F7C                     IPR4            equ	3964	;# 
  1489   000F7D                     PIE5            equ	3965	;# 
  1490   000F7E                     PIR5            equ	3966	;# 
  1491   000F7F                     IPR5            equ	3967	;# 
  1492   000F80                     PORTA           equ	3968	;# 
  1493   000F81                     PORTB           equ	3969	;# 
  1494   000F82                     PORTC           equ	3970	;# 
  1495   000F83                     PORTD           equ	3971	;# 
  1496   000F84                     PORTE           equ	3972	;# 
  1497   000F89                     LATA            equ	3977	;# 
  1498   000F8A                     LATB            equ	3978	;# 
  1499   000F8B                     LATC            equ	3979	;# 
  1500   000F8C                     LATD            equ	3980	;# 
  1501   000F8D                     LATE            equ	3981	;# 
  1502   000F92                     TRISA           equ	3986	;# 
  1503   000F92                     DDRA            equ	3986	;# 
  1504   000F93                     TRISB           equ	3987	;# 
  1505   000F93                     DDRB            equ	3987	;# 
  1506   000F94                     TRISC           equ	3988	;# 
  1507   000F94                     DDRC            equ	3988	;# 
  1508   000F95                     TRISD           equ	3989	;# 
  1509   000F95                     DDRD            equ	3989	;# 
  1510   000F96                     TRISE           equ	3990	;# 
  1511   000F96                     DDRE            equ	3990	;# 
  1512   000F9B                     OSCTUNE         equ	3995	;# 
  1513   000F9C                     HLVDCON         equ	3996	;# 
  1514   000F9C                     LVDCON          equ	3996	;# 
  1515   000F9D                     PIE1            equ	3997	;# 
  1516   000F9E                     PIR1            equ	3998	;# 
  1517   000F9F                     IPR1            equ	3999	;# 
  1518   000FA0                     PIE2            equ	4000	;# 
  1519   000FA1                     PIR2            equ	4001	;# 
  1520   000FA2                     IPR2            equ	4002	;# 
  1521   000FA3                     PIE3            equ	4003	;# 
  1522   000FA4                     PIR3            equ	4004	;# 
  1523   000FA5                     IPR3            equ	4005	;# 
  1524   000FA6                     EECON1          equ	4006	;# 
  1525   000FA7                     EECON2          equ	4007	;# 
  1526   000FA8                     EEDATA          equ	4008	;# 
  1527   000FA9                     EEADR           equ	4009	;# 
  1528   000FAA                     EEADRH          equ	4010	;# 
  1529   000FAB                     RCSTA1          equ	4011	;# 
  1530   000FAB                     RCSTA           equ	4011	;# 
  1531   000FAB                     RC1STA          equ	4011	;# 
  1532   000FAC                     TXSTA1          equ	4012	;# 
  1533   000FAC                     TXSTA           equ	4012	;# 
  1534   000FAC                     TX1STA          equ	4012	;# 
  1535   000FAD                     TXREG1          equ	4013	;# 
  1536   000FAD                     TXREG           equ	4013	;# 
  1537   000FAD                     TX1REG          equ	4013	;# 
  1538   000FAE                     RCREG1          equ	4014	;# 
  1539   000FAE                     RCREG           equ	4014	;# 
  1540   000FAE                     RC1REG          equ	4014	;# 
  1541   000FAF                     SPBRG1          equ	4015	;# 
  1542   000FAF                     SPBRG           equ	4015	;# 
  1543   000FAF                     SP1BRG          equ	4015	;# 
  1544   000FB0                     SPBRGH1         equ	4016	;# 
  1545   000FB0                     SPBRGH          equ	4016	;# 
  1546   000FB0                     SP1BRGH         equ	4016	;# 
  1547   000FB1                     T3CON           equ	4017	;# 
  1548   000FB2                     TMR3            equ	4018	;# 
  1549   000FB2                     TMR3L           equ	4018	;# 
  1550   000FB3                     TMR3H           equ	4019	;# 
  1551   000FB4                     T3GCON          equ	4020	;# 
  1552   000FB6                     ECCP1AS         equ	4022	;# 
  1553   000FB6                     ECCPAS          equ	4022	;# 
  1554   000FB7                     PWM1CON         equ	4023	;# 
  1555   000FB7                     PWMCON          equ	4023	;# 
  1556   000FB8                     BAUDCON1        equ	4024	;# 
  1557   000FB8                     BAUDCON         equ	4024	;# 
  1558   000FB8                     BAUDCTL         equ	4024	;# 
  1559   000FB8                     BAUD1CON        equ	4024	;# 
  1560   000FB9                     PSTR1CON        equ	4025	;# 
  1561   000FB9                     PSTRCON         equ	4025	;# 
  1562   000FBA                     T2CON           equ	4026	;# 
  1563   000FBB                     PR2             equ	4027	;# 
  1564   000FBC                     TMR2            equ	4028	;# 
  1565   000FBD                     CCP1CON         equ	4029	;# 
  1566   000FBE                     CCPR1           equ	4030	;# 
  1567   000FBE                     CCPR1L          equ	4030	;# 
  1568   000FBF                     CCPR1H          equ	4031	;# 
  1569   000FC0                     ADCON2          equ	4032	;# 
  1570   000FC1                     ADCON1          equ	4033	;# 
  1571   000FC2                     ADCON0          equ	4034	;# 
  1572   000FC3                     ADRES           equ	4035	;# 
  1573   000FC3                     ADRESL          equ	4035	;# 
  1574   000FC4                     ADRESH          equ	4036	;# 
  1575   000FC5                     SSP1CON2        equ	4037	;# 
  1576   000FC5                     SSPCON2         equ	4037	;# 
  1577   000FC6                     SSP1CON1        equ	4038	;# 
  1578   000FC6                     SSPCON1         equ	4038	;# 
  1579   000FC7                     SSP1STAT        equ	4039	;# 
  1580   000FC7                     SSPSTAT         equ	4039	;# 
  1581   000FC8                     SSP1ADD         equ	4040	;# 
  1582   000FC8                     SSPADD          equ	4040	;# 
  1583   000FC9                     SSP1BUF         equ	4041	;# 
  1584   000FC9                     SSPBUF          equ	4041	;# 
  1585   000FCA                     SSP1MSK         equ	4042	;# 
  1586   000FCA                     SSPMSK          equ	4042	;# 
  1587   000FCB                     SSP1CON3        equ	4043	;# 
  1588   000FCB                     SSPCON3         equ	4043	;# 
  1589   000FCC                     T1GCON          equ	4044	;# 
  1590   000FCD                     T1CON           equ	4045	;# 
  1591   000FCE                     TMR1            equ	4046	;# 
  1592   000FCE                     TMR1L           equ	4046	;# 
  1593   000FCF                     TMR1H           equ	4047	;# 
  1594   000FD0                     RCON            equ	4048	;# 
  1595   000FD1                     WDTCON          equ	4049	;# 
  1596   000FD2                     OSCCON2         equ	4050	;# 
  1597   000FD3                     OSCCON          equ	4051	;# 
  1598   000FD5                     T0CON           equ	4053	;# 
  1599   000FD6                     TMR0            equ	4054	;# 
  1600   000FD6                     TMR0L           equ	4054	;# 
  1601   000FD7                     TMR0H           equ	4055	;# 
  1602   000FD8                     STATUS          equ	4056	;# 
  1603   000FD9                     FSR2            equ	4057	;# 
  1604   000FD9                     FSR2L           equ	4057	;# 
  1605   000FDA                     FSR2H           equ	4058	;# 
  1606   000FDB                     PLUSW2          equ	4059	;# 
  1607   000FDC                     PREINC2         equ	4060	;# 
  1608   000FDD                     POSTDEC2        equ	4061	;# 
  1609   000FDE                     POSTINC2        equ	4062	;# 
  1610   000FDF                     INDF2           equ	4063	;# 
  1611   000FE0                     BSR             equ	4064	;# 
  1612   000FE1                     FSR1            equ	4065	;# 
  1613   000FE1                     FSR1L           equ	4065	;# 
  1614   000FE2                     FSR1H           equ	4066	;# 
  1615   000FE3                     PLUSW1          equ	4067	;# 
  1616   000FE4                     PREINC1         equ	4068	;# 
  1617   000FE5                     POSTDEC1        equ	4069	;# 
  1618   000FE6                     POSTINC1        equ	4070	;# 
  1619   000FE7                     INDF1           equ	4071	;# 
  1620   000FE8                     WREG            equ	4072	;# 
  1621   000FE9                     FSR0            equ	4073	;# 
  1622   000FE9                     FSR0L           equ	4073	;# 
  1623   000FEA                     FSR0H           equ	4074	;# 
  1624   000FEB                     PLUSW0          equ	4075	;# 
  1625   000FEC                     PREINC0         equ	4076	;# 
  1626   000FED                     POSTDEC0        equ	4077	;# 
  1627   000FEE                     POSTINC0        equ	4078	;# 
  1628   000FEF                     INDF0           equ	4079	;# 
  1629   000FF0                     INTCON3         equ	4080	;# 
  1630   000FF1                     INTCON2         equ	4081	;# 
  1631   000FF2                     INTCON          equ	4082	;# 
  1632   000FF3                     PROD            equ	4083	;# 
  1633   000FF3                     PRODL           equ	4083	;# 
  1634   000FF4                     PRODH           equ	4084	;# 
  1635   000FF5                     TABLAT          equ	4085	;# 
  1636   000FF6                     TBLPTR          equ	4086	;# 
  1637   000FF6                     TBLPTRL         equ	4086	;# 
  1638   000FF7                     TBLPTRH         equ	4087	;# 
  1639   000FF8                     TBLPTRU         equ	4088	;# 
  1640   000FF9                     PCLAT           equ	4089	;# 
  1641   000FF9                     PC              equ	4089	;# 
  1642   000FF9                     PCL             equ	4089	;# 
  1643   000FFA                     PCLATH          equ	4090	;# 
  1644   000FFB                     PCLATU          equ	4091	;# 
  1645   000FFC                     STKPTR          equ	4092	;# 
  1646   000FFD                     TOS             equ	4093	;# 
  1647   000FFD                     TOSL            equ	4093	;# 
  1648   000FFE                     TOSH            equ	4094	;# 
  1649   000FFF                     TOSU            equ	4095	;# 
  1650   000F38                     ANSELA          equ	3896	;# 
  1651   000F39                     ANSELB          equ	3897	;# 
  1652   000F3A                     ANSELC          equ	3898	;# 
  1653   000F3B                     ANSELD          equ	3899	;# 
  1654   000F3C                     ANSELE          equ	3900	;# 
  1655   000F3D                     PMD2            equ	3901	;# 
  1656   000F3E                     PMD1            equ	3902	;# 
  1657   000F3F                     PMD0            equ	3903	;# 
  1658   000F40                     VREFCON2        equ	3904	;# 
  1659   000F40                     DACCON1         equ	3904	;# 
  1660   000F41                     VREFCON1        equ	3905	;# 
  1661   000F41                     DACCON0         equ	3905	;# 
  1662   000F42                     VREFCON0        equ	3906	;# 
  1663   000F42                     FVRCON          equ	3906	;# 
  1664   000F43                     CTMUICON        equ	3907	;# 
  1665   000F43                     CTMUICONH       equ	3907	;# 
  1666   000F44                     CTMUCONL        equ	3908	;# 
  1667   000F44                     CTMUCON1        equ	3908	;# 
  1668   000F45                     CTMUCONH        equ	3909	;# 
  1669   000F45                     CTMUCON0        equ	3909	;# 
  1670   000F46                     SRCON1          equ	3910	;# 
  1671   000F47                     SRCON0          equ	3911	;# 
  1672   000F48                     CCPTMRS1        equ	3912	;# 
  1673   000F49                     CCPTMRS0        equ	3913	;# 
  1674   000F4A                     T6CON           equ	3914	;# 
  1675   000F4B                     PR6             equ	3915	;# 
  1676   000F4C                     TMR6            equ	3916	;# 
  1677   000F4D                     T5GCON          equ	3917	;# 
  1678   000F4E                     T5CON           equ	3918	;# 
  1679   000F4F                     TMR5            equ	3919	;# 
  1680   000F4F                     TMR5L           equ	3919	;# 
  1681   000F50                     TMR5H           equ	3920	;# 
  1682   000F51                     T4CON           equ	3921	;# 
  1683   000F52                     PR4             equ	3922	;# 
  1684   000F53                     TMR4            equ	3923	;# 
  1685   000F54                     CCP5CON         equ	3924	;# 
  1686   000F55                     CCPR5           equ	3925	;# 
  1687   000F55                     CCPR5L          equ	3925	;# 
  1688   000F56                     CCPR5H          equ	3926	;# 
  1689   000F57                     CCP4CON         equ	3927	;# 
  1690   000F58                     CCPR4           equ	3928	;# 
  1691   000F58                     CCPR4L          equ	3928	;# 
  1692   000F59                     CCPR4H          equ	3929	;# 
  1693   000F5A                     PSTR3CON        equ	3930	;# 
  1694   000F5B                     ECCP3AS         equ	3931	;# 
  1695   000F5B                     CCP3AS          equ	3931	;# 
  1696   000F5C                     PWM3CON         equ	3932	;# 
  1697   000F5D                     CCP3CON         equ	3933	;# 
  1698   000F5E                     CCPR3           equ	3934	;# 
  1699   000F5E                     CCPR3L          equ	3934	;# 
  1700   000F5F                     CCPR3H          equ	3935	;# 
  1701   000F60                     SLRCON          equ	3936	;# 
  1702   000F61                     WPUB            equ	3937	;# 
  1703   000F62                     IOCB            equ	3938	;# 
  1704   000F63                     PSTR2CON        equ	3939	;# 
  1705   000F64                     ECCP2AS         equ	3940	;# 
  1706   000F64                     CCP2AS          equ	3940	;# 
  1707   000F65                     PWM2CON         equ	3941	;# 
  1708   000F66                     CCP2CON         equ	3942	;# 
  1709   000F67                     CCPR2           equ	3943	;# 
  1710   000F67                     CCPR2L          equ	3943	;# 
  1711   000F68                     CCPR2H          equ	3944	;# 
  1712   000F69                     SSP2CON3        equ	3945	;# 
  1713   000F6A                     SSP2MSK         equ	3946	;# 
  1714   000F6B                     SSP2CON2        equ	3947	;# 
  1715   000F6C                     SSP2CON1        equ	3948	;# 
  1716   000F6D                     SSP2STAT        equ	3949	;# 
  1717   000F6E                     SSP2ADD         equ	3950	;# 
  1718   000F6F                     SSP2BUF         equ	3951	;# 
  1719   000F70                     BAUDCON2        equ	3952	;# 
  1720   000F70                     BAUD2CON        equ	3952	;# 
  1721   000F71                     RCSTA2          equ	3953	;# 
  1722   000F71                     RC2STA          equ	3953	;# 
  1723   000F72                     TXSTA2          equ	3954	;# 
  1724   000F72                     TX2STA          equ	3954	;# 
  1725   000F73                     TXREG2          equ	3955	;# 
  1726   000F73                     TX2REG          equ	3955	;# 
  1727   000F74                     RCREG2          equ	3956	;# 
  1728   000F74                     RC2REG          equ	3956	;# 
  1729   000F75                     SPBRG2          equ	3957	;# 
  1730   000F75                     SP2BRG          equ	3957	;# 
  1731   000F76                     SPBRGH2         equ	3958	;# 
  1732   000F76                     SP2BRGH         equ	3958	;# 
  1733   000F77                     CM2CON1         equ	3959	;# 
  1734   000F77                     CM12CON         equ	3959	;# 
  1735   000F78                     CM2CON0         equ	3960	;# 
  1736   000F78                     CM2CON          equ	3960	;# 
  1737   000F79                     CM1CON0         equ	3961	;# 
  1738   000F79                     CM1CON          equ	3961	;# 
  1739   000F7A                     PIE4            equ	3962	;# 
  1740   000F7B                     PIR4            equ	3963	;# 
  1741   000F7C                     IPR4            equ	3964	;# 
  1742   000F7D                     PIE5            equ	3965	;# 
  1743   000F7E                     PIR5            equ	3966	;# 
  1744   000F7F                     IPR5            equ	3967	;# 
  1745   000F80                     PORTA           equ	3968	;# 
  1746   000F81                     PORTB           equ	3969	;# 
  1747   000F82                     PORTC           equ	3970	;# 
  1748   000F83                     PORTD           equ	3971	;# 
  1749   000F84                     PORTE           equ	3972	;# 
  1750   000F89                     LATA            equ	3977	;# 
  1751   000F8A                     LATB            equ	3978	;# 
  1752   000F8B                     LATC            equ	3979	;# 
  1753   000F8C                     LATD            equ	3980	;# 
  1754   000F8D                     LATE            equ	3981	;# 
  1755   000F92                     TRISA           equ	3986	;# 
  1756   000F92                     DDRA            equ	3986	;# 
  1757   000F93                     TRISB           equ	3987	;# 
  1758   000F93                     DDRB            equ	3987	;# 
  1759   000F94                     TRISC           equ	3988	;# 
  1760   000F94                     DDRC            equ	3988	;# 
  1761   000F95                     TRISD           equ	3989	;# 
  1762   000F95                     DDRD            equ	3989	;# 
  1763   000F96                     TRISE           equ	3990	;# 
  1764   000F96                     DDRE            equ	3990	;# 
  1765   000F9B                     OSCTUNE         equ	3995	;# 
  1766   000F9C                     HLVDCON         equ	3996	;# 
  1767   000F9C                     LVDCON          equ	3996	;# 
  1768   000F9D                     PIE1            equ	3997	;# 
  1769   000F9E                     PIR1            equ	3998	;# 
  1770   000F9F                     IPR1            equ	3999	;# 
  1771   000FA0                     PIE2            equ	4000	;# 
  1772   000FA1                     PIR2            equ	4001	;# 
  1773   000FA2                     IPR2            equ	4002	;# 
  1774   000FA3                     PIE3            equ	4003	;# 
  1775   000FA4                     PIR3            equ	4004	;# 
  1776   000FA5                     IPR3            equ	4005	;# 
  1777   000FA6                     EECON1          equ	4006	;# 
  1778   000FA7                     EECON2          equ	4007	;# 
  1779   000FA8                     EEDATA          equ	4008	;# 
  1780   000FA9                     EEADR           equ	4009	;# 
  1781   000FAA                     EEADRH          equ	4010	;# 
  1782   000FAB                     RCSTA1          equ	4011	;# 
  1783   000FAB                     RCSTA           equ	4011	;# 
  1784   000FAB                     RC1STA          equ	4011	;# 
  1785   000FAC                     TXSTA1          equ	4012	;# 
  1786   000FAC                     TXSTA           equ	4012	;# 
  1787   000FAC                     TX1STA          equ	4012	;# 
  1788   000FAD                     TXREG1          equ	4013	;# 
  1789   000FAD                     TXREG           equ	4013	;# 
  1790   000FAD                     TX1REG          equ	4013	;# 
  1791   000FAE                     RCREG1          equ	4014	;# 
  1792   000FAE                     RCREG           equ	4014	;# 
  1793   000FAE                     RC1REG          equ	4014	;# 
  1794   000FAF                     SPBRG1          equ	4015	;# 
  1795   000FAF                     SPBRG           equ	4015	;# 
  1796   000FAF                     SP1BRG          equ	4015	;# 
  1797   000FB0                     SPBRGH1         equ	4016	;# 
  1798   000FB0                     SPBRGH          equ	4016	;# 
  1799   000FB0                     SP1BRGH         equ	4016	;# 
  1800   000FB1                     T3CON           equ	4017	;# 
  1801   000FB2                     TMR3            equ	4018	;# 
  1802   000FB2                     TMR3L           equ	4018	;# 
  1803   000FB3                     TMR3H           equ	4019	;# 
  1804   000FB4                     T3GCON          equ	4020	;# 
  1805   000FB6                     ECCP1AS         equ	4022	;# 
  1806   000FB6                     ECCPAS          equ	4022	;# 
  1807   000FB7                     PWM1CON         equ	4023	;# 
  1808   000FB7                     PWMCON          equ	4023	;# 
  1809   000FB8                     BAUDCON1        equ	4024	;# 
  1810   000FB8                     BAUDCON         equ	4024	;# 
  1811   000FB8                     BAUDCTL         equ	4024	;# 
  1812   000FB8                     BAUD1CON        equ	4024	;# 
  1813   000FB9                     PSTR1CON        equ	4025	;# 
  1814   000FB9                     PSTRCON         equ	4025	;# 
  1815   000FBA                     T2CON           equ	4026	;# 
  1816   000FBB                     PR2             equ	4027	;# 
  1817   000FBC                     TMR2            equ	4028	;# 
  1818   000FBD                     CCP1CON         equ	4029	;# 
  1819   000FBE                     CCPR1           equ	4030	;# 
  1820   000FBE                     CCPR1L          equ	4030	;# 
  1821   000FBF                     CCPR1H          equ	4031	;# 
  1822   000FC0                     ADCON2          equ	4032	;# 
  1823   000FC1                     ADCON1          equ	4033	;# 
  1824   000FC2                     ADCON0          equ	4034	;# 
  1825   000FC3                     ADRES           equ	4035	;# 
  1826   000FC3                     ADRESL          equ	4035	;# 
  1827   000FC4                     ADRESH          equ	4036	;# 
  1828   000FC5                     SSP1CON2        equ	4037	;# 
  1829   000FC5                     SSPCON2         equ	4037	;# 
  1830   000FC6                     SSP1CON1        equ	4038	;# 
  1831   000FC6                     SSPCON1         equ	4038	;# 
  1832   000FC7                     SSP1STAT        equ	4039	;# 
  1833   000FC7                     SSPSTAT         equ	4039	;# 
  1834   000FC8                     SSP1ADD         equ	4040	;# 
  1835   000FC8                     SSPADD          equ	4040	;# 
  1836   000FC9                     SSP1BUF         equ	4041	;# 
  1837   000FC9                     SSPBUF          equ	4041	;# 
  1838   000FCA                     SSP1MSK         equ	4042	;# 
  1839   000FCA                     SSPMSK          equ	4042	;# 
  1840   000FCB                     SSP1CON3        equ	4043	;# 
  1841   000FCB                     SSPCON3         equ	4043	;# 
  1842   000FCC                     T1GCON          equ	4044	;# 
  1843   000FCD                     T1CON           equ	4045	;# 
  1844   000FCE                     TMR1            equ	4046	;# 
  1845   000FCE                     TMR1L           equ	4046	;# 
  1846   000FCF                     TMR1H           equ	4047	;# 
  1847   000FD0                     RCON            equ	4048	;# 
  1848   000FD1                     WDTCON          equ	4049	;# 
  1849   000FD2                     OSCCON2         equ	4050	;# 
  1850   000FD3                     OSCCON          equ	4051	;# 
  1851   000FD5                     T0CON           equ	4053	;# 
  1852   000FD6                     TMR0            equ	4054	;# 
  1853   000FD6                     TMR0L           equ	4054	;# 
  1854   000FD7                     TMR0H           equ	4055	;# 
  1855   000FD8                     STATUS          equ	4056	;# 
  1856   000FD9                     FSR2            equ	4057	;# 
  1857   000FD9                     FSR2L           equ	4057	;# 
  1858   000FDA                     FSR2H           equ	4058	;# 
  1859   000FDB                     PLUSW2          equ	4059	;# 
  1860   000FDC                     PREINC2         equ	4060	;# 
  1861   000FDD                     POSTDEC2        equ	4061	;# 
  1862   000FDE                     POSTINC2        equ	4062	;# 
  1863   000FDF                     INDF2           equ	4063	;# 
  1864   000FE0                     BSR             equ	4064	;# 
  1865   000FE1                     FSR1            equ	4065	;# 
  1866   000FE1                     FSR1L           equ	4065	;# 
  1867   000FE2                     FSR1H           equ	4066	;# 
  1868   000FE3                     PLUSW1          equ	4067	;# 
  1869   000FE4                     PREINC1         equ	4068	;# 
  1870   000FE5                     POSTDEC1        equ	4069	;# 
  1871   000FE6                     POSTINC1        equ	4070	;# 
  1872   000FE7                     INDF1           equ	4071	;# 
  1873   000FE8                     WREG            equ	4072	;# 
  1874   000FE9                     FSR0            equ	4073	;# 
  1875   000FE9                     FSR0L           equ	4073	;# 
  1876   000FEA                     FSR0H           equ	4074	;# 
  1877   000FEB                     PLUSW0          equ	4075	;# 
  1878   000FEC                     PREINC0         equ	4076	;# 
  1879   000FED                     POSTDEC0        equ	4077	;# 
  1880   000FEE                     POSTINC0        equ	4078	;# 
  1881   000FEF                     INDF0           equ	4079	;# 
  1882   000FF0                     INTCON3         equ	4080	;# 
  1883   000FF1                     INTCON2         equ	4081	;# 
  1884   000FF2                     INTCON          equ	4082	;# 
  1885   000FF3                     PROD            equ	4083	;# 
  1886   000FF3                     PRODL           equ	4083	;# 
  1887   000FF4                     PRODH           equ	4084	;# 
  1888   000FF5                     TABLAT          equ	4085	;# 
  1889   000FF6                     TBLPTR          equ	4086	;# 
  1890   000FF6                     TBLPTRL         equ	4086	;# 
  1891   000FF7                     TBLPTRH         equ	4087	;# 
  1892   000FF8                     TBLPTRU         equ	4088	;# 
  1893   000FF9                     PCLAT           equ	4089	;# 
  1894   000FF9                     PC              equ	4089	;# 
  1895   000FF9                     PCL             equ	4089	;# 
  1896   000FFA                     PCLATH          equ	4090	;# 
  1897   000FFB                     PCLATU          equ	4091	;# 
  1898   000FFC                     STKPTR          equ	4092	;# 
  1899   000FFD                     TOS             equ	4093	;# 
  1900   000FFD                     TOSL            equ	4093	;# 
  1901   000FFE                     TOSH            equ	4094	;# 
  1902   000FFF                     TOSU            equ	4095	;# 
  1903                           
  1904                           	psect	idataCOMRAM
  1905   002E3A                     __pidataCOMRAM:
  1906                           	callstack 0
  1907                           
  1908                           ;initializer for _rr_quantum
  1909   002E3A  05                 	db	5
  1910   000F39                     _ANSELBbits     set	3897
  1911   000F38                     _ANSELAbits     set	3896
  1912   000FD6                     _TMR0           set	4054
  1913   000FC3                     _ADRES          set	4035
  1914   000FD5                     _T0CONbits      set	4053
  1915   000FF1                     _INTCON2bits    set	4081
  1916   000F93                     _TRISBbits      set	3987
  1917   000FBC                     _TMR2           set	4028
  1918   000FBD                     _CCP1CONbits    set	4029
  1919   000FBE                     _CCPR1L         set	4030
  1920   000FBD                     _CCP1CON        set	4029
  1921   000FBB                     _PR2            set	4027
  1922   000FBA                     _T2CONbits      set	4026
  1923   000F8B                     _LATCbits       set	3979
  1924   000F92                     _TRISAbits      set	3986
  1925   000FC0                     _ADCON2bits     set	4032
  1926   000FC1                     _ADCON1bits     set	4033
  1927   000FC2                     _ADCON0bits     set	4034
  1928   000F82                     _PORTCbits      set	3970
  1929   000F94                     _TRISCbits      set	3988
  1930   000FFC                     _STKPTR         set	4092
  1931   000FFF                     _TOSU           set	4095
  1932   000FFE                     _TOSH           set	4094
  1933   000FFD                     _TOSL           set	4093
  1934   000FD8                     _STATUS         set	4056
  1935   000FE8                     _WREG           set	4072
  1936   000FF8                     _TBLPTRU        set	4088
  1937   000FF6                     _TBLPTRL        set	4086
  1938   000FF7                     _TBLPTRH        set	4087
  1939   000FF5                     _TABLAT         set	4085
  1940   000FF3                     _PRODL          set	4083
  1941   000FF4                     _PRODH          set	4084
  1942   000FFB                     _PCLATU         set	4091
  1943   000FFA                     _PCLATH         set	4090
  1944   000FD9                     _FSR2L          set	4057
  1945   000FDA                     _FSR2H          set	4058
  1946   000FE1                     _FSR1L          set	4065
  1947   000FE2                     _FSR1H          set	4066
  1948   000FE9                     _FSR0L          set	4073
  1949   000FEA                     _FSR0H          set	4074
  1950   000FE0                     _BSR            set	4064
  1951   000FF2                     _INTCONbits     set	4082
  1952                           
  1953                           ; #config settings
  1954                           
  1955                           	psect	cinit
  1956   002B76                     __pcinit:
  1957                           	callstack 0
  1958   002B76                     start_initialization:
  1959                           	callstack 0
  1960   002B76                     __initialization:
  1961                           	callstack 0
  1962                           
  1963                           ; Initialize objects allocated to COMRAM (1 bytes)
  1964                           ; load TBLPTR registers with __pidataCOMRAM
  1965   002B76  0E3A               	movlw	low __pidataCOMRAM
  1966   002B78  6EF6               	movwf	tblptrl,c
  1967   002B7A  0E2E               	movlw	high __pidataCOMRAM
  1968   002B7C  6EF7               	movwf	tblptrh,c
  1969   002B7E  0E00               	movlw	low (__pidataCOMRAM shr (0+16))
  1970   002B80  6EF8               	movwf	tblptru,c
  1971   002B82  0009               	tblrd		*+	;fetch initializer
  1972   002B84  CFF5 F023          	movff	tablat,__pdataCOMRAM
  1973                           
  1974                           ; Clear objects allocated to BIGRAM (786 bytes)
  1975   002B88  EE02  F037         	lfsr	0,__pbssBIGRAM
  1976   002B8C  EE13 F012          	lfsr	1,786
  1977   002B90                     clear_0:
  1978   002B90  6AEE               	clrf	postinc0,c
  1979   002B92  50E5               	movf	postdec1,w,c
  1980   002B94  50E1               	movf	fsr1l,w,c
  1981   002B96  E1FC               	bnz	clear_0
  1982   002B98  50E2               	movf	fsr1h,w,c
  1983   002B9A  E1FA               	bnz	clear_0
  1984                           
  1985                           ; Clear objects allocated to BANK0 (31 bytes)
  1986   002B9C  EE00  F060         	lfsr	0,__pbssBANK0
  1987   002BA0  0E1F               	movlw	31
  1988   002BA2                     clear_1:
  1989   002BA2  6AEE               	clrf	postinc0,c
  1990   002BA4  06E8               	decf	wreg,f,c
  1991   002BA6  E1FD               	bnz	clear_1
  1992                           
  1993                           ; Clear objects allocated to COMRAM (2 bytes)
  1994   002BA8  6A22               	clrf	(__pbssCOMRAM+1)& (0+255),c
  1995   002BAA  6A21               	clrf	__pbssCOMRAM& (0+255),c
  1996   002BAC                     end_of_initialization:
  1997                           	callstack 0
  1998   002BAC                     __end_of__initialization:
  1999                           	callstack 0
  2000   002BAC  9001               	bcf	int$flags,0,c	;clear compiler interrupt flag (level 1)
  2001   002BAE  9201               	bcf	int$flags,1,c	;clear compiler interrupt flag (level 2)
  2002   002BB0  0E00               	movlw	low (__Lmediumconst shr (0+16))
  2003   002BB2  6EF8               	movwf	tblptru,c
  2004   002BB4  0100               	movlb	0
  2005   002BB6  EF11  F015         	goto	_main	;jump to C main() function
  2006                           
  2007                           	psect	bssCOMRAM
  2008   000021                     __pbssCOMRAM:
  2009                           	callstack 0
  2010   000021                     _ext_int_user_callback:
  2011                           	callstack 0
  2012   000021                     	ds	2
  2013                           
  2014                           	psect	dataCOMRAM
  2015   000023                     __pdataCOMRAM:
  2016                           	callstack 0
  2017   000023                     _rr_quantum:
  2018                           	callstack 0
  2019   000023                     	ds	1
  2020                           
  2021                           	psect	bssBANK0
  2022   000060                     __pbssBANK0:
  2023                           	callstack 0
  2024   000060                     _adc_pipe:
  2025                           	callstack 0
  2026   000060                     	ds	22
  2027   000076                     _adc_mutex:
  2028                           	callstack 0
  2029   000076                     	ds	9
  2030                           
  2031                           	psect	bssBIGRAM
  2032   000237                     __pbssBIGRAM:
  2033                           	callstack 0
  2034   000237                     __uDynamicHeap:
  2035                           	callstack 0
  2036   000237                     	ds	512
  2037   000437                     _r_queue:
  2038                           	callstack 0
  2039   000437                     	ds	274
  2040                           
  2041                           	psect	cstackBANK2
  2042   000200                     __pcstackBANK2:
  2043                           	callstack 0
  2044   000200                     os_create_task@id:
  2045                           	callstack 0
  2046   000200                     ??_os_start:
  2047                           
  2048                           ; 1 bytes @ 0x0
  2049   000200                     	ds	1
  2050   000201                     os_create_task@new_task:
  2051                           	callstack 0
  2052                           
  2053                           ; 54 bytes @ 0x1
  2054   000201                     	ds	54
  2055                           
  2056                           	psect	cstackBANK1
  2057   000100                     __pcstackBANK1:
  2058                           	callstack 0
  2059   000100                     	ds	76
  2060   00014C                     mutex_lock@mutex:
  2061                           	callstack 0
  2062                           
  2063                           ; 1 bytes @ 0x4C
  2064   00014C                     	ds	1
  2065   00014D                     ??_mutex_lock:
  2066                           
  2067                           ; 1 bytes @ 0x4D
  2068   00014D                     	ds	7
  2069   000154                     pipe_write@p:
  2070                           	callstack 0
  2071                           
  2072                           ; 1 bytes @ 0x54
  2073   000154                     	ds	1
  2074   000155                     pipe_write@dado:
  2075                           	callstack 0
  2076                           
  2077                           ; 1 bytes @ 0x55
  2078   000155                     	ds	1
  2079   000156                     ??_pipe_write:
  2080                           
  2081                           ; 1 bytes @ 0x56
  2082   000156                     	ds	1
  2083   000157                     ??_task_blink3:
  2084                           
  2085                           ; 1 bytes @ 0x57
  2086   000157                     	ds	2
  2087   000159                     task_blink3@adc:
  2088                           	callstack 0
  2089                           
  2090                           ; 2 bytes @ 0x59
  2091   000159                     	ds	2
  2092   00015B                     ?i1___awmod:
  2093                           	callstack 0
  2094   00015B                     sem_post@sem:
  2095                           	callstack 0
  2096   00015B                     pwm_set_duty@duty:
  2097                           	callstack 0
  2098   00015B                     i1___awmod@dividend:
  2099                           	callstack 0
  2100                           
  2101                           ; 2 bytes @ 0x5B
  2102   00015B                     	ds	1
  2103   00015C                     ??_sem_post:
  2104                           
  2105                           ; 1 bytes @ 0x5C
  2106   00015C                     	ds	1
  2107   00015D                     i1___awmod@divisor:
  2108                           	callstack 0
  2109   00015D                     ??_pwm_set_duty:
  2110                           
  2111                           ; 1 bytes @ 0x5D
  2112   00015D                     	ds	2
  2113   00015F                     i1___awmod@counter:
  2114                           	callstack 0
  2115                           
  2116                           ; 1 bytes @ 0x5F
  2117   00015F                     	ds	1
  2118   000160                     i1___awmod@sign:
  2119                           	callstack 0
  2120                           
  2121                           ; 1 bytes @ 0x60
  2122   000160                     	ds	1
  2123   000161                     ??i1_rr_priority_scheduler:
  2124                           
  2125                           ; 1 bytes @ 0x61
  2126   000161                     	ds	2
  2127   000163                     i1rr_priority_scheduler@tentativas:
  2128                           	callstack 0
  2129                           
  2130                           ; 1 bytes @ 0x63
  2131   000163                     	ds	1
  2132   000164                     i1rr_priority_scheduler@max_priority:
  2133                           	callstack 0
  2134                           
  2135                           ; 1 bytes @ 0x64
  2136   000164                     	ds	1
  2137   000165                     i1rr_priority_scheduler@i:
  2138                           	callstack 0
  2139                           
  2140                           ; 1 bytes @ 0x65
  2141   000165                     	ds	1
  2142   000166                     i1rr_priority_scheduler@prox:
  2143                           	callstack 0
  2144                           
  2145                           ; 1 bytes @ 0x66
  2146   000166                     	ds	1
  2147   000167                     i1rr_priority_scheduler@i_1520:
  2148                           	callstack 0
  2149                           
  2150                           ; 1 bytes @ 0x67
  2151   000167                     	ds	1
  2152   000168                     ??i1_scheduler:
  2153                           
  2154                           ; 1 bytes @ 0x68
  2155   000168                     	ds	3
  2156   00016B                     sem_wait@sem:
  2157                           	callstack 0
  2158                           
  2159                           ; 1 bytes @ 0x6B
  2160   00016B                     	ds	1
  2161   00016C                     ??_sem_wait:
  2162                           
  2163                           ; 1 bytes @ 0x6C
  2164   00016C                     	ds	7
  2165   000173                     pipe_read@p:
  2166                           	callstack 0
  2167                           
  2168                           ; 1 bytes @ 0x73
  2169   000173                     	ds	1
  2170   000174                     pipe_read@dado:
  2171                           	callstack 0
  2172                           
  2173                           ; 2 bytes @ 0x74
  2174   000174                     	ds	2
  2175   000176                     ??_pipe_read:
  2176                           
  2177                           ; 1 bytes @ 0x76
  2178   000176                     	ds	1
  2179   000177                     task_blink4@dado:
  2180                           	callstack 0
  2181                           
  2182                           ; 1 bytes @ 0x77
  2183   000177                     	ds	1
  2184   000178                     ?___awmod:
  2185                           	callstack 0
  2186   000178                     sem_init@sem:
  2187                           	callstack 0
  2188   000178                     mutex_init@mutex:
  2189                           	callstack 0
  2190   000178                     pwm_config@period:
  2191                           	callstack 0
  2192   000178                     os_create_task@func:
  2193                           	callstack 0
  2194   000178                     ___awmod@dividend:
  2195                           	callstack 0
  2196   000178                     
  2197                           ; 1 bytes @ 0x78
  2198   000178                     	ds	1
  2199   000179                     sem_init@valor:
  2200                           	callstack 0
  2201   000179                     
  2202                           ; 1 bytes @ 0x79
  2203   000179                     	ds	1
  2204   00017A                     os_create_task@prior:
  2205                           	callstack 0
  2206   00017A                     ___awmod@divisor:
  2207                           	callstack 0
  2208   00017A                     ??_sem_init:
  2209                           
  2210                           ; 1 bytes @ 0x7A
  2211   00017A                     	ds	1
  2212   00017B                     ??_os_create_task:
  2213                           
  2214                           ; 1 bytes @ 0x7B
  2215   00017B                     	ds	1
  2216   00017C                     pipe_init@p:
  2217                           	callstack 0
  2218   00017C                     ___awmod@counter:
  2219                           	callstack 0
  2220   00017C                     
  2221                           ; 1 bytes @ 0x7C
  2222   00017C                     	ds	1
  2223   00017D                     ___awmod@sign:
  2224                           	callstack 0
  2225   00017D                     
  2226                           ; 1 bytes @ 0x7D
  2227   00017D                     	ds	1
  2228   00017E                     ??_rr_priority_scheduler:
  2229                           
  2230                           ; 1 bytes @ 0x7E
  2231   00017E                     	ds	2
  2232   000180                     rr_priority_scheduler@tentativas:
  2233                           	callstack 0
  2234                           
  2235                           ; 1 bytes @ 0x80
  2236   000180                     	ds	1
  2237   000181                     rr_priority_scheduler@max_priority:
  2238                           	callstack 0
  2239                           
  2240                           ; 1 bytes @ 0x81
  2241   000181                     	ds	1
  2242   000182                     rr_priority_scheduler@i:
  2243                           	callstack 0
  2244                           
  2245                           ; 1 bytes @ 0x82
  2246   000182                     	ds	1
  2247   000183                     rr_priority_scheduler@prox:
  2248                           	callstack 0
  2249                           
  2250                           ; 1 bytes @ 0x83
  2251   000183                     	ds	1
  2252   000184                     rr_priority_scheduler@i_1520:
  2253                           	callstack 0
  2254                           
  2255                           ; 1 bytes @ 0x84
  2256   000184                     	ds	1
  2257   000185                     ??_scheduler:
  2258                           
  2259                           ; 1 bytes @ 0x85
  2260   000185                     	ds	3
  2261   000188                     
  2262                           ; 1 bytes @ 0x88
  2263                           
  2264                           	psect	cstackBANK0
  2265   00007F                     __pcstackBANK0:
  2266                           	callstack 0
  2267   00007F                     	ds	4
  2268   000083                     ?_adc_read:
  2269                           	callstack 0
  2270   000083                     mutex_unlock@mutex:
  2271                           	callstack 0
  2272   000083                     
  2273                           ; 1 bytes @ 0x4
  2274   000083                     	ds	1
  2275   000084                     ??_mutex_unlock:
  2276                           
  2277                           ; 1 bytes @ 0x5
  2278   000084                     	ds	1
  2279   000085                     adc_read@dados_adc:
  2280                           	callstack 0
  2281   000085                     
  2282                           ; 1 bytes @ 0x6
  2283   000085                     	ds	1
  2284   000086                     mutex_unlock@next_owner:
  2285                           	callstack 0
  2286                           
  2287                           ; 1 bytes @ 0x7
  2288   000086                     	ds	1
  2289   000087                     
  2290                           ; 1 bytes @ 0x8
  2291                           
  2292                           	psect	cstackCOMRAM
  2293   000002                     __pcstackCOMRAM:
  2294                           	callstack 0
  2295   000002                     ?i2___awmod:
  2296                           	callstack 0
  2297   000002                     i2___awmod@dividend:
  2298                           	callstack 0
  2299   000002                     ??_idle:
  2300   000002                     
  2301                           ; 1 bytes @ 0x0
  2302   000002                     	ds	2
  2303   000004                     i2___awmod@divisor:
  2304                           	callstack 0
  2305                           
  2306                           ; 2 bytes @ 0x2
  2307   000004                     	ds	2
  2308   000006                     i2___awmod@counter:
  2309                           	callstack 0
  2310   000006                     
  2311                           ; 1 bytes @ 0x4
  2312   000006                     	ds	1
  2313   000007                     i2___awmod@sign:
  2314                           	callstack 0
  2315                           
  2316                           ; 1 bytes @ 0x5
  2317   000007                     	ds	1
  2318   000008                     ??i2_rr_priority_scheduler:
  2319                           
  2320                           ; 1 bytes @ 0x6
  2321   000008                     	ds	2
  2322   00000A                     i2rr_priority_scheduler@tentativas:
  2323                           	callstack 0
  2324                           
  2325                           ; 1 bytes @ 0x8
  2326   00000A                     	ds	1
  2327   00000B                     i2rr_priority_scheduler@max_priority:
  2328                           	callstack 0
  2329                           
  2330                           ; 1 bytes @ 0x9
  2331   00000B                     	ds	1
  2332   00000C                     i2rr_priority_scheduler@i:
  2333                           	callstack 0
  2334                           
  2335                           ; 1 bytes @ 0xA
  2336   00000C                     	ds	1
  2337   00000D                     i2rr_priority_scheduler@prox:
  2338                           	callstack 0
  2339                           
  2340                           ; 1 bytes @ 0xB
  2341   00000D                     	ds	1
  2342   00000E                     i2rr_priority_scheduler@i_1520:
  2343                           	callstack 0
  2344                           
  2345                           ; 1 bytes @ 0xC
  2346   00000E                     	ds	1
  2347   00000F                     ??i2_scheduler:
  2348                           
  2349                           ; 1 bytes @ 0xD
  2350   00000F                     	ds	3
  2351   000012                     ??_ISR:
  2352                           
  2353                           ; 1 bytes @ 0x10
  2354   000012                     	ds	13
  2355   00001F                     ISR@i:
  2356                           	callstack 0
  2357                           
  2358                           ; 2 bytes @ 0x1D
  2359   00001F                     	ds	2
  2360                           
  2361 ;;
  2362 ;;Main: autosize = 0, tempsize = 0, incstack = 0, save=0
  2363 ;;
  2364 ;; *************** function _main *****************
  2365 ;; Defined at:
  2366 ;;		line 4 in file "main.c"
  2367 ;; Parameters:    Size  Location     Type
  2368 ;;		None
  2369 ;; Auto vars:     Size  Location     Type
  2370 ;;		None
  2371 ;; Return value:  Size  Location     Type
  2372 ;;                  2   18[None  ] int 
  2373 ;; Registers used:
  2374 ;;		wreg, fsr1l, fsr1h, fsr2l, fsr2h, status,2, status,0, prodl, prodh, cstack
  2375 ;; Tracked objects:
  2376 ;;		On entry : 0/0
  2377 ;;		On exit  : 0/0
  2378 ;;		Unchanged: 0/0
  2379 ;; Data sizes:     COMRAM   BANK0   BANK1   BANK2   BANK3   BANK4   BANK5   BANK6   BANK7   BANK8   BANK9  BANK10  BANK1
      +1  BANK12  BANK13  BANK14  BANK15
  2380 ;;      Params:         0       0       0       0       0       0       0       0       0       0       0       0       
      +0       0       0       0       0
  2381 ;;      Locals:         0       0       0       0       0       0       0       0       0       0       0       0       
      +0       0       0       0       0
  2382 ;;      Temps:          0       0       0       0       0       0       0       0       0       0       0       0       
      +0       0       0       0       0
  2383 ;;      Totals:         0       0       0       0       0       0       0       0       0       0       0       0       
      +0       0       0       0       0
  2384 ;;Total ram usage:        0 bytes
  2385 ;; Hardware stack levels required when called: 14
  2386 ;; This function calls:
  2387 ;;		_os_config
  2388 ;;		_os_create_task
  2389 ;;		_os_start
  2390 ;; This function is called by:
  2391 ;;		Startup code after reset
  2392 ;; This function uses a non-reentrant model
  2393 ;;
  2394                           
  2395                           	psect	text0
  2396   002A22                     __ptext0:
  2397                           	callstack 0
  2398   002A22                     _main:
  2399                           	callstack 17
  2400   002A22                     
  2401                           ;main.c: 6:     os_config();
  2402   002A22  EC35  F016         	call	_os_config	;wreg free
  2403                           
  2404                           ;main.c: 7:     os_create_task(2, task_blink1, 1);
  2405   002A26  0E22               	movlw	low _task_blink1
  2406   002A28  0101               	movlb	1	; () banked
  2407   002A2A  6F78               	movwf	os_create_task@func& (0+255),b
  2408   002A2C  0E2E               	movlw	high _task_blink1
  2409   002A2E  6F79               	movwf	(os_create_task@func+1)& (0+255),b
  2410   002A30  0E01               	movlw	1
  2411   002A32  6F7A               	movwf	os_create_task@prior& (0+255),b
  2412   002A34  0E02               	movlw	2
  2413   002A36  ECA6  F014         	call	_os_create_task
  2414                           
  2415                           ;main.c: 8:     os_create_task(3, task_blink2, 1);
  2416   002A3A  0E2A               	movlw	low _task_blink2
  2417   002A3C  0101               	movlb	1	; () banked
  2418   002A3E  6F78               	movwf	os_create_task@func& (0+255),b
  2419   002A40  0E2E               	movlw	high _task_blink2
  2420   002A42  6F79               	movwf	(os_create_task@func+1)& (0+255),b
  2421   002A44  0E01               	movlw	1
  2422   002A46  6F7A               	movwf	os_create_task@prior& (0+255),b
  2423   002A48  0E03               	movlw	3
  2424   002A4A  ECA6  F014         	call	_os_create_task
  2425                           
  2426                           ;main.c: 9:     os_create_task(4, task_blink3, 2);
  2427   002A4E  0E2E               	movlw	low _task_blink3
  2428   002A50  0101               	movlb	1	; () banked
  2429   002A52  6F78               	movwf	os_create_task@func& (0+255),b
  2430   002A54  0E2B               	movlw	high _task_blink3
  2431   002A56  6F79               	movwf	(os_create_task@func+1)& (0+255),b
  2432   002A58  0E02               	movlw	2
  2433   002A5A  6F7A               	movwf	os_create_task@prior& (0+255),b
  2434   002A5C  0E04               	movlw	4
  2435   002A5E  ECA6  F014         	call	_os_create_task
  2436                           
  2437                           ;main.c: 10:     os_create_task(5, task_blink4, 2);
  2438   002A62  0E20               	movlw	low _task_blink4
  2439   002A64  0101               	movlb	1	; () banked
  2440   002A66  6F78               	movwf	os_create_task@func& (0+255),b
  2441   002A68  0E2D               	movlw	high _task_blink4
  2442   002A6A  6F79               	movwf	(os_create_task@func+1)& (0+255),b
  2443   002A6C  0E02               	movlw	2
  2444   002A6E  6F7A               	movwf	os_create_task@prior& (0+255),b
  2445   002A70  0E05               	movlw	5
  2446   002A72  ECA6  F014         	call	_os_create_task
  2447                           
  2448                           ;main.c: 12:     os_start();
  2449   002A76  EC7C  F00E         	call	_os_start	;wreg free
  2450   002A7A                     l19:
  2451   002A7A  EF3D  F015         	goto	l19
  2452   002A7E  EF9D  F003         	goto	start
  2453   002A82                     __end_of_main:
  2454                           	callstack 0
  2455                           
  2456 ;; *************** function _os_start *****************
  2457 ;; Defined at:
  2458 ;;		line 80 in file "kernel.c"
  2459 ;; Parameters:    Size  Location     Type
  2460 ;;		None
  2461 ;; Auto vars:     Size  Location     Type
  2462 ;;		None
  2463 ;; Return value:  Size  Location     Type
  2464 ;;                  1    wreg      void 
  2465 ;; Registers used:
  2466 ;;		wreg, fsr1l, fsr1h, fsr2l, fsr2h, status,2, status,0, prodl, prodh, cstack
  2467 ;; Tracked objects:
  2468 ;;		On entry : 0/0
  2469 ;;		On exit  : 0/0
  2470 ;;		Unchanged: 0/0
  2471 ;; Data sizes:     COMRAM   BANK0   BANK1   BANK2   BANK3   BANK4   BANK5   BANK6   BANK7   BANK8   BANK9  BANK10  BANK1
      +1  BANK12  BANK13  BANK14  BANK15
  2472 ;;      Params:         0       0       0       0       0       0       0       0       0       0       0       0       
      +0       0       0       0       0
  2473 ;;      Locals:         0       0       0       0       0       0       0       0       0       0       0       0       
      +0       0       0       0       0
  2474 ;;      Temps:          0       0       0       7       0       0       0       0       0       0       0       0       
      +0       0       0       0       0
  2475 ;;      Totals:         0       0       0       7       0       0       0       0       0       0       0       0       
      +0       0       0       0       0
  2476 ;;Total ram usage:        7 bytes
  2477 ;; Hardware stack levels used: 1
  2478 ;; Hardware stack levels required when called: 13
  2479 ;; This function calls:
  2480 ;;		_scheduler
  2481 ;;		_setup_hardware
  2482 ;; This function is called by:
  2483 ;;		_main
  2484 ;; This function uses a non-reentrant model
  2485 ;;
  2486                           
  2487                           	psect	text1
  2488   001CF8                     __ptext1:
  2489                           	callstack 0
  2490   001CF8                     _os_start:
  2491                           	callstack 17
  2492   001CF8                     
  2493                           ;kernel.c: 82:     setup_hardware();
  2494   001CF8  EC01  F017         	call	_setup_hardware	;wreg free
  2495   001CFC                     
  2496                           ;kernel.c: 83:     scheduler();
  2497   001CFC  EC66  F016         	call	_scheduler	;wreg free
  2498   001D00  EE25  F046         	lfsr	2,_r_queue+271
  2499   001D04  EE10 F001          	lfsr	1,1
  2500   001D08  50DE               	movf	postinc2,w,c
  2501   001D0A  26E1               	addwf	fsr1l,f,c
  2502   001D0C  50DD               	movf	postdec2,w,c
  2503   001D0E  22E2               	addwfc	fsr1h,f,c
  2504   001D10  50E7               	movf	indf1,w,c
  2505   001D12  A4D8               	btfss	status,2,c
  2506   001D14  EF8E  F00E         	goto	u4611
  2507   001D18  EF90  F00E         	goto	u4610
  2508   001D1C                     u4611:
  2509   001D1C  EF27  F010         	goto	l4596
  2510   001D20                     u4610:
  2511   001D20  EE25  F046         	lfsr	2,_r_queue+271
  2512   001D24  EE10 F001          	lfsr	1,1
  2513   001D28  50DE               	movf	postinc2,w,c
  2514   001D2A  26E1               	addwf	fsr1l,f,c
  2515   001D2C  50DD               	movf	postdec2,w,c
  2516   001D2E  22E2               	addwfc	fsr1h,f,c
  2517   001D30  0E02               	movlw	2
  2518   001D32  6EE7               	movwf	indf1,c
  2519   001D34  EE25  F046         	lfsr	2,_r_queue+271
  2520   001D38  EE10 F008          	lfsr	1,8
  2521   001D3C  50DE               	movf	postinc2,w,c
  2522   001D3E  26E1               	addwf	fsr1l,f,c
  2523   001D40  50DD               	movf	postdec2,w,c
  2524   001D42  22E2               	addwfc	fsr1h,f,c
  2525   001D44  50E7               	movf	indf1,w,c
  2526   001D46  6EE0               	movwf	224,c	;volatile
  2527   001D48  EE25  F046         	lfsr	2,_r_queue+271
  2528   001D4C  EE10 F00C          	lfsr	1,12
  2529   001D50  50DE               	movf	postinc2,w,c
  2530   001D52  26E1               	addwf	fsr1l,f,c
  2531   001D54  50DD               	movf	postdec2,w,c
  2532   001D56  22E2               	addwfc	fsr1h,f,c
  2533   001D58  50E7               	movf	indf1,w,c
  2534   001D5A  6EEA               	movwf	234,c	;volatile
  2535   001D5C  EE25  F046         	lfsr	2,_r_queue+271
  2536   001D60  EE10 F00B          	lfsr	1,11
  2537   001D64  50DE               	movf	postinc2,w,c
  2538   001D66  26E1               	addwf	fsr1l,f,c
  2539   001D68  50DD               	movf	postdec2,w,c
  2540   001D6A  22E2               	addwfc	fsr1h,f,c
  2541   001D6C  50E7               	movf	indf1,w,c
  2542   001D6E  6EE9               	movwf	233,c	;volatile
  2543   001D70  EE25  F046         	lfsr	2,_r_queue+271
  2544   001D74  EE10 F00E          	lfsr	1,14
  2545   001D78  50DE               	movf	postinc2,w,c
  2546   001D7A  26E1               	addwf	fsr1l,f,c
  2547   001D7C  50DD               	movf	postdec2,w,c
  2548   001D7E  22E2               	addwfc	fsr1h,f,c
  2549   001D80  50E7               	movf	indf1,w,c
  2550   001D82  6EE2               	movwf	226,c	;volatile
  2551   001D84  EE25  F046         	lfsr	2,_r_queue+271
  2552   001D88  EE10 F00D          	lfsr	1,13
  2553   001D8C  50DE               	movf	postinc2,w,c
  2554   001D8E  26E1               	addwf	fsr1l,f,c
  2555   001D90  50DD               	movf	postdec2,w,c
  2556   001D92  22E2               	addwfc	fsr1h,f,c
  2557   001D94  50E7               	movf	indf1,w,c
  2558   001D96  6EE1               	movwf	225,c	;volatile
  2559   001D98  EE25  F046         	lfsr	2,_r_queue+271
  2560   001D9C  EE10 F010          	lfsr	1,16
  2561   001DA0  50DE               	movf	postinc2,w,c
  2562   001DA2  26E1               	addwf	fsr1l,f,c
  2563   001DA4  50DD               	movf	postdec2,w,c
  2564   001DA6  22E2               	addwfc	fsr1h,f,c
  2565   001DA8  50E7               	movf	indf1,w,c
  2566   001DAA  6EDA               	movwf	218,c	;volatile
  2567   001DAC  EE25  F046         	lfsr	2,_r_queue+271
  2568   001DB0  EE10 F00F          	lfsr	1,15
  2569   001DB4  50DE               	movf	postinc2,w,c
  2570   001DB6  26E1               	addwf	fsr1l,f,c
  2571   001DB8  50DD               	movf	postdec2,w,c
  2572   001DBA  22E2               	addwfc	fsr1h,f,c
  2573   001DBC  50E7               	movf	indf1,w,c
  2574   001DBE  6ED9               	movwf	217,c	;volatile
  2575   001DC0  EE25  F046         	lfsr	2,_r_queue+271
  2576   001DC4  EE10 F015          	lfsr	1,21
  2577   001DC8  50DE               	movf	postinc2,w,c
  2578   001DCA  26E1               	addwf	fsr1l,f,c
  2579   001DCC  50DD               	movf	postdec2,w,c
  2580   001DCE  22E2               	addwfc	fsr1h,f,c
  2581   001DD0  50E7               	movf	indf1,w,c
  2582   001DD2  6EFA               	movwf	250,c	;volatile
  2583   001DD4  EE25  F046         	lfsr	2,_r_queue+271
  2584   001DD8  EE10 F016          	lfsr	1,22
  2585   001DDC  50DE               	movf	postinc2,w,c
  2586   001DDE  26E1               	addwf	fsr1l,f,c
  2587   001DE0  50DD               	movf	postdec2,w,c
  2588   001DE2  22E2               	addwfc	fsr1h,f,c
  2589   001DE4  50E7               	movf	indf1,w,c
  2590   001DE6  6EFB               	movwf	251,c	;volatile
  2591   001DE8  EE25  F046         	lfsr	2,_r_queue+271
  2592   001DEC  EE10 F00A          	lfsr	1,10
  2593   001DF0  50DE               	movf	postinc2,w,c
  2594   001DF2  26E1               	addwf	fsr1l,f,c
  2595   001DF4  50DD               	movf	postdec2,w,c
  2596   001DF6  22E2               	addwfc	fsr1h,f,c
  2597   001DF8  50E7               	movf	indf1,w,c
  2598   001DFA  6EF4               	movwf	244,c	;volatile
  2599   001DFC  EE25  F046         	lfsr	2,_r_queue+271
  2600   001E00  EE10 F009          	lfsr	1,9
  2601   001E04  50DE               	movf	postinc2,w,c
  2602   001E06  26E1               	addwf	fsr1l,f,c
  2603   001E08  50DD               	movf	postdec2,w,c
  2604   001E0A  22E2               	addwfc	fsr1h,f,c
  2605   001E0C  50E7               	movf	indf1,w,c
  2606   001E0E  6EF3               	movwf	243,c	;volatile
  2607   001E10  EE25  F046         	lfsr	2,_r_queue+271
  2608   001E14  EE10 F011          	lfsr	1,17
  2609   001E18  50DE               	movf	postinc2,w,c
  2610   001E1A  26E1               	addwf	fsr1l,f,c
  2611   001E1C  50DD               	movf	postdec2,w,c
  2612   001E1E  22E2               	addwfc	fsr1h,f,c
  2613   001E20  50E7               	movf	indf1,w,c
  2614   001E22  6EF5               	movwf	245,c	;volatile
  2615   001E24  EE25  F046         	lfsr	2,_r_queue+271
  2616   001E28  EE10 F013          	lfsr	1,19
  2617   001E2C  50DE               	movf	postinc2,w,c
  2618   001E2E  26E1               	addwf	fsr1l,f,c
  2619   001E30  50DD               	movf	postdec2,w,c
  2620   001E32  22E2               	addwfc	fsr1h,f,c
  2621   001E34  50E7               	movf	indf1,w,c
  2622   001E36  6EF7               	movwf	247,c	;volatile
  2623   001E38  EE25  F046         	lfsr	2,_r_queue+271
  2624   001E3C  EE10 F012          	lfsr	1,18
  2625   001E40  50DE               	movf	postinc2,w,c
  2626   001E42  26E1               	addwf	fsr1l,f,c
  2627   001E44  50DD               	movf	postdec2,w,c
  2628   001E46  22E2               	addwfc	fsr1h,f,c
  2629   001E48  50E7               	movf	indf1,w,c
  2630   001E4A  6EF6               	movwf	246,c	;volatile
  2631   001E4C  EE25  F046         	lfsr	2,_r_queue+271
  2632   001E50  EE10 F014          	lfsr	1,20
  2633   001E54  50DE               	movf	postinc2,w,c
  2634   001E56  26E1               	addwf	fsr1l,f,c
  2635   001E58  50DD               	movf	postdec2,w,c
  2636   001E5A  22E2               	addwfc	fsr1h,f,c
  2637   001E5C  50E7               	movf	indf1,w,c
  2638   001E5E  6EF8               	movwf	248,c	;volatile
  2639   001E60  EE25  F046         	lfsr	2,_r_queue+271
  2640   001E64  EE10 F007          	lfsr	1,7
  2641   001E68  50DE               	movf	postinc2,w,c
  2642   001E6A  26E1               	addwf	fsr1l,f,c
  2643   001E6C  50DD               	movf	postdec2,w,c
  2644   001E6E  22E2               	addwfc	fsr1h,f,c
  2645   001E70  50E7               	movf	indf1,w,c
  2646   001E72  6ED8               	movwf	216,c	;volatile
  2647   001E74  EE25  F046         	lfsr	2,_r_queue+271
  2648   001E78  EE10 F006          	lfsr	1,6
  2649   001E7C  50DE               	movf	postinc2,w,c
  2650   001E7E  26E1               	addwf	fsr1l,f,c
  2651   001E80  50DD               	movf	postdec2,w,c
  2652   001E82  22E2               	addwfc	fsr1h,f,c
  2653   001E84  50E7               	movf	indf1,w,c
  2654   001E86  0102               	movlb	2	; () banked
  2655   001E88  6F00               	movwf	??_os_start& (0+255),b
  2656   001E8A  5100               	movf	??_os_start& (0+255),w,b
  2657   001E8C                     
  2658                           ; BSR set to: 2
  2659   001E8C  6AFC               	clrf	252,c	;volatile
  2660   001E8E  EE25  F046         	lfsr	2,_r_queue+271
  2661   001E92  EE10 F035          	lfsr	1,53
  2662   001E96  50DE               	movf	postinc2,w,c
  2663   001E98  26E1               	addwf	fsr1l,f,c
  2664   001E9A  50DD               	movf	postdec2,w,c
  2665   001E9C  22E2               	addwfc	fsr1h,f,c
  2666   001E9E  50E7               	movf	indf1,w,c
  2667   001EA0  B4D8               	btfsc	status,2,c
  2668   001EA2  EF55  F00F         	goto	u4621
  2669   001EA6  EF57  F00F         	goto	u4620
  2670   001EAA                     u4621:
  2671   001EAA  EFE0  F00F         	goto	l125
  2672   001EAE                     u4620:
  2673   001EAE                     l126:
  2674                           
  2675                           ; BSR set to: 2
  2676   001EAE  0005               	push		;# 
  2677   001EB0  EE25  F046         	lfsr	2,_r_queue+271
  2678   001EB4  EE10 F035          	lfsr	1,53
  2679   001EB8  50DE               	movf	postinc2,w,c
  2680   001EBA  26E1               	addwf	fsr1l,f,c
  2681   001EBC  50DD               	movf	postdec2,w,c
  2682   001EBE  22E2               	addwfc	fsr1h,f,c
  2683   001EC0  06E7               	decf	indf1,f,c
  2684   001EC2  EE25  F046         	lfsr	2,_r_queue+271
  2685   001EC6  EE10 F035          	lfsr	1,53
  2686   001ECA  50DE               	movf	postinc2,w,c
  2687   001ECC  26E1               	addwf	fsr1l,f,c
  2688   001ECE  50DD               	movf	postdec2,w,c
  2689   001ED0  22E2               	addwfc	fsr1h,f,c
  2690   001ED2  50E7               	movf	indf1,w,c
  2691   001ED4  0102               	movlb	2	; () banked
  2692   001ED6  6F00               	movwf	??_os_start& (0+255),b
  2693   001ED8  5100               	movf	??_os_start& (0+255),w,b
  2694   001EDA  0D03               	mullw	3
  2695   001EDC  CFF3 F201          	movff	prodl,??_os_start+1
  2696   001EE0  CFF4 F202          	movff	prodh,??_os_start+2
  2697   001EE4  EE25  F046         	lfsr	2,_r_queue+271
  2698   001EE8  CFDE F203          	movff	postinc2,??_os_start+3
  2699   001EEC  CFDD F204          	movff	postdec2,??_os_start+4
  2700   001EF0  5101               	movf	(??_os_start+1)& (0+255),w,b
  2701   001EF2  2503               	addwf	(??_os_start+3)& (0+255),w,b
  2702   001EF4  6F05               	movwf	(??_os_start+5)& (0+255),b
  2703   001EF6  5102               	movf	(??_os_start+2)& (0+255),w,b
  2704   001EF8  2104               	addwfc	(??_os_start+4)& (0+255),w,b
  2705   001EFA  6F06               	movwf	(??_os_start+6)& (0+255),b
  2706   001EFC  0E17               	movlw	23
  2707   001EFE  2505               	addwf	(??_os_start+5)& (0+255),w,b
  2708   001F00  6ED9               	movwf	fsr2l,c
  2709   001F02  0E00               	movlw	0
  2710   001F04  2106               	addwfc	(??_os_start+6)& (0+255),w,b
  2711   001F06  6EDA               	movwf	fsr2h,c
  2712   001F08  50DF               	movf	indf2,w,c
  2713   001F0A  6EFD               	movwf	253,c	;volatile
  2714   001F0C                     
  2715                           ; BSR set to: 2
  2716   001F0C  EE25  F046         	lfsr	2,_r_queue+271
  2717   001F10  EE10 F035          	lfsr	1,53
  2718   001F14  50DE               	movf	postinc2,w,c
  2719   001F16  26E1               	addwf	fsr1l,f,c
  2720   001F18  50DD               	movf	postdec2,w,c
  2721   001F1A  22E2               	addwfc	fsr1h,f,c
  2722   001F1C  50E7               	movf	indf1,w,c
  2723   001F1E  6F00               	movwf	??_os_start& (0+255),b
  2724   001F20  5100               	movf	??_os_start& (0+255),w,b
  2725   001F22  0D03               	mullw	3
  2726   001F24  CFF3 F201          	movff	prodl,??_os_start+1
  2727   001F28  CFF4 F202          	movff	prodh,??_os_start+2
  2728   001F2C  EE25  F046         	lfsr	2,_r_queue+271
  2729   001F30  CFDE F203          	movff	postinc2,??_os_start+3
  2730   001F34  CFDD F204          	movff	postdec2,??_os_start+4
  2731   001F38  5101               	movf	(??_os_start+1)& (0+255),w,b
  2732   001F3A  2503               	addwf	(??_os_start+3)& (0+255),w,b
  2733   001F3C  6F05               	movwf	(??_os_start+5)& (0+255),b
  2734   001F3E  5102               	movf	(??_os_start+2)& (0+255),w,b
  2735   001F40  2104               	addwfc	(??_os_start+4)& (0+255),w,b
  2736   001F42  6F06               	movwf	(??_os_start+6)& (0+255),b
  2737   001F44  0E18               	movlw	24
  2738   001F46  2505               	addwf	(??_os_start+5)& (0+255),w,b
  2739   001F48  6ED9               	movwf	fsr2l,c
  2740   001F4A  0E00               	movlw	0
  2741   001F4C  2106               	addwfc	(??_os_start+6)& (0+255),w,b
  2742   001F4E  6EDA               	movwf	fsr2h,c
  2743   001F50  50DF               	movf	indf2,w,c
  2744   001F52  6EFE               	movwf	254,c	;volatile
  2745   001F54                     
  2746                           ; BSR set to: 2
  2747   001F54  EE25  F046         	lfsr	2,_r_queue+271
  2748   001F58  EE10 F035          	lfsr	1,53
  2749   001F5C  50DE               	movf	postinc2,w,c
  2750   001F5E  26E1               	addwf	fsr1l,f,c
  2751   001F60  50DD               	movf	postdec2,w,c
  2752   001F62  22E2               	addwfc	fsr1h,f,c
  2753   001F64  50E7               	movf	indf1,w,c
  2754   001F66  6F00               	movwf	??_os_start& (0+255),b
  2755   001F68  5100               	movf	??_os_start& (0+255),w,b
  2756   001F6A  0D03               	mullw	3
  2757   001F6C  CFF3 F201          	movff	prodl,??_os_start+1
  2758   001F70  CFF4 F202          	movff	prodh,??_os_start+2
  2759   001F74  EE25  F046         	lfsr	2,_r_queue+271
  2760   001F78  CFDE F203          	movff	postinc2,??_os_start+3
  2761   001F7C  CFDD F204          	movff	postdec2,??_os_start+4
  2762   001F80  5101               	movf	(??_os_start+1)& (0+255),w,b
  2763   001F82  2503               	addwf	(??_os_start+3)& (0+255),w,b
  2764   001F84  6F05               	movwf	(??_os_start+5)& (0+255),b
  2765   001F86  5102               	movf	(??_os_start+2)& (0+255),w,b
  2766   001F88  2104               	addwfc	(??_os_start+4)& (0+255),w,b
  2767   001F8A  6F06               	movwf	(??_os_start+6)& (0+255),b
  2768   001F8C  0E19               	movlw	25
  2769   001F8E  2505               	addwf	(??_os_start+5)& (0+255),w,b
  2770   001F90  6ED9               	movwf	fsr2l,c
  2771   001F92  0E00               	movlw	0
  2772   001F94  2106               	addwfc	(??_os_start+6)& (0+255),w,b
  2773   001F96  6EDA               	movwf	fsr2h,c
  2774   001F98  50DF               	movf	indf2,w,c
  2775   001F9A  6EFF               	movwf	255,c	;volatile
  2776   001F9C                     
  2777                           ; BSR set to: 2
  2778   001F9C  EE25  F046         	lfsr	2,_r_queue+271
  2779   001FA0  EE10 F035          	lfsr	1,53
  2780   001FA4  50DE               	movf	postinc2,w,c
  2781   001FA6  26E1               	addwf	fsr1l,f,c
  2782   001FA8  50DD               	movf	postdec2,w,c
  2783   001FAA  22E2               	addwfc	fsr1h,f,c
  2784   001FAC  50E7               	movf	indf1,w,c
  2785   001FAE  A4D8               	btfss	status,2,c
  2786   001FB0  EFDC  F00F         	goto	u4631
  2787   001FB4  EFDE  F00F         	goto	u4630
  2788   001FB8                     u4631:
  2789   001FB8  EF57  F00F         	goto	l126
  2790   001FBC                     u4630:
  2791   001FBC  EF25  F010         	goto	l4594
  2792   001FC0                     l125:
  2793                           
  2794                           ; BSR set to: 2
  2795   001FC0  0005               	push		;# 
  2796   001FC2  EE25  F046         	lfsr	2,_r_queue+271
  2797   001FC6  EE10 F002          	lfsr	1,2
  2798   001FCA  50DE               	movf	postinc2,w,c
  2799   001FCC  26E1               	addwf	fsr1l,f,c
  2800   001FCE  50DD               	movf	postdec2,w,c
  2801   001FD0  22E2               	addwfc	fsr1h,f,c
  2802   001FD2  50E7               	movf	indf1,w,c
  2803   001FD4  6EFD               	movwf	253,c	;volatile
  2804   001FD6  EE25  F046         	lfsr	2,_r_queue+271
  2805   001FDA  EE10 F002          	lfsr	1,2
  2806   001FDE  50DE               	movf	postinc2,w,c
  2807   001FE0  26E1               	addwf	fsr1l,f,c
  2808   001FE2  50DD               	movf	postdec2,w,c
  2809   001FE4  22E2               	addwfc	fsr1h,f,c
  2810   001FE6  CFE6 F200          	movff	postinc1,??_os_start
  2811   001FEA  CFE5 F201          	movff	postdec1,??_os_start+1
  2812   001FEE  C200  F202         	movff	??_os_start,??_os_start+2
  2813   001FF2  C201  F203         	movff	??_os_start+1,??_os_start+3
  2814   001FF6  0102               	movlb	2	; () banked
  2815   001FF8  6B04               	clrf	(??_os_start+4)& (0+255),b
  2816   001FFA  C203  F202         	movff	??_os_start+3,??_os_start+2
  2817   001FFE  C204  F203         	movff	??_os_start+4,??_os_start+3
  2818   002002  6B04               	clrf	(??_os_start+4)& (0+255),b
  2819   002004  5102               	movf	(??_os_start+2)& (0+255),w,b
  2820   002006  6EFE               	movwf	254,c	;volatile
  2821   002008  0E10               	movlw	16
  2822   00200A  6F00               	movwf	??_os_start& (0+255),b
  2823   00200C  EE25  F046         	lfsr	2,_r_queue+271
  2824   002010  EE10 F002          	lfsr	1,2
  2825   002014  50DE               	movf	postinc2,w,c
  2826   002016  26E1               	addwf	fsr1l,f,c
  2827   002018  50DD               	movf	postdec2,w,c
  2828   00201A  22E2               	addwfc	fsr1h,f,c
  2829   00201C  CFE6 F201          	movff	postinc1,??_os_start+1
  2830   002020  CFE5 F202          	movff	postdec1,??_os_start+2
  2831   002024  C201  F203         	movff	??_os_start+1,??_os_start+3
  2832   002028  C202  F204         	movff	??_os_start+2,??_os_start+4
  2833   00202C  6B05               	clrf	(??_os_start+5)& (0+255),b
  2834   00202E  2900               	incf	??_os_start& (0+255),w,b
  2835   002030  6F06               	movwf	(??_os_start+6)& (0+255),b
  2836   002032  EF1F  F010         	goto	u4640
  2837   002036                     u4645:
  2838   002036  90D8               	bcf	status,0,c
  2839   002038  3305               	rrcf	(??_os_start+5)& (0+255),f,b
  2840   00203A  3304               	rrcf	(??_os_start+4)& (0+255),f,b
  2841   00203C  3303               	rrcf	(??_os_start+3)& (0+255),f,b
  2842   00203E                     u4640:
  2843   00203E  2F06               	decfsz	(??_os_start+6)& (0+255),f,b
  2844   002040  EF1B  F010         	goto	u4645
  2845   002044  0102               	movlb	2	; () banked
  2846   002046  5103               	movf	(??_os_start+3)& (0+255),w,b
  2847   002048  6EFF               	movwf	255,c	;volatile
  2848   00204A                     l4594:
  2849                           
  2850                           ; BSR set to: 2
  2851   00204A  0E05               	movlw	5
  2852   00204C  6E23               	movwf	_rr_quantum^0,c
  2853   00204E                     l4596:
  2854                           
  2855                           ;kernel.c: 85:     INTCONbits.GIE = 1;;
  2856   00204E  8EF2               	bsf	242,7,c	;volatile
  2857   002050  0012               	return		;funcret
  2858   002052                     __end_of_os_start:
  2859                           	callstack 0
  2860                           
  2861 ;; *************** function _setup_hardware *****************
  2862 ;; Defined at:
  2863 ;;		line 10 in file "hw.c"
  2864 ;; Parameters:    Size  Location     Type
  2865 ;;		None
  2866 ;; Auto vars:     Size  Location     Type
  2867 ;;		None
  2868 ;; Return value:  Size  Location     Type
  2869 ;;                  1    wreg      void 
  2870 ;; Registers used:
  2871 ;;		wreg, status,2
  2872 ;; Tracked objects:
  2873 ;;		On entry : 0/0
  2874 ;;		On exit  : 0/0
  2875 ;;		Unchanged: 0/0
  2876 ;; Data sizes:     COMRAM   BANK0   BANK1   BANK2   BANK3   BANK4   BANK5   BANK6   BANK7   BANK8   BANK9  BANK10  BANK1
      +1  BANK12  BANK13  BANK14  BANK15
  2877 ;;      Params:         0       0       0       0       0       0       0       0       0       0       0       0       
      +0       0       0       0       0
  2878 ;;      Locals:         0       0       0       0       0       0       0       0       0       0       0       0       
      +0       0       0       0       0
  2879 ;;      Temps:          0       0       0       0       0       0       0       0       0       0       0       0       
      +0       0       0       0       0
  2880 ;;      Totals:         0       0       0       0       0       0       0       0       0       0       0       0       
      +0       0       0       0       0
  2881 ;;Total ram usage:        0 bytes
  2882 ;; Hardware stack levels used: 1
  2883 ;; Hardware stack levels required when called: 10
  2884 ;; This function calls:
  2885 ;;		Nothing
  2886 ;; This function is called by:
  2887 ;;		_os_start
  2888 ;; This function uses a non-reentrant model
  2889 ;;
  2890                           
  2891                           	psect	text2
  2892   002E02                     __ptext2:
  2893                           	callstack 0
  2894   002E02                     _setup_hardware:
  2895                           	callstack 19
  2896   002E02                     
  2897                           ;hw.c: 13:     INTCONbits.TMR0IE = 1;
  2898   002E02  8AF2               	bsf	242,5,c	;volatile
  2899                           
  2900                           ;hw.c: 14:     INTCONbits.TMR0IF = 0;
  2901   002E04  94F2               	bcf	242,2,c	;volatile
  2902                           
  2903                           ;hw.c: 15:     T0CONbits.T08BIT = 1;
  2904   002E06  8CD5               	bsf	213,6,c	;volatile
  2905                           
  2906                           ;hw.c: 16:     T0CONbits.T0CS = 0;
  2907   002E08  9AD5               	bcf	213,5,c	;volatile
  2908                           
  2909                           ;hw.c: 17:     T0CONbits.PSA = 0;
  2910   002E0A  96D5               	bcf	213,3,c	;volatile
  2911   002E0C                     
  2912                           ;hw.c: 18:     T0CONbits.T0PS = 0b111;
  2913   002E0C  0E07               	movlw	7
  2914   002E0E  12D5               	iorwf	213,f,c	;volatile
  2915   002E10                     
  2916                           ;hw.c: 19:     T0CONbits.TMR0ON = 1;
  2917   002E10  8ED5               	bsf	213,7,c	;volatile
  2918                           
  2919                           ;hw.c: 20:     TMR0 = 0;
  2920   002E12  6AD7               	clrf	215,c	;volatile
  2921   002E14  0E00               	movlw	0
  2922   002E16  6ED6               	movwf	214,c	;volatile
  2923   002E18  0012               	return		;funcret
  2924   002E1A                     __end_of_setup_hardware:
  2925                           	callstack 0
  2926                           
  2927 ;; *************** function _scheduler *****************
  2928 ;; Defined at:
  2929 ;;		line 10 in file "scheduler.c"
  2930 ;; Parameters:    Size  Location     Type
  2931 ;;		None
  2932 ;; Auto vars:     Size  Location     Type
  2933 ;;		None
  2934 ;; Return value:  Size  Location     Type
  2935 ;;                  1    wreg      void 
  2936 ;; Registers used:
  2937 ;;		wreg, fsr2l, fsr2h, status,2, status,0, prodl, prodh, cstack
  2938 ;; Tracked objects:
  2939 ;;		On entry : 0/0
  2940 ;;		On exit  : 0/0
  2941 ;;		Unchanged: 0/0
  2942 ;; Data sizes:     COMRAM   BANK0   BANK1   BANK2   BANK3   BANK4   BANK5   BANK6   BANK7   BANK8   BANK9  BANK10  BANK1
      +1  BANK12  BANK13  BANK14  BANK15
  2943 ;;      Params:         0       0       0       0       0       0       0       0       0       0       0       0       
      +0       0       0       0       0
  2944 ;;      Locals:         0       0       0       0       0       0       0       0       0       0       0       0       
      +0       0       0       0       0
  2945 ;;      Temps:          0       0       3       0       0       0       0       0       0       0       0       0       
      +0       0       0       0       0
  2946 ;;      Totals:         0       0       3       0       0       0       0       0       0       0       0       0       
      +0       0       0       0       0
  2947 ;;Total ram usage:        3 bytes
  2948 ;; Hardware stack levels used: 1
  2949 ;; Hardware stack levels required when called: 12
  2950 ;; This function calls:
  2951 ;;		_rr_priority_scheduler
  2952 ;; This function is called by:
  2953 ;;		_os_start
  2954 ;;		_os_delay
  2955 ;;		_os_yield
  2956 ;;		_os_task_change_state
  2957 ;; This function uses a non-reentrant model
  2958 ;;
  2959                           
  2960                           	psect	text3
  2961   002CCC                     __ptext3:
  2962                           	callstack 0
  2963   002CCC                     _scheduler:
  2964                           	callstack 17
  2965   002CCC                     
  2966                           ;scheduler.c: 17:     r_queue.pos_task_running = rr_priority_scheduler();
  2967   002CCC  EC29  F010         	call	_rr_priority_scheduler	;wreg free
  2968   002CD0  0101               	movlb	1	; () banked
  2969   002CD2  6F85               	movwf	??_scheduler& (0+255),b
  2970   002CD4  C185  F548         	movff	??_scheduler,_r_queue+273
  2971   002CD8                     
  2972                           ; BSR set to: 1
  2973                           ;scheduler.c: 19:   r_queue.task_running = &r_queue.TASKS[r_queue.pos_task_running];
  2974   002CD8  C548  F185         	movff	_r_queue+273,??_scheduler
  2975   002CDC  5185               	movf	??_scheduler& (0+255),w,b
  2976   002CDE  0D36               	mullw	54
  2977   002CE0  0E37               	movlw	low _r_queue
  2978   002CE2  24F3               	addwf	243,w,c
  2979   002CE4  6F86               	movwf	(??_scheduler+1)& (0+255),b
  2980   002CE6  0E04               	movlw	high _r_queue
  2981   002CE8  20F4               	addwfc	prodh,w,c
  2982   002CEA  6F87               	movwf	(??_scheduler+2)& (0+255),b
  2983   002CEC  C186  F546         	movff	??_scheduler+1,_r_queue+271
  2984   002CF0  C187  F547         	movff	??_scheduler+2,_r_queue+272
  2985   002CF4                     
  2986                           ; BSR set to: 1
  2987   002CF4  0012               	return		;funcret
  2988   002CF6                     __end_of_scheduler:
  2989                           	callstack 0
  2990                           
  2991 ;; *************** function _rr_priority_scheduler *****************
  2992 ;; Defined at:
  2993 ;;		line 56 in file "scheduler.c"
  2994 ;; Parameters:    Size  Location     Type
  2995 ;;		None
  2996 ;; Auto vars:     Size  Location     Type
  2997 ;;  i               1  132[BANK1 ] unsigned char 
  2998 ;;  i               1  130[BANK1 ] unsigned char 
  2999 ;;  prox            1  131[BANK1 ] unsigned char 
  3000 ;;  max_priority    1  129[BANK1 ] unsigned char 
  3001 ;;  tentativas      1  128[BANK1 ] unsigned char 
  3002 ;; Return value:  Size  Location     Type
  3003 ;;                  1    wreg      unsigned char 
  3004 ;; Registers used:
  3005 ;;		wreg, fsr2l, fsr2h, status,2, status,0, prodl, prodh, cstack
  3006 ;; Tracked objects:
  3007 ;;		On entry : 0/0
  3008 ;;		On exit  : 0/0
  3009 ;;		Unchanged: 0/0
  3010 ;; Data sizes:     COMRAM   BANK0   BANK1   BANK2   BANK3   BANK4   BANK5   BANK6   BANK7   BANK8   BANK9  BANK10  BANK1
      +1  BANK12  BANK13  BANK14  BANK15
  3011 ;;      Params:         0       0       0       0       0       0       0       0       0       0       0       0       
      +0       0       0       0       0
  3012 ;;      Locals:         0       0       5       0       0       0       0       0       0       0       0       0       
      +0       0       0       0       0
  3013 ;;      Temps:          0       0       2       0       0       0       0       0       0       0       0       0       
      +0       0       0       0       0
  3014 ;;      Totals:         0       0       7       0       0       0       0       0       0       0       0       0       
      +0       0       0       0       0
  3015 ;;Total ram usage:        7 bytes
  3016 ;; Hardware stack levels used: 1
  3017 ;; Hardware stack levels required when called: 11
  3018 ;; This function calls:
  3019 ;;		___awmod
  3020 ;; This function is called by:
  3021 ;;		_scheduler
  3022 ;; This function uses a non-reentrant model
  3023 ;;
  3024                           
  3025                           	psect	text4
  3026   002052                     __ptext4:
  3027                           	callstack 0
  3028   002052                     _rr_priority_scheduler:
  3029                           	callstack 17
  3030   002052                     
  3031                           ;scheduler.c: 59:     uint8_t max_priority = 0;
  3032   002052  0101               	movlb	1	; () banked
  3033   002054  6B81               	clrf	rr_priority_scheduler@max_priority& (0+255),b
  3034                           
  3035                           ;scheduler.c: 60:     for (uint8_t i = 0; i < r_queue.size; i++) {
  3036   002056  6B82               	clrf	rr_priority_scheduler@i& (0+255),b
  3037   002058  EF6E  F010         	goto	l3268
  3038   00205C                     l3258:
  3039                           
  3040                           ; BSR set to: 1
  3041                           ;scheduler.c: 61:         if (r_queue.TASKS[i].task_state == READY && r_queue.TASKS[i].t
      +                          ask_ptr != idle) {
  3042   00205C  5182               	movf	rr_priority_scheduler@i& (0+255),w,b
  3043   00205E  0D36               	mullw	54
  3044   002060  0E38               	movlw	low (_r_queue+1)
  3045   002062  24F3               	addwf	243,w,c
  3046   002064  6ED9               	movwf	fsr2l,c
  3047   002066  0E04               	movlw	high (_r_queue+1)
  3048   002068  20F4               	addwfc	prodh,w,c
  3049   00206A  6EDA               	movwf	fsr2h,c
  3050   00206C  50DF               	movf	indf2,w,c
  3051   00206E  A4D8               	btfss	status,2,c
  3052   002070  EF3C  F010         	goto	u2791
  3053   002074  EF3E  F010         	goto	u2790
  3054   002078                     u2791:
  3055   002078  EF6D  F010         	goto	l3266
  3056   00207C                     u2790:
  3057   00207C                     
  3058                           ; BSR set to: 1
  3059   00207C  5182               	movf	rr_priority_scheduler@i& (0+255),w,b
  3060   00207E  0D36               	mullw	54
  3061   002080  0E39               	movlw	low (_r_queue+2)
  3062   002082  24F3               	addwf	243,w,c
  3063   002084  6ED9               	movwf	fsr2l,c
  3064   002086  0E04               	movlw	high (_r_queue+2)
  3065   002088  20F4               	addwfc	prodh,w,c
  3066   00208A  6EDA               	movwf	fsr2h,c
  3067   00208C  0E4A               	movlw	low _idle
  3068   00208E  18DE               	xorwf	postinc2,w,c
  3069   002090  E109               	bnz	u2800
  3070   002092  0E2D               	movlw	high _idle
  3071   002094  18DE               	xorwf	postinc2,w,c
  3072   002096  B4D8               	btfsc	status,2,c
  3073   002098  EF50  F010         	goto	u2801
  3074   00209C  EF52  F010         	goto	u2800
  3075   0020A0                     u2801:
  3076   0020A0  EF6D  F010         	goto	l3266
  3077   0020A4                     u2800:
  3078   0020A4                     
  3079                           ; BSR set to: 1
  3080                           ;scheduler.c: 62:             if (r_queue.TASKS[i].task_priority > max_priority) {
  3081   0020A4  5182               	movf	rr_priority_scheduler@i& (0+255),w,b
  3082   0020A6  0D36               	mullw	54
  3083   0020A8  0E3C               	movlw	low (_r_queue+5)
  3084   0020AA  24F3               	addwf	243,w,c
  3085   0020AC  6ED9               	movwf	fsr2l,c
  3086   0020AE  0E04               	movlw	high (_r_queue+5)
  3087   0020B0  20F4               	addwfc	prodh,w,c
  3088   0020B2  6EDA               	movwf	fsr2h,c
  3089   0020B4  50DE               	movf	postinc2,w,c
  3090   0020B6  5D81               	subwf	rr_priority_scheduler@max_priority& (0+255),w,b
  3091   0020B8  B0D8               	btfsc	status,0,c
  3092   0020BA  EF61  F010         	goto	u2811
  3093   0020BE  EF63  F010         	goto	u2810
  3094   0020C2                     u2811:
  3095   0020C2  EF6D  F010         	goto	l3266
  3096   0020C6                     u2810:
  3097   0020C6                     
  3098                           ; BSR set to: 1
  3099                           ;scheduler.c: 63:                 max_priority = r_queue.TASKS[i].task_priority;
  3100   0020C6  5182               	movf	rr_priority_scheduler@i& (0+255),w,b
  3101   0020C8  0D36               	mullw	54
  3102   0020CA  0E3C               	movlw	low (_r_queue+5)
  3103   0020CC  24F3               	addwf	243,w,c
  3104   0020CE  6ED9               	movwf	fsr2l,c
  3105   0020D0  0E04               	movlw	high (_r_queue+5)
  3106   0020D2  20F4               	addwfc	prodh,w,c
  3107   0020D4  6EDA               	movwf	fsr2h,c
  3108   0020D6  50DF               	movf	indf2,w,c
  3109   0020D8  6F81               	movwf	rr_priority_scheduler@max_priority& (0+255),b
  3110   0020DA                     l3266:
  3111                           
  3112                           ; BSR set to: 1
  3113                           ;scheduler.c: 66:     }
  3114   0020DA  2B82               	incf	rr_priority_scheduler@i& (0+255),f,b
  3115   0020DC                     l3268:
  3116                           
  3117                           ; BSR set to: 1
  3118   0020DC  EE25  F045         	lfsr	2,_r_queue+270
  3119   0020E0  50DE               	movf	postinc2,w,c
  3120   0020E2  5D82               	subwf	rr_priority_scheduler@i& (0+255),w,b
  3121   0020E4  A0D8               	btfss	status,0,c
  3122   0020E6  EF77  F010         	goto	u2821
  3123   0020EA  EF79  F010         	goto	u2820
  3124   0020EE                     u2821:
  3125   0020EE  EF2E  F010         	goto	l3258
  3126   0020F2                     u2820:
  3127   0020F2                     
  3128                           ; BSR set to: 1
  3129                           ;scheduler.c: 69:     uint8_t prox = r_queue.pos_task_running;
  3130   0020F2  C548  F183         	movff	_r_queue+273,rr_priority_scheduler@prox
  3131                           
  3132                           ;scheduler.c: 70:     uint8_t tentativas = 0;
  3133   0020F6  6B80               	clrf	rr_priority_scheduler@tentativas& (0+255),b
  3134   0020F8                     l3270:
  3135                           
  3136                           ; BSR set to: 1
  3137                           ;scheduler.c: 73:         prox = (prox + 1) % r_queue.size;
  3138   0020F8  0E01               	movlw	1
  3139   0020FA  2583               	addwf	rr_priority_scheduler@prox& (0+255),w,b
  3140   0020FC  6F78               	movwf	___awmod@dividend& (0+255),b
  3141   0020FE  6B79               	clrf	(___awmod@dividend+1)& (0+255),b
  3142   002100  0E00               	movlw	0
  3143   002102  2379               	addwfc	(___awmod@dividend+1)& (0+255),f,b
  3144   002104  C545  F17E         	movff	_r_queue+270,??_rr_priority_scheduler
  3145   002108  517E               	movf	??_rr_priority_scheduler& (0+255),w,b
  3146   00210A  6F7A               	movwf	___awmod@divisor& (0+255),b
  3147   00210C  6B7B               	clrf	(___awmod@divisor+1)& (0+255),b
  3148   00210E  EC5C  F013         	call	___awmod	;wreg free
  3149   002112  0101               	movlb	1	; () banked
  3150   002114  5178               	movf	?___awmod& (0+255),w,b
  3151   002116  6F83               	movwf	rr_priority_scheduler@prox& (0+255),b
  3152   002118                     
  3153                           ; BSR set to: 1
  3154                           ;scheduler.c: 74:         tentativas++;
  3155   002118  2B80               	incf	rr_priority_scheduler@tentativas& (0+255),f,b
  3156   00211A                     
  3157                           ; BSR set to: 1
  3158                           ;scheduler.c: 75:         if (tentativas >= r_queue.size) {
  3159   00211A  EE25  F045         	lfsr	2,_r_queue+270
  3160   00211E  50DE               	movf	postinc2,w,c
  3161   002120  5D80               	subwf	rr_priority_scheduler@tentativas& (0+255),w,b
  3162   002122  A0D8               	btfss	status,0,c
  3163   002124  EF96  F010         	goto	u2831
  3164   002128  EF98  F010         	goto	u2830
  3165   00212C                     u2831:
  3166   00212C  EFE2  F010         	goto	l3296
  3167   002130                     u2830:
  3168   002130                     
  3169                           ; BSR set to: 1
  3170                           ;scheduler.c: 77:             for (uint8_t i = 0; i < r_queue.size; i++) {
  3171   002130  6B84               	clrf	rr_priority_scheduler@i_1520& (0+255),b
  3172   002132  EFD4  F010         	goto	l3290
  3173   002136                     l3278:
  3174                           
  3175                           ; BSR set to: 1
  3176                           ;scheduler.c: 78:                 if (r_queue.TASKS[i].task_state == READY && r_queue.TA
      +                          SKS[i].task_priority == max_priority && r_queue.TASKS[i].task_ptr != idle) {
  3177   002136  5184               	movf	rr_priority_scheduler@i_1520& (0+255),w,b
  3178   002138  0D36               	mullw	54
  3179   00213A  0E38               	movlw	low (_r_queue+1)
  3180   00213C  24F3               	addwf	243,w,c
  3181   00213E  6ED9               	movwf	fsr2l,c
  3182   002140  0E04               	movlw	high (_r_queue+1)
  3183   002142  20F4               	addwfc	prodh,w,c
  3184   002144  6EDA               	movwf	fsr2h,c
  3185   002146  50DF               	movf	indf2,w,c
  3186   002148  A4D8               	btfss	status,2,c
  3187   00214A  EFA9  F010         	goto	u2841
  3188   00214E  EFAB  F010         	goto	u2840
  3189   002152                     u2841:
  3190   002152  EFD3  F010         	goto	l3288
  3191   002156                     u2840:
  3192   002156                     
  3193                           ; BSR set to: 1
  3194   002156  5184               	movf	rr_priority_scheduler@i_1520& (0+255),w,b
  3195   002158  0D36               	mullw	54
  3196   00215A  0E3C               	movlw	low (_r_queue+5)
  3197   00215C  24F3               	addwf	243,w,c
  3198   00215E  6ED9               	movwf	fsr2l,c
  3199   002160  0E04               	movlw	high (_r_queue+5)
  3200   002162  20F4               	addwfc	prodh,w,c
  3201   002164  6EDA               	movwf	fsr2h,c
  3202   002166  5181               	movf	rr_priority_scheduler@max_priority& (0+255),w,b
  3203   002168  18DE               	xorwf	postinc2,w,c
  3204   00216A  A4D8               	btfss	status,2,c
  3205   00216C  EFBA  F010         	goto	u2851
  3206   002170  EFBC  F010         	goto	u2850
  3207   002174                     u2851:
  3208   002174  EFD3  F010         	goto	l3288
  3209   002178                     u2850:
  3210   002178                     
  3211                           ; BSR set to: 1
  3212   002178  5184               	movf	rr_priority_scheduler@i_1520& (0+255),w,b
  3213   00217A  0D36               	mullw	54
  3214   00217C  0E39               	movlw	low (_r_queue+2)
  3215   00217E  24F3               	addwf	243,w,c
  3216   002180  6ED9               	movwf	fsr2l,c
  3217   002182  0E04               	movlw	high (_r_queue+2)
  3218   002184  20F4               	addwfc	prodh,w,c
  3219   002186  6EDA               	movwf	fsr2h,c
  3220   002188  0E4A               	movlw	low _idle
  3221   00218A  18DE               	xorwf	postinc2,w,c
  3222   00218C  E109               	bnz	u2860
  3223   00218E  0E2D               	movlw	high _idle
  3224   002190  18DE               	xorwf	postinc2,w,c
  3225   002192  B4D8               	btfsc	status,2,c
  3226   002194  EFCE  F010         	goto	u2861
  3227   002198  EFD0  F010         	goto	u2860
  3228   00219C                     u2861:
  3229   00219C  EFD3  F010         	goto	l3288
  3230   0021A0                     u2860:
  3231   0021A0                     
  3232                           ; BSR set to: 1
  3233                           ;scheduler.c: 79:                     return i;
  3234   0021A0  5184               	movf	rr_priority_scheduler@i_1520& (0+255),w,b
  3235   0021A2  EF18  F011         	goto	l489
  3236   0021A6                     l3288:
  3237                           
  3238                           ; BSR set to: 1
  3239                           ;scheduler.c: 81:             }
  3240   0021A6  2B84               	incf	rr_priority_scheduler@i_1520& (0+255),f,b
  3241   0021A8                     l3290:
  3242                           
  3243                           ; BSR set to: 1
  3244   0021A8  EE25  F045         	lfsr	2,_r_queue+270
  3245   0021AC  50DE               	movf	postinc2,w,c
  3246   0021AE  5D84               	subwf	rr_priority_scheduler@i_1520& (0+255),w,b
  3247   0021B0  A0D8               	btfss	status,0,c
  3248   0021B2  EFDD  F010         	goto	u2871
  3249   0021B6  EFDF  F010         	goto	u2870
  3250   0021BA                     u2871:
  3251   0021BA  EF9B  F010         	goto	l3278
  3252   0021BE                     u2870:
  3253   0021BE                     
  3254                           ; BSR set to: 1
  3255                           ;scheduler.c: 82:             return 0;
  3256   0021BE  0E00               	movlw	0
  3257   0021C0  EF18  F011         	goto	l489
  3258   0021C4                     l3296:
  3259                           
  3260                           ; BSR set to: 1
  3261                           ;scheduler.c: 84:     } while (!(r_queue.TASKS[prox].task_state == READY && r_queue.TASK
      +                          S[prox].task_priority == max_priority && r_queue.TASKS[prox].task_ptr != idle));
  3262   0021C4  5183               	movf	rr_priority_scheduler@prox& (0+255),w,b
  3263   0021C6  0D36               	mullw	54
  3264   0021C8  0E38               	movlw	low (_r_queue+1)
  3265   0021CA  24F3               	addwf	243,w,c
  3266   0021CC  6ED9               	movwf	fsr2l,c
  3267   0021CE  0E04               	movlw	high (_r_queue+1)
  3268   0021D0  20F4               	addwfc	prodh,w,c
  3269   0021D2  6EDA               	movwf	fsr2h,c
  3270   0021D4  50DF               	movf	indf2,w,c
  3271   0021D6  A4D8               	btfss	status,2,c
  3272   0021D8  EFF0  F010         	goto	u2881
  3273   0021DC  EFF2  F010         	goto	u2880
  3274   0021E0                     u2881:
  3275   0021E0  EF7C  F010         	goto	l3270
  3276   0021E4                     u2880:
  3277   0021E4                     
  3278                           ; BSR set to: 1
  3279   0021E4  5183               	movf	rr_priority_scheduler@prox& (0+255),w,b
  3280   0021E6  0D36               	mullw	54
  3281   0021E8  0E3C               	movlw	low (_r_queue+5)
  3282   0021EA  24F3               	addwf	243,w,c
  3283   0021EC  6ED9               	movwf	fsr2l,c
  3284   0021EE  0E04               	movlw	high (_r_queue+5)
  3285   0021F0  20F4               	addwfc	prodh,w,c
  3286   0021F2  6EDA               	movwf	fsr2h,c
  3287   0021F4  5181               	movf	rr_priority_scheduler@max_priority& (0+255),w,b
  3288   0021F6  18DE               	xorwf	postinc2,w,c
  3289   0021F8  A4D8               	btfss	status,2,c
  3290   0021FA  EF01  F011         	goto	u2891
  3291   0021FE  EF03  F011         	goto	u2890
  3292   002202                     u2891:
  3293   002202  EF7C  F010         	goto	l3270
  3294   002206                     u2890:
  3295   002206                     
  3296                           ; BSR set to: 1
  3297   002206  5183               	movf	rr_priority_scheduler@prox& (0+255),w,b
  3298   002208  0D36               	mullw	54
  3299   00220A  0E39               	movlw	low (_r_queue+2)
  3300   00220C  24F3               	addwf	243,w,c
  3301   00220E  6ED9               	movwf	fsr2l,c
  3302   002210  0E04               	movlw	high (_r_queue+2)
  3303   002212  20F4               	addwfc	prodh,w,c
  3304   002214  6EDA               	movwf	fsr2h,c
  3305   002216  0E4A               	movlw	low _idle
  3306   002218  18DE               	xorwf	postinc2,w,c
  3307   00221A  E109               	bnz	u2900
  3308   00221C  0E2D               	movlw	high _idle
  3309   00221E  18DE               	xorwf	postinc2,w,c
  3310   002220  B4D8               	btfsc	status,2,c
  3311   002222  EF15  F011         	goto	u2901
  3312   002226  EF17  F011         	goto	u2900
  3313   00222A                     u2901:
  3314   00222A  EF7C  F010         	goto	l3270
  3315   00222E                     u2900:
  3316   00222E                     
  3317                           ; BSR set to: 1
  3318                           ;scheduler.c: 86:     return prox;
  3319   00222E  5183               	movf	rr_priority_scheduler@prox& (0+255),w,b
  3320   002230                     l489:
  3321                           
  3322                           ; BSR set to: 1
  3323   002230  0012               	return		;funcret
  3324   002232                     __end_of_rr_priority_scheduler:
  3325                           	callstack 0
  3326                           
  3327 ;; *************** function ___awmod *****************
  3328 ;; Defined at:
  3329 ;;		line 7 in file "C:\Program Files\Microchip\xc8\v3.10\pic\sources\c99\common\awmod.c"
  3330 ;; Parameters:    Size  Location     Type
  3331 ;;  dividend        2  120[BANK1 ] int 
  3332 ;;  divisor         2  122[BANK1 ] int 
  3333 ;; Auto vars:     Size  Location     Type
  3334 ;;  sign            1  125[BANK1 ] unsigned char 
  3335 ;;  counter         1  124[BANK1 ] unsigned char 
  3336 ;; Return value:  Size  Location     Type
  3337 ;;                  2  120[BANK1 ] int 
  3338 ;; Registers used:
  3339 ;;		wreg, status,2, status,0
  3340 ;; Tracked objects:
  3341 ;;		On entry : 0/0
  3342 ;;		On exit  : 0/0
  3343 ;;		Unchanged: 0/0
  3344 ;; Data sizes:     COMRAM   BANK0   BANK1   BANK2   BANK3   BANK4   BANK5   BANK6   BANK7   BANK8   BANK9  BANK10  BANK1
      +1  BANK12  BANK13  BANK14  BANK15
  3345 ;;      Params:         0       0       4       0       0       0       0       0       0       0       0       0       
      +0       0       0       0       0
  3346 ;;      Locals:         0       0       2       0       0       0       0       0       0       0       0       0       
      +0       0       0       0       0
  3347 ;;      Temps:          0       0       0       0       0       0       0       0       0       0       0       0       
      +0       0       0       0       0
  3348 ;;      Totals:         0       0       6       0       0       0       0       0       0       0       0       0       
      +0       0       0       0       0
  3349 ;;Total ram usage:        6 bytes
  3350 ;; Hardware stack levels used: 1
  3351 ;; Hardware stack levels required when called: 10
  3352 ;; This function calls:
  3353 ;;		Nothing
  3354 ;; This function is called by:
  3355 ;;		_rr_priority_scheduler
  3356 ;;		_RR_scheduler
  3357 ;;		_priority_scheduler
  3358 ;; This function uses a non-reentrant model
  3359 ;;
  3360                           
  3361                           	psect	text5
  3362   0026B8                     __ptext5:
  3363                           	callstack 0
  3364   0026B8                     ___awmod:
  3365                           	callstack 17
  3366   0026B8  0101               	movlb	1	; () banked
  3367   0026BA  6B7D               	clrf	___awmod@sign& (0+255),b
  3368   0026BC                     
  3369                           ; BSR set to: 1
  3370   0026BC  BF79               	btfsc	(___awmod@dividend+1)& (0+255),7,b
  3371   0026BE  EF65  F013         	goto	u2610
  3372   0026C2  EF63  F013         	goto	u2611
  3373   0026C6                     u2611:
  3374   0026C6  EF6B  F013         	goto	l3150
  3375   0026CA                     u2610:
  3376   0026CA                     
  3377                           ; BSR set to: 1
  3378   0026CA  6D78               	negf	___awmod@dividend& (0+255),b
  3379   0026CC  1F79               	comf	(___awmod@dividend+1)& (0+255),f,b
  3380   0026CE  B0D8               	btfsc	status,0,c
  3381   0026D0  2B79               	incf	(___awmod@dividend+1)& (0+255),f,b
  3382   0026D2                     
  3383                           ; BSR set to: 1
  3384   0026D2  0E01               	movlw	1
  3385   0026D4  6F7D               	movwf	___awmod@sign& (0+255),b
  3386   0026D6                     l3150:
  3387                           
  3388                           ; BSR set to: 1
  3389   0026D6  BF7B               	btfsc	(___awmod@divisor+1)& (0+255),7,b
  3390   0026D8  EF72  F013         	goto	u2620
  3391   0026DC  EF70  F013         	goto	u2621
  3392   0026E0                     u2621:
  3393   0026E0  EF76  F013         	goto	l3154
  3394   0026E4                     u2620:
  3395   0026E4                     
  3396                           ; BSR set to: 1
  3397   0026E4  6D7A               	negf	___awmod@divisor& (0+255),b
  3398   0026E6  1F7B               	comf	(___awmod@divisor+1)& (0+255),f,b
  3399   0026E8  B0D8               	btfsc	status,0,c
  3400   0026EA  2B7B               	incf	(___awmod@divisor+1)& (0+255),f,b
  3401   0026EC                     l3154:
  3402                           
  3403                           ; BSR set to: 1
  3404   0026EC  517A               	movf	___awmod@divisor& (0+255),w,b
  3405   0026EE  117B               	iorwf	(___awmod@divisor+1)& (0+255),w,b
  3406   0026F0  B4D8               	btfsc	status,2,c
  3407   0026F2  EF7D  F013         	goto	u2631
  3408   0026F6  EF7F  F013         	goto	u2630
  3409   0026FA                     u2631:
  3410   0026FA  EFA3  F013         	goto	l3170
  3411   0026FE                     u2630:
  3412   0026FE                     
  3413                           ; BSR set to: 1
  3414   0026FE  0E01               	movlw	1
  3415   002700  6F7C               	movwf	___awmod@counter& (0+255),b
  3416   002702  EF87  F013         	goto	l3160
  3417   002706                     l3158:
  3418                           
  3419                           ; BSR set to: 1
  3420   002706  90D8               	bcf	status,0,c
  3421   002708  377A               	rlcf	___awmod@divisor& (0+255),f,b
  3422   00270A  377B               	rlcf	(___awmod@divisor+1)& (0+255),f,b
  3423   00270C  2B7C               	incf	___awmod@counter& (0+255),f,b
  3424   00270E                     l3160:
  3425                           
  3426                           ; BSR set to: 1
  3427   00270E  AF7B               	btfss	(___awmod@divisor+1)& (0+255),7,b
  3428   002710  EF8C  F013         	goto	u2641
  3429   002714  EF8E  F013         	goto	u2640
  3430   002718                     u2641:
  3431   002718  EF83  F013         	goto	l3158
  3432   00271C                     u2640:
  3433   00271C                     l3162:
  3434                           
  3435                           ; BSR set to: 1
  3436   00271C  517A               	movf	___awmod@divisor& (0+255),w,b
  3437   00271E  5D78               	subwf	___awmod@dividend& (0+255),w,b
  3438   002720  517B               	movf	(___awmod@divisor+1)& (0+255),w,b
  3439   002722  5979               	subwfb	(___awmod@dividend+1)& (0+255),w,b
  3440   002724  A0D8               	btfss	status,0,c
  3441   002726  EF97  F013         	goto	u2651
  3442   00272A  EF99  F013         	goto	u2650
  3443   00272E                     u2651:
  3444   00272E  EF9D  F013         	goto	l3166
  3445   002732                     u2650:
  3446   002732                     
  3447                           ; BSR set to: 1
  3448   002732  517A               	movf	___awmod@divisor& (0+255),w,b
  3449   002734  5F78               	subwf	___awmod@dividend& (0+255),f,b
  3450   002736  517B               	movf	(___awmod@divisor+1)& (0+255),w,b
  3451   002738  5B79               	subwfb	(___awmod@dividend+1)& (0+255),f,b
  3452   00273A                     l3166:
  3453                           
  3454                           ; BSR set to: 1
  3455   00273A  90D8               	bcf	status,0,c
  3456   00273C  337B               	rrcf	(___awmod@divisor+1)& (0+255),f,b
  3457   00273E  337A               	rrcf	___awmod@divisor& (0+255),f,b
  3458   002740                     
  3459                           ; BSR set to: 1
  3460   002740  2F7C               	decfsz	___awmod@counter& (0+255),f,b
  3461   002742  EF8E  F013         	goto	l3162
  3462   002746                     l3170:
  3463                           
  3464                           ; BSR set to: 1
  3465   002746  517D               	movf	___awmod@sign& (0+255),w,b
  3466   002748  B4D8               	btfsc	status,2,c
  3467   00274A  EFA9  F013         	goto	u2661
  3468   00274E  EFAB  F013         	goto	u2660
  3469   002752                     u2661:
  3470   002752  EFAF  F013         	goto	l3174
  3471   002756                     u2660:
  3472   002756                     
  3473                           ; BSR set to: 1
  3474   002756  6D78               	negf	___awmod@dividend& (0+255),b
  3475   002758  1F79               	comf	(___awmod@dividend+1)& (0+255),f,b
  3476   00275A  B0D8               	btfsc	status,0,c
  3477   00275C  2B79               	incf	(___awmod@dividend+1)& (0+255),f,b
  3478   00275E                     l3174:
  3479                           
  3480                           ; BSR set to: 1
  3481   00275E  C178  F178         	movff	___awmod@dividend,?___awmod
  3482   002762  C179  F179         	movff	___awmod@dividend+1,?___awmod+1
  3483   002766                     
  3484                           ; BSR set to: 1
  3485   002766  0012               	return		;funcret
  3486   002768                     __end_of___awmod:
  3487                           	callstack 0
  3488                           
  3489 ;; *************** function _os_config *****************
  3490 ;; Defined at:
  3491 ;;		line 68 in file "kernel.c"
  3492 ;; Parameters:    Size  Location     Type
  3493 ;;		None
  3494 ;; Auto vars:     Size  Location     Type
  3495 ;;		None
  3496 ;; Return value:  Size  Location     Type
  3497 ;;                  1    wreg      void 
  3498 ;; Registers used:
  3499 ;;		wreg, fsr1l, fsr1h, fsr2l, fsr2h, status,2, status,0, prodl, prodh, cstack
  3500 ;; Tracked objects:
  3501 ;;		On entry : 0/0
  3502 ;;		On exit  : 0/0
  3503 ;;		Unchanged: 0/0
  3504 ;; Data sizes:     COMRAM   BANK0   BANK1   BANK2   BANK3   BANK4   BANK5   BANK6   BANK7   BANK8   BANK9  BANK10  BANK1
      +1  BANK12  BANK13  BANK14  BANK15
  3505 ;;      Params:         0       0       0       0       0       0       0       0       0       0       0       0       
      +0       0       0       0       0
  3506 ;;      Locals:         0       0       0       0       0       0       0       0       0       0       0       0       
      +0       0       0       0       0
  3507 ;;      Temps:          0       0       0       0       0       0       0       0       0       0       0       0       
      +0       0       0       0       0
  3508 ;;      Totals:         0       0       0       0       0       0       0       0       0       0       0       0       
      +0       0       0       0       0
  3509 ;;Total ram usage:        0 bytes
  3510 ;; Hardware stack levels used: 1
  3511 ;; Hardware stack levels required when called: 13
  3512 ;; This function calls:
  3513 ;;		_config_user
  3514 ;;		_os_create_task
  3515 ;; This function is called by:
  3516 ;;		_main
  3517 ;; This function uses a non-reentrant model
  3518 ;;
  3519                           
  3520                           	psect	text6
  3521   002C6A                     __ptext6:
  3522                           	callstack 0
  3523   002C6A                     _os_config:
  3524                           	callstack 17
  3525   002C6A                     
  3526                           ;kernel.c: 70:     r_queue.size = 0;
  3527   002C6A  0E00               	movlw	0
  3528   002C6C  CFE8 F545          	movff	wreg,_r_queue+270
  3529                           
  3530                           ;kernel.c: 71:     r_queue.task_running = &r_queue.TASKS[0];
  3531   002C70  0E37               	movlw	low _r_queue
  3532   002C72  CFE8 F546          	movff	wreg,_r_queue+271
  3533   002C76  0E04               	movlw	high _r_queue
  3534   002C78  CFE8 F547          	movff	wreg,_r_queue+272
  3535                           
  3536                           ;kernel.c: 72:     r_queue.pos_task_running = 0;
  3537   002C7C  0E00               	movlw	0
  3538   002C7E  CFE8 F548          	movff	wreg,_r_queue+273
  3539   002C82                     
  3540                           ;kernel.c: 75:     os_create_task(1, idle, 0);
  3541   002C82  0E4A               	movlw	low _idle
  3542   002C84  0101               	movlb	1	; () banked
  3543   002C86  6F78               	movwf	os_create_task@func& (0+255),b
  3544   002C88  0E2D               	movlw	high _idle
  3545   002C8A  6F79               	movwf	(os_create_task@func+1)& (0+255),b
  3546   002C8C  0E00               	movlw	0
  3547   002C8E  6F7A               	movwf	os_create_task@prior& (0+255),b
  3548   002C90  0E01               	movlw	1
  3549   002C92  ECA6  F014         	call	_os_create_task
  3550   002C96                     
  3551                           ;kernel.c: 77:     config_user();
  3552   002C96  EC19  F016         	call	_config_user	;wreg free
  3553   002C9A  0012               	return		;funcret
  3554   002C9C                     __end_of_os_config:
  3555                           	callstack 0
  3556                           
  3557 ;; *************** function _os_create_task *****************
  3558 ;; Defined at:
  3559 ;;		line 24 in file "kernel.c"
  3560 ;; Parameters:    Size  Location     Type
  3561 ;;  id              1    wreg     unsigned char 
  3562 ;;  func            2  120[BANK1 ] PTR FTN()void 
  3563 ;;		 -> idle(1), task_blink4(1), task_blink3(1), task_blink2(1), 
  3564 ;;		 -> task_blink1(1), 
  3565 ;;  prior           1  122[BANK1 ] unsigned char 
  3566 ;; Auto vars:     Size  Location     Type
  3567 ;;  id              1    0[BANK2 ] unsigned char 
  3568 ;;  new_task       54    1[BANK2 ] struct tcb
  3569 ;; Return value:  Size  Location     Type
  3570 ;;                  1    wreg      void 
  3571 ;; Registers used:
  3572 ;;		wreg, fsr1l, fsr1h, fsr2l, fsr2h, status,2, status,0, prodl, prodh
  3573 ;; Tracked objects:
  3574 ;;		On entry : 0/0
  3575 ;;		On exit  : 0/0
  3576 ;;		Unchanged: 0/0
  3577 ;; Data sizes:     COMRAM   BANK0   BANK1   BANK2   BANK3   BANK4   BANK5   BANK6   BANK7   BANK8   BANK9  BANK10  BANK1
      +1  BANK12  BANK13  BANK14  BANK15
  3578 ;;      Params:         0       0       3       0       0       0       0       0       0       0       0       0       
      +0       0       0       0       0
  3579 ;;      Locals:         0       0       0      55       0       0       0       0       0       0       0       0       
      +0       0       0       0       0
  3580 ;;      Temps:          0       0       1       0       0       0       0       0       0       0       0       0       
      +0       0       0       0       0
  3581 ;;      Totals:         0       0       4      55       0       0       0       0       0       0       0       0       
      +0       0       0       0       0
  3582 ;;Total ram usage:       59 bytes
  3583 ;; Hardware stack levels used: 1
  3584 ;; Hardware stack levels required when called: 10
  3585 ;; This function calls:
  3586 ;;		Nothing
  3587 ;; This function is called by:
  3588 ;;		_main
  3589 ;;		_os_config
  3590 ;; This function uses a non-reentrant model
  3591 ;;
  3592                           
  3593                           	psect	text7
  3594   00294C                     __ptext7:
  3595                           	callstack 0
  3596   00294C                     _os_create_task:
  3597                           	callstack 19
  3598                           
  3599                           ;incstack = 0
  3600                           ;os_create_task@id stored from wreg
  3601   00294C  0102               	movlb	2	; () banked
  3602   00294E  6F00               	movwf	os_create_task@id& (0+255),b
  3603   002950                     
  3604                           ;kernel.c: 24: void os_create_task(uint8_t id, f_ptr func, uint8_t prior);kernel.c: 25: 
      +                          {;kernel.c: 26:     tcb_t new_task;;kernel.c: 28:     new_task.task_id = id;
  3605   002950  C200  F201         	movff	os_create_task@id,os_create_task@new_task
  3606   002954                     
  3607                           ;kernel.c: 29:     new_task.task_delay = 0;
  3608   002954  0102               	movlb	2	; () banked
  3609   002956  6B05               	clrf	(os_create_task@new_task+4)& (0+255),b
  3610   002958                     
  3611                           ; BSR set to: 2
  3612                           ;kernel.c: 30:     new_task.task_priority = prior;
  3613   002958  C17A  F206         	movff	os_create_task@prior,os_create_task@new_task+5
  3614   00295C                     
  3615                           ; BSR set to: 2
  3616                           ;kernel.c: 31:     new_task.task_ptr = func;
  3617   00295C  C178  F203         	movff	os_create_task@func,os_create_task@new_task+2
  3618   002960  C179  F204         	movff	os_create_task@func+1,os_create_task@new_task+3
  3619   002964                     
  3620                           ; BSR set to: 2
  3621                           ;kernel.c: 32:     new_task.task_state = READY;
  3622   002964  6B02               	clrf	(os_create_task@new_task+1)& (0+255),b
  3623   002966                     
  3624                           ; BSR set to: 2
  3625                           ;kernel.c: 34:     new_task.BSR_REG = 0;
  3626   002966  6B09               	clrf	(os_create_task@new_task+8)& (0+255),b
  3627   002968                     
  3628                           ; BSR set to: 2
  3629                           ;kernel.c: 35:     new_task.FSR0H_REG = 0;
  3630   002968  6B0D               	clrf	(os_create_task@new_task+12)& (0+255),b
  3631   00296A                     
  3632                           ; BSR set to: 2
  3633                           ;kernel.c: 36:     new_task.FSR0L_REG = 0;
  3634   00296A  6B0C               	clrf	(os_create_task@new_task+11)& (0+255),b
  3635   00296C                     
  3636                           ; BSR set to: 2
  3637                           ;kernel.c: 37:     new_task.FSR1H_REG = 0;
  3638   00296C  6B0F               	clrf	(os_create_task@new_task+14)& (0+255),b
  3639   00296E                     
  3640                           ; BSR set to: 2
  3641                           ;kernel.c: 38:     new_task.FSR1L_REG = 0;
  3642   00296E  6B0E               	clrf	(os_create_task@new_task+13)& (0+255),b
  3643   002970                     
  3644                           ; BSR set to: 2
  3645                           ;kernel.c: 39:     new_task.FSR2H_REG = 0;
  3646   002970  6B11               	clrf	(os_create_task@new_task+16)& (0+255),b
  3647   002972                     
  3648                           ; BSR set to: 2
  3649                           ;kernel.c: 40:     new_task.FSR2L_REG = 0;
  3650   002972  6B10               	clrf	(os_create_task@new_task+15)& (0+255),b
  3651   002974                     
  3652                           ; BSR set to: 2
  3653                           ;kernel.c: 41:     new_task.PCLATH_REG = 0;
  3654   002974  6B16               	clrf	(os_create_task@new_task+21)& (0+255),b
  3655   002976                     
  3656                           ; BSR set to: 2
  3657                           ;kernel.c: 42:     new_task.PCLATU_REG = 0;
  3658   002976  6B17               	clrf	(os_create_task@new_task+22)& (0+255),b
  3659   002978                     
  3660                           ; BSR set to: 2
  3661                           ;kernel.c: 43:     new_task.PRODH_REG = 0;
  3662   002978  6B0B               	clrf	(os_create_task@new_task+10)& (0+255),b
  3663   00297A                     
  3664                           ; BSR set to: 2
  3665                           ;kernel.c: 44:     new_task.PRODL_REG = 0;
  3666   00297A  6B0A               	clrf	(os_create_task@new_task+9)& (0+255),b
  3667   00297C                     
  3668                           ; BSR set to: 2
  3669                           ;kernel.c: 45:     new_task.STATUS_REG = 0;
  3670   00297C  6B08               	clrf	(os_create_task@new_task+7)& (0+255),b
  3671   00297E                     
  3672                           ; BSR set to: 2
  3673                           ;kernel.c: 46:     new_task.TABLAT_REG = 0;
  3674   00297E  6B12               	clrf	(os_create_task@new_task+17)& (0+255),b
  3675   002980                     
  3676                           ; BSR set to: 2
  3677                           ;kernel.c: 47:     new_task.TBLPTRH_REG = 0;
  3678   002980  6B14               	clrf	(os_create_task@new_task+19)& (0+255),b
  3679   002982                     
  3680                           ; BSR set to: 2
  3681                           ;kernel.c: 48:     new_task.TBLPTRL_REG = 0;
  3682   002982  6B13               	clrf	(os_create_task@new_task+18)& (0+255),b
  3683   002984                     
  3684                           ; BSR set to: 2
  3685                           ;kernel.c: 49:     new_task.TBLPTRU_REG = 0;
  3686   002984  6B15               	clrf	(os_create_task@new_task+20)& (0+255),b
  3687   002986                     
  3688                           ; BSR set to: 2
  3689                           ;kernel.c: 50:     new_task.W_REG = 0;
  3690   002986  6B07               	clrf	(os_create_task@new_task+6)& (0+255),b
  3691   002988                     
  3692                           ; BSR set to: 2
  3693                           ;kernel.c: 51:     new_task.task_stack.stack_size = 0;
  3694   002988  6B36               	clrf	(os_create_task@new_task+53)& (0+255),b
  3695   00298A                     
  3696                           ; BSR set to: 2
  3697                           ;kernel.c: 54:     r_queue.TASKS[r_queue.size++] = new_task;
  3698   00298A  EE22  F001         	lfsr	2,os_create_task@new_task
  3699   00298E  C545  F17B         	movff	_r_queue+270,??_os_create_task
  3700   002992  0101               	movlb	1	; () banked
  3701   002994  517B               	movf	??_os_create_task& (0+255),w,b
  3702   002996  0D36               	mullw	54
  3703   002998  0E37               	movlw	low _r_queue
  3704   00299A  24F3               	addwf	243,w,c
  3705   00299C  6EE1               	movwf	fsr1l,c
  3706   00299E  0E04               	movlw	high _r_queue
  3707   0029A0  20F4               	addwfc	prodh,w,c
  3708   0029A2  6EE2               	movwf	fsr1h,c
  3709   0029A4  0E35               	movlw	53
  3710   0029A6                     u4601:
  3711   0029A6  CFDB FFE3          	movff	plusw2,plusw1
  3712   0029AA  06E8               	decf	wreg,f,c
  3713   0029AC  E2FC               	bc	u4601
  3714   0029AE                     
  3715                           ; BSR set to: 1
  3716   0029AE  C545  FFE8         	movff	_r_queue+270,wreg
  3717   0029B2  0F01               	addlw	1
  3718   0029B4  CFE8 F545          	movff	wreg,_r_queue+270
  3719   0029B8                     
  3720                           ; BSR set to: 1
  3721   0029B8  0012               	return		;funcret
  3722   0029BA                     __end_of_os_create_task:
  3723                           	callstack 0
  3724                           
  3725 ;; *************** function _config_user *****************
  3726 ;; Defined at:
  3727 ;;		line 11 in file "user.c"
  3728 ;; Parameters:    Size  Location     Type
  3729 ;;		None
  3730 ;; Auto vars:     Size  Location     Type
  3731 ;;		None
  3732 ;; Return value:  Size  Location     Type
  3733 ;;                  1    wreg      void 
  3734 ;; Registers used:
  3735 ;;		wreg, fsr2l, fsr2h, status,2, status,0, cstack
  3736 ;; Tracked objects:
  3737 ;;		On entry : 0/0
  3738 ;;		On exit  : 0/0
  3739 ;;		Unchanged: 0/0
  3740 ;; Data sizes:     COMRAM   BANK0   BANK1   BANK2   BANK3   BANK4   BANK5   BANK6   BANK7   BANK8   BANK9  BANK10  BANK1
      +1  BANK12  BANK13  BANK14  BANK15
  3741 ;;      Params:         0       0       0       0       0       0       0       0       0       0       0       0       
      +0       0       0       0       0
  3742 ;;      Locals:         0       0       0       0       0       0       0       0       0       0       0       0       
      +0       0       0       0       0
  3743 ;;      Temps:          0       0       0       0       0       0       0       0       0       0       0       0       
      +0       0       0       0       0
  3744 ;;      Totals:         0       0       0       0       0       0       0       0       0       0       0       0       
      +0       0       0       0       0
  3745 ;;Total ram usage:        0 bytes
  3746 ;; Hardware stack levels used: 1
  3747 ;; Hardware stack levels required when called: 12
  3748 ;; This function calls:
  3749 ;;		_adc_config
  3750 ;;		_adc_on
  3751 ;;		_mutex_init
  3752 ;;		_pipe_init
  3753 ;;		_pwm_config
  3754 ;;		_pwm_on
  3755 ;; This function is called by:
  3756 ;;		_os_config
  3757 ;; This function uses a non-reentrant model
  3758 ;;
  3759                           
  3760                           	psect	text8
  3761   002C32                     __ptext8:
  3762                           	callstack 0
  3763   002C32                     _config_user:
  3764                           	callstack 17
  3765   002C32                     
  3766                           ;user.c: 15:     TRISCbits.RC1 = 0; LATCbits.LATC1 = 0;
  3767   002C32  9294               	bcf	148,1,c	;volatile
  3768   002C34  928B               	bcf	139,1,c	;volatile
  3769                           
  3770                           ;user.c: 16:     TRISCbits.RC2 = 0; LATCbits.LATC2 = 0;
  3771   002C36  9494               	bcf	148,2,c	;volatile
  3772   002C38  948B               	bcf	139,2,c	;volatile
  3773                           
  3774                           ;user.c: 17:     TRISCbits.RC3 = 0; LATCbits.LATC3 = 0;
  3775   002C3A  9694               	bcf	148,3,c	;volatile
  3776   002C3C  968B               	bcf	139,3,c	;volatile
  3777                           
  3778                           ;user.c: 18:     TRISCbits.RC4 = 0; LATCbits.LATC4 = 0;
  3779   002C3E  9894               	bcf	148,4,c	;volatile
  3780   002C40  988B               	bcf	139,4,c	;volatile
  3781   002C42                     
  3782                           ;user.c: 20:     adc_config();
  3783   002C42  ECCD  F016         	call	_adc_config	;wreg free
  3784   002C46                     
  3785                           ;user.c: 21:     adc_on();
  3786   002C46  EC19  F017         	call	_adc_on	;wreg free
  3787   002C4A                     
  3788                           ;user.c: 23:     pwm_config(99);
  3789   002C4A  0E63               	movlw	99
  3790   002C4C  ECF1  F016         	call	_pwm_config
  3791                           
  3792                           ;user.c: 24:     pwm_on();
  3793   002C50  EC0D  F017         	call	_pwm_on	;wreg free
  3794   002C54                     
  3795                           ;user.c: 26:     mutex_init(&adc_mutex);
  3796   002C54  0E76               	movlw	low _adc_mutex
  3797   002C56  0101               	movlb	1	; () banked
  3798   002C58  6F78               	movwf	mutex_init@mutex& (0+255),b
  3799   002C5A  ECDD  F015         	call	_mutex_init	;wreg free
  3800   002C5E                     
  3801                           ;user.c: 27:     pipe_init(&adc_pipe);
  3802   002C5E  0E60               	movlw	low _adc_pipe
  3803   002C60  0101               	movlb	1	; () banked
  3804   002C62  6F7C               	movwf	pipe_init@p& (0+255),b
  3805   002C64  ECFC  F015         	call	_pipe_init	;wreg free
  3806   002C68  0012               	return		;funcret
  3807   002C6A                     __end_of_config_user:
  3808                           	callstack 0
  3809                           
  3810 ;; *************** function _pwm_on *****************
  3811 ;; Defined at:
  3812 ;;		line 46 in file "io.c"
  3813 ;; Parameters:    Size  Location     Type
  3814 ;;		None
  3815 ;; Auto vars:     Size  Location     Type
  3816 ;;		None
  3817 ;; Return value:  Size  Location     Type
  3818 ;;                  1    wreg      void 
  3819 ;; Registers used:
  3820 ;;		None
  3821 ;; Tracked objects:
  3822 ;;		On entry : 0/0
  3823 ;;		On exit  : 0/0
  3824 ;;		Unchanged: 0/0
  3825 ;; Data sizes:     COMRAM   BANK0   BANK1   BANK2   BANK3   BANK4   BANK5   BANK6   BANK7   BANK8   BANK9  BANK10  BANK1
      +1  BANK12  BANK13  BANK14  BANK15
  3826 ;;      Params:         0       0       0       0       0       0       0       0       0       0       0       0       
      +0       0       0       0       0
  3827 ;;      Locals:         0       0       0       0       0       0       0       0       0       0       0       0       
      +0       0       0       0       0
  3828 ;;      Temps:          0       0       0       0       0       0       0       0       0       0       0       0       
      +0       0       0       0       0
  3829 ;;      Totals:         0       0       0       0       0       0       0       0       0       0       0       0       
      +0       0       0       0       0
  3830 ;;Total ram usage:        0 bytes
  3831 ;; Hardware stack levels used: 1
  3832 ;; Hardware stack levels required when called: 10
  3833 ;; This function calls:
  3834 ;;		Nothing
  3835 ;; This function is called by:
  3836 ;;		_config_user
  3837 ;; This function uses a non-reentrant model
  3838 ;;
  3839                           
  3840                           	psect	text9
  3841   002E1A                     __ptext9:
  3842                           	callstack 0
  3843   002E1A                     _pwm_on:
  3844                           	callstack 18
  3845   002E1A                     
  3846                           ;io.c: 49:     TMR2 = 0;
  3847   002E1A  6ABC               	clrf	188,c	;volatile
  3848                           
  3849                           ;io.c: 50:     T2CONbits.TMR2ON = 1;
  3850   002E1C  84BA               	bsf	186,2,c	;volatile
  3851                           
  3852                           ;io.c: 51:     TRISCbits.RC2 = 0;
  3853   002E1E  9494               	bcf	148,2,c	;volatile
  3854   002E20  0012               	return		;funcret
  3855   002E22                     __end_of_pwm_on:
  3856                           	callstack 0
  3857                           
  3858 ;; *************** function _pwm_config *****************
  3859 ;; Defined at:
  3860 ;;		line 32 in file "io.c"
  3861 ;; Parameters:    Size  Location     Type
  3862 ;;  period          1    wreg     unsigned char 
  3863 ;; Auto vars:     Size  Location     Type
  3864 ;;  period          1  120[BANK1 ] unsigned char 
  3865 ;; Return value:  Size  Location     Type
  3866 ;;                  1    wreg      void 
  3867 ;; Registers used:
  3868 ;;		wreg, status,2
  3869 ;; Tracked objects:
  3870 ;;		On entry : 0/0
  3871 ;;		On exit  : 0/0
  3872 ;;		Unchanged: 0/0
  3873 ;; Data sizes:     COMRAM   BANK0   BANK1   BANK2   BANK3   BANK4   BANK5   BANK6   BANK7   BANK8   BANK9  BANK10  BANK1
      +1  BANK12  BANK13  BANK14  BANK15
  3874 ;;      Params:         0       0       0       0       0       0       0       0       0       0       0       0       
      +0       0       0       0       0
  3875 ;;      Locals:         0       0       1       0       0       0       0       0       0       0       0       0       
      +0       0       0       0       0
  3876 ;;      Temps:          0       0       0       0       0       0       0       0       0       0       0       0       
      +0       0       0       0       0
  3877 ;;      Totals:         0       0       1       0       0       0       0       0       0       0       0       0       
      +0       0       0       0       0
  3878 ;;Total ram usage:        1 bytes
  3879 ;; Hardware stack levels used: 1
  3880 ;; Hardware stack levels required when called: 10
  3881 ;; This function calls:
  3882 ;;		Nothing
  3883 ;; This function is called by:
  3884 ;;		_config_user
  3885 ;; This function uses a non-reentrant model
  3886 ;;
  3887                           
  3888                           	psect	text10
  3889   002DE2                     __ptext10:
  3890                           	callstack 0
  3891   002DE2                     _pwm_config:
  3892                           	callstack 18
  3893                           
  3894                           ;incstack = 0
  3895                           ;pwm_config@period stored from wreg
  3896   002DE2  0101               	movlb	1	; () banked
  3897   002DE4  6F78               	movwf	pwm_config@period& (0+255),b
  3898   002DE6                     
  3899                           ;io.c: 32: void pwm_config(uint8_t period);io.c: 33: {;io.c: 35:     LATCbits.LATC2 = 0;
  3900   002DE6  948B               	bcf	139,2,c	;volatile
  3901                           
  3902                           ;io.c: 36:     TRISCbits.RC2 = 0;
  3903   002DE8  9494               	bcf	148,2,c	;volatile
  3904                           
  3905                           ;io.c: 38:     T2CONbits.TMR2ON = 0;
  3906   002DEA  94BA               	bcf	186,2,c	;volatile
  3907   002DEC                     
  3908                           ;io.c: 39:     PR2 = period;
  3909   002DEC  C178  FFBB         	movff	pwm_config@period,4027	;volatile
  3910   002DF0                     
  3911                           ;io.c: 40:     CCP1CON = 0x00;
  3912   002DF0  6ABD               	clrf	189,c	;volatile
  3913   002DF2                     
  3914                           ;io.c: 41:     CCPR1L = 0;
  3915   002DF2  6ABE               	clrf	190,c	;volatile
  3916   002DF4                     
  3917                           ;io.c: 42:     CCP1CONbits.DC1B = 0;
  3918   002DF4  0ECF               	movlw	-49
  3919   002DF6  16BD               	andwf	189,f,c	;volatile
  3920   002DF8                     
  3921                           ;io.c: 43:     T2CONbits.T2CKPS = 0b01;
  3922   002DF8  50BA               	movf	186,w,c	;volatile
  3923   002DFA  0BFC               	andlw	-4
  3924   002DFC  0901               	iorlw	1
  3925   002DFE  6EBA               	movwf	186,c	;volatile
  3926   002E00  0012               	return		;funcret
  3927   002E02                     __end_of_pwm_config:
  3928                           	callstack 0
  3929                           
  3930 ;; *************** function _pipe_init *****************
  3931 ;; Defined at:
  3932 ;;		line 3 in file "com.c"
  3933 ;; Parameters:    Size  Location     Type
  3934 ;;  p               1  124[BANK1 ] PTR struct pipe
  3935 ;;		 -> adc_pipe(22), 
  3936 ;; Auto vars:     Size  Location     Type
  3937 ;;		None
  3938 ;; Return value:  Size  Location     Type
  3939 ;;                  1    wreg      void 
  3940 ;; Registers used:
  3941 ;;		wreg, fsr2l, fsr2h, status,2, status,0, cstack
  3942 ;; Tracked objects:
  3943 ;;		On entry : 0/0
  3944 ;;		On exit  : 0/0
  3945 ;;		Unchanged: 0/0
  3946 ;; Data sizes:     COMRAM   BANK0   BANK1   BANK2   BANK3   BANK4   BANK5   BANK6   BANK7   BANK8   BANK9  BANK10  BANK1
      +1  BANK12  BANK13  BANK14  BANK15
  3947 ;;      Params:         0       0       1       0       0       0       0       0       0       0       0       0       
      +0       0       0       0       0
  3948 ;;      Locals:         0       0       0       0       0       0       0       0       0       0       0       0       
      +0       0       0       0       0
  3949 ;;      Temps:          0       0       0       0       0       0       0       0       0       0       0       0       
      +0       0       0       0       0
  3950 ;;      Totals:         0       0       1       0       0       0       0       0       0       0       0       0       
      +0       0       0       0       0
  3951 ;;Total ram usage:        1 bytes
  3952 ;; Hardware stack levels used: 1
  3953 ;; Hardware stack levels required when called: 11
  3954 ;; This function calls:
  3955 ;;		_sem_init
  3956 ;; This function is called by:
  3957 ;;		_config_user
  3958 ;; This function uses a non-reentrant model
  3959 ;;
  3960                           
  3961                           	psect	text11
  3962   002BF8                     __ptext11:
  3963                           	callstack 0
  3964   002BF8                     _pipe_init:
  3965                           	callstack 17
  3966   002BF8                     
  3967                           ;com.c: 3: void pipe_init(pipe_t *p);com.c: 4: {;com.c: 5:     p->pos_input = 0;
  3968   002BF8  0101               	movlb	1	; () banked
  3969   002BFA  517C               	movf	pipe_init@p& (0+255),w,b
  3970   002BFC  6ED9               	movwf	fsr2l,c
  3971   002BFE  6ADA               	clrf	fsr2h,c
  3972   002C00  0E04               	movlw	4
  3973   002C02  26D9               	addwf	fsr2l,f,c
  3974   002C04  6ADF               	clrf	indf2,c
  3975                           
  3976                           ;com.c: 6:     p->pos_output = 0;
  3977   002C06  517C               	movf	pipe_init@p& (0+255),w,b
  3978   002C08  6ED9               	movwf	fsr2l,c
  3979   002C0A  6ADA               	clrf	fsr2h,c
  3980   002C0C  0E05               	movlw	5
  3981   002C0E  26D9               	addwf	fsr2l,f,c
  3982   002C10  6ADF               	clrf	indf2,c
  3983   002C12                     
  3984                           ; BSR set to: 1
  3985                           ;com.c: 7:     sem_init(&p->s_input, 4);
  3986   002C12  517C               	movf	pipe_init@p& (0+255),w,b
  3987   002C14  0F06               	addlw	6
  3988   002C16  6F78               	movwf	sem_init@sem& (0+255),b
  3989   002C18  0E04               	movlw	4
  3990   002C1A  6F79               	movwf	sem_init@valor& (0+255),b
  3991   002C1C  EC4E  F016         	call	_sem_init	;wreg free
  3992   002C20                     
  3993                           ;com.c: 8:     sem_init(&p->s_output, 0);
  3994   002C20  0101               	movlb	1	; () banked
  3995   002C22  517C               	movf	pipe_init@p& (0+255),w,b
  3996   002C24  0F0E               	addlw	14
  3997   002C26  6F78               	movwf	sem_init@sem& (0+255),b
  3998   002C28  0E00               	movlw	0
  3999   002C2A  6F79               	movwf	sem_init@valor& (0+255),b
  4000   002C2C  EC4E  F016         	call	_sem_init	;wreg free
  4001   002C30  0012               	return		;funcret
  4002   002C32                     __end_of_pipe_init:
  4003                           	callstack 0
  4004                           
  4005 ;; *************** function _sem_init *****************
  4006 ;; Defined at:
  4007 ;;		line 9 in file "sync.c"
  4008 ;; Parameters:    Size  Location     Type
  4009 ;;  sem             1  120[BANK1 ] PTR struct sem
  4010 ;;		 -> adc_pipe(22), 
  4011 ;;  valor           1  121[BANK1 ] unsigned char 
  4012 ;; Auto vars:     Size  Location     Type
  4013 ;;		None
  4014 ;; Return value:  Size  Location     Type
  4015 ;;                  1    wreg      void 
  4016 ;; Registers used:
  4017 ;;		wreg, fsr2l, fsr2h, status,2, status,0
  4018 ;; Tracked objects:
  4019 ;;		On entry : 0/0
  4020 ;;		On exit  : 0/0
  4021 ;;		Unchanged: 0/0
  4022 ;; Data sizes:     COMRAM   BANK0   BANK1   BANK2   BANK3   BANK4   BANK5   BANK6   BANK7   BANK8   BANK9  BANK10  BANK1
      +1  BANK12  BANK13  BANK14  BANK15
  4023 ;;      Params:         0       0       2       0       0       0       0       0       0       0       0       0       
      +0       0       0       0       0
  4024 ;;      Locals:         0       0       0       0       0       0       0       0       0       0       0       0       
      +0       0       0       0       0
  4025 ;;      Temps:          0       0       2       0       0       0       0       0       0       0       0       0       
      +0       0       0       0       0
  4026 ;;      Totals:         0       0       4       0       0       0       0       0       0       0       0       0       
      +0       0       0       0       0
  4027 ;;Total ram usage:        4 bytes
  4028 ;; Hardware stack levels used: 1
  4029 ;; Hardware stack levels required when called: 10
  4030 ;; This function calls:
  4031 ;;		Nothing
  4032 ;; This function is called by:
  4033 ;;		_pipe_init
  4034 ;; This function uses a non-reentrant model
  4035 ;;
  4036                           
  4037                           	psect	text12
  4038   002C9C                     __ptext12:
  4039                           	callstack 0
  4040   002C9C                     _sem_init:
  4041                           	callstack 17
  4042   002C9C                     
  4043                           ;sync.c: 9: void sem_init(sem_t *sem, uint8_t valor);sync.c: 10: {;sync.c: 11:     sem->
      +                          contador = valor;
  4044   002C9C  0101               	movlb	1	; () banked
  4045   002C9E  5179               	movf	sem_init@valor& (0+255),w,b
  4046   002CA0  6F7A               	movwf	??_sem_init& (0+255),b
  4047   002CA2  6B7B               	clrf	(??_sem_init+1)& (0+255),b
  4048   002CA4  5178               	movf	sem_init@sem& (0+255),w,b
  4049   002CA6  6ED9               	movwf	fsr2l,c
  4050   002CA8  6ADA               	clrf	fsr2h,c
  4051   002CAA  C17A  FFDE         	movff	??_sem_init,postinc2
  4052   002CAE  C17B  FFDD         	movff	??_sem_init+1,postdec2
  4053   002CB2                     
  4054                           ; BSR set to: 1
  4055                           ;sync.c: 12:     sem->pos_input = 0;
  4056   002CB2  5178               	movf	sem_init@sem& (0+255),w,b
  4057   002CB4  6ED9               	movwf	fsr2l,c
  4058   002CB6  6ADA               	clrf	fsr2h,c
  4059   002CB8  0E06               	movlw	6
  4060   002CBA  26D9               	addwf	fsr2l,f,c
  4061   002CBC  6ADF               	clrf	indf2,c
  4062   002CBE                     
  4063                           ; BSR set to: 1
  4064                           ;sync.c: 13:     sem->pos_output = 0;
  4065   002CBE  5178               	movf	sem_init@sem& (0+255),w,b
  4066   002CC0  6ED9               	movwf	fsr2l,c
  4067   002CC2  6ADA               	clrf	fsr2h,c
  4068   002CC4  0E07               	movlw	7
  4069   002CC6  26D9               	addwf	fsr2l,f,c
  4070   002CC8  6ADF               	clrf	indf2,c
  4071   002CCA                     
  4072                           ; BSR set to: 1
  4073   002CCA  0012               	return		;funcret
  4074   002CCC                     __end_of_sem_init:
  4075                           	callstack 0
  4076                           
  4077 ;; *************** function _mutex_init *****************
  4078 ;; Defined at:
  4079 ;;		line 52 in file "sync.c"
  4080 ;; Parameters:    Size  Location     Type
  4081 ;;  mutex           1  120[BANK1 ] PTR struct mutex
  4082 ;;		 -> adc_mutex(9), 
  4083 ;; Auto vars:     Size  Location     Type
  4084 ;;		None
  4085 ;; Return value:  Size  Location     Type
  4086 ;;                  1    wreg      void 
  4087 ;; Registers used:
  4088 ;;		wreg, fsr2l, fsr2h, status,2, status,0
  4089 ;; Tracked objects:
  4090 ;;		On entry : 0/0
  4091 ;;		On exit  : 0/0
  4092 ;;		Unchanged: 0/0
  4093 ;; Data sizes:     COMRAM   BANK0   BANK1   BANK2   BANK3   BANK4   BANK5   BANK6   BANK7   BANK8   BANK9  BANK10  BANK1
      +1  BANK12  BANK13  BANK14  BANK15
  4094 ;;      Params:         0       0       1       0       0       0       0       0       0       0       0       0       
      +0       0       0       0       0
  4095 ;;      Locals:         0       0       0       0       0       0       0       0       0       0       0       0       
      +0       0       0       0       0
  4096 ;;      Temps:          0       0       0       0       0       0       0       0       0       0       0       0       
      +0       0       0       0       0
  4097 ;;      Totals:         0       0       1       0       0       0       0       0       0       0       0       0       
      +0       0       0       0       0
  4098 ;;Total ram usage:        1 bytes
  4099 ;; Hardware stack levels used: 1
  4100 ;; Hardware stack levels required when called: 10
  4101 ;; This function calls:
  4102 ;;		Nothing
  4103 ;; This function is called by:
  4104 ;;		_config_user
  4105 ;; This function uses a non-reentrant model
  4106 ;;
  4107                           
  4108                           	psect	text13
  4109   002BBA                     __ptext13:
  4110                           	callstack 0
  4111   002BBA                     _mutex_init:
  4112                           	callstack 18
  4113   002BBA                     
  4114                           ;sync.c: 52: void mutex_init(mutex_t *mutex);sync.c: 53: {;sync.c: 54:     mutex->locked
      +                           = 0;
  4115   002BBA  0101               	movlb	1	; () banked
  4116   002BBC  5178               	movf	mutex_init@mutex& (0+255),w,b
  4117   002BBE  6ED9               	movwf	fsr2l,c
  4118   002BC0  6ADA               	clrf	fsr2h,c
  4119   002BC2  6ADF               	clrf	indf2,c
  4120   002BC4                     
  4121                           ; BSR set to: 1
  4122                           ;sync.c: 55:     mutex->owner_id = 255;
  4123   002BC4  5178               	movf	mutex_init@mutex& (0+255),w,b
  4124   002BC6  6ED9               	movwf	fsr2l,c
  4125   002BC8  6ADA               	clrf	fsr2h,c
  4126   002BCA  0E01               	movlw	1
  4127   002BCC  26D9               	addwf	fsr2l,f,c
  4128   002BCE  0EFF               	movlw	255
  4129   002BD0  6EDF               	movwf	indf2,c
  4130   002BD2                     
  4131                           ; BSR set to: 1
  4132                           ;sync.c: 56:     mutex->waiting_count = 0;
  4133   002BD2  5178               	movf	mutex_init@mutex& (0+255),w,b
  4134   002BD4  6ED9               	movwf	fsr2l,c
  4135   002BD6  6ADA               	clrf	fsr2h,c
  4136   002BD8  0E06               	movlw	6
  4137   002BDA  26D9               	addwf	fsr2l,f,c
  4138   002BDC  6ADF               	clrf	indf2,c
  4139   002BDE                     
  4140                           ; BSR set to: 1
  4141                           ;sync.c: 57:     mutex->pos_input = 0;
  4142   002BDE  5178               	movf	mutex_init@mutex& (0+255),w,b
  4143   002BE0  6ED9               	movwf	fsr2l,c
  4144   002BE2  6ADA               	clrf	fsr2h,c
  4145   002BE4  0E07               	movlw	7
  4146   002BE6  26D9               	addwf	fsr2l,f,c
  4147   002BE8  6ADF               	clrf	indf2,c
  4148   002BEA                     
  4149                           ; BSR set to: 1
  4150                           ;sync.c: 58:     mutex->pos_output = 0;
  4151   002BEA  5178               	movf	mutex_init@mutex& (0+255),w,b
  4152   002BEC  6ED9               	movwf	fsr2l,c
  4153   002BEE  6ADA               	clrf	fsr2h,c
  4154   002BF0  0E08               	movlw	8
  4155   002BF2  26D9               	addwf	fsr2l,f,c
  4156   002BF4  6ADF               	clrf	indf2,c
  4157   002BF6                     
  4158                           ; BSR set to: 1
  4159   002BF6  0012               	return		;funcret
  4160   002BF8                     __end_of_mutex_init:
  4161                           	callstack 0
  4162                           
  4163 ;; *************** function _adc_on *****************
  4164 ;; Defined at:
  4165 ;;		line 15 in file "io.c"
  4166 ;; Parameters:    Size  Location     Type
  4167 ;;		None
  4168 ;; Auto vars:     Size  Location     Type
  4169 ;;		None
  4170 ;; Return value:  Size  Location     Type
  4171 ;;                  1    wreg      void 
  4172 ;; Registers used:
  4173 ;;		None
  4174 ;; Tracked objects:
  4175 ;;		On entry : 0/0
  4176 ;;		On exit  : 0/0
  4177 ;;		Unchanged: 0/0
  4178 ;; Data sizes:     COMRAM   BANK0   BANK1   BANK2   BANK3   BANK4   BANK5   BANK6   BANK7   BANK8   BANK9  BANK10  BANK1
      +1  BANK12  BANK13  BANK14  BANK15
  4179 ;;      Params:         0       0       0       0       0       0       0       0       0       0       0       0       
      +0       0       0       0       0
  4180 ;;      Locals:         0       0       0       0       0       0       0       0       0       0       0       0       
      +0       0       0       0       0
  4181 ;;      Temps:          0       0       0       0       0       0       0       0       0       0       0       0       
      +0       0       0       0       0
  4182 ;;      Totals:         0       0       0       0       0       0       0       0       0       0       0       0       
      +0       0       0       0       0
  4183 ;;Total ram usage:        0 bytes
  4184 ;; Hardware stack levels used: 1
  4185 ;; Hardware stack levels required when called: 10
  4186 ;; This function calls:
  4187 ;;		Nothing
  4188 ;; This function is called by:
  4189 ;;		_config_user
  4190 ;; This function uses a non-reentrant model
  4191 ;;
  4192                           
  4193                           	psect	text14
  4194   002E32                     __ptext14:
  4195                           	callstack 0
  4196   002E32                     _adc_on:
  4197                           	callstack 18
  4198   002E32                     
  4199                           ;io.c: 17:     ADCON0bits.ADON = 1;
  4200   002E32  80C2               	bsf	194,0,c	;volatile
  4201   002E34  0012               	return		;funcret
  4202   002E36                     __end_of_adc_on:
  4203                           	callstack 0
  4204                           
  4205 ;; *************** function _adc_config *****************
  4206 ;; Defined at:
  4207 ;;		line 3 in file "io.c"
  4208 ;; Parameters:    Size  Location     Type
  4209 ;;		None
  4210 ;; Auto vars:     Size  Location     Type
  4211 ;;		None
  4212 ;; Return value:  Size  Location     Type
  4213 ;;                  1    wreg      void 
  4214 ;; Registers used:
  4215 ;;		wreg, status,2
  4216 ;; Tracked objects:
  4217 ;;		On entry : 0/0
  4218 ;;		On exit  : 0/0
  4219 ;;		Unchanged: 0/0
  4220 ;; Data sizes:     COMRAM   BANK0   BANK1   BANK2   BANK3   BANK4   BANK5   BANK6   BANK7   BANK8   BANK9  BANK10  BANK1
      +1  BANK12  BANK13  BANK14  BANK15
  4221 ;;      Params:         0       0       0       0       0       0       0       0       0       0       0       0       
      +0       0       0       0       0
  4222 ;;      Locals:         0       0       0       0       0       0       0       0       0       0       0       0       
      +0       0       0       0       0
  4223 ;;      Temps:          0       0       0       0       0       0       0       0       0       0       0       0       
      +0       0       0       0       0
  4224 ;;      Totals:         0       0       0       0       0       0       0       0       0       0       0       0       
      +0       0       0       0       0
  4225 ;;Total ram usage:        0 bytes
  4226 ;; Hardware stack levels used: 1
  4227 ;; Hardware stack levels required when called: 10
  4228 ;; This function calls:
  4229 ;;		Nothing
  4230 ;; This function is called by:
  4231 ;;		_config_user
  4232 ;; This function uses a non-reentrant model
  4233 ;;
  4234                           
  4235                           	psect	text15
  4236   002D9A                     __ptext15:
  4237                           	callstack 0
  4238   002D9A                     _adc_config:
  4239                           	callstack 18
  4240   002D9A                     
  4241                           ;io.c: 5:     ADCON0bits.CHS = 0b00000;
  4242   002D9A  0E83               	movlw	-125
  4243   002D9C  16C2               	andwf	194,f,c	;volatile
  4244                           
  4245                           ;io.c: 6:     ADCON1bits.PVCFG = 0b00;
  4246   002D9E  0EF3               	movlw	-13
  4247   002DA0  16C1               	andwf	193,f,c	;volatile
  4248                           
  4249                           ;io.c: 7:     ADCON1bits.NVCFG = 0b00;
  4250   002DA2  0EFC               	movlw	-4
  4251   002DA4  16C1               	andwf	193,f,c	;volatile
  4252   002DA6                     
  4253                           ;io.c: 8:     ADCON2bits.ADFM = 1;
  4254   002DA6  8EC0               	bsf	192,7,c	;volatile
  4255                           
  4256                           ;io.c: 9:     ADCON2bits.ACQT = 0b110;
  4257   002DA8  50C0               	movf	192,w,c	;volatile
  4258   002DAA  0BC7               	andlw	-57
  4259   002DAC  0930               	iorlw	48
  4260   002DAE  6EC0               	movwf	192,c	;volatile
  4261                           
  4262                           ;io.c: 10:     ADCON2bits.ADCS = 0b100;
  4263   002DB0  50C0               	movf	192,w,c	;volatile
  4264   002DB2  0BF8               	andlw	-8
  4265   002DB4  0904               	iorlw	4
  4266   002DB6  6EC0               	movwf	192,c	;volatile
  4267   002DB8                     
  4268                           ;io.c: 11:     TRISAbits.RA0 = 1;
  4269   002DB8  8092               	bsf	146,0,c	;volatile
  4270   002DBA                     
  4271                           ;io.c: 12:     ANSELAbits.ANSA0 = 1;
  4272   002DBA  010F               	movlb	15	; () banked
  4273   002DBC  8138               	bsf	56,0,b	;volatile
  4274   002DBE                     
  4275                           ; BSR set to: 15
  4276   002DBE  0012               	return		;funcret
  4277   002DC0                     __end_of_adc_config:
  4278                           	callstack 0
  4279                           
  4280 ;; *************** function _idle *****************
  4281 ;; Defined at:
  4282 ;;		line 105 in file "kernel.c"
  4283 ;; Parameters:    Size  Location     Type
  4284 ;;		None
  4285 ;; Auto vars:     Size  Location     Type
  4286 ;;		None
  4287 ;; Return value:  Size  Location     Type
  4288 ;;                  1    wreg      void 
  4289 ;; Registers used:
  4290 ;;		wreg, status,2, status,0
  4291 ;; Tracked objects:
  4292 ;;		On entry : 0/0
  4293 ;;		On exit  : 0/0
  4294 ;;		Unchanged: 0/0
  4295 ;; Data sizes:     COMRAM   BANK0   BANK1   BANK2   BANK3   BANK4   BANK5   BANK6   BANK7   BANK8   BANK9  BANK10  BANK1
      +1  BANK12  BANK13  BANK14  BANK15
  4296 ;;      Params:         0       0       0       0       0       0       0       0       0       0       0       0       
      +0       0       0       0       0
  4297 ;;      Locals:         0       0       0       0       0       0       0       0       0       0       0       0       
      +0       0       0       0       0
  4298 ;;      Temps:          1       0       0       0       0       0       0       0       0       0       0       0       
      +0       0       0       0       0
  4299 ;;      Totals:         1       0       0       0       0       0       0       0       0       0       0       0       
      +0       0       0       0       0
  4300 ;;Total ram usage:        1 bytes
  4301 ;; Hardware stack levels used: 1
  4302 ;; Hardware stack levels required when called: 4
  4303 ;; This function calls:
  4304 ;;		Nothing
  4305 ;; This function is called by:
  4306 ;;		_os_config
  4307 ;;		_rr_priority_scheduler
  4308 ;;		i1_rr_priority_scheduler
  4309 ;;		i2_rr_priority_scheduler
  4310 ;;		_RR_scheduler
  4311 ;; This function uses a non-reentrant model
  4312 ;;
  4313                           
  4314                           	psect	text16
  4315   002D4A                     __ptext16:
  4316                           	callstack 0
  4317   002D4A                     _idle:
  4318                           	callstack 22
  4319   002D4A                     
  4320                           ;kernel.c: 107:     TRISCbits.RC0 = 0;
  4321   002D4A  9094               	bcf	148,0,c	;volatile
  4322   002D4C                     l2058:
  4323                           
  4324                           ;kernel.c: 110:         PORTCbits.RC0 = ~PORTCbits.RC0;
  4325   002D4C  B082               	btfsc	130,0,c	;volatile
  4326   002D4E  EFAB  F016         	goto	u100_21
  4327   002D52  EFAE  F016         	goto	u100_20
  4328   002D56                     u100_21:
  4329   002D56  0E01               	movlw	1
  4330   002D58  EFAF  F016         	goto	u100_26
  4331   002D5C                     u100_20:
  4332   002D5C  0E00               	movlw	0
  4333   002D5E                     u100_26:
  4334   002D5E  0AFF               	xorlw	255
  4335   002D60  6E02               	movwf	??_idle^0,c
  4336   002D62  5082               	movf	130,w,c	;volatile
  4337   002D64  1802               	xorwf	??_idle^0,w,c
  4338   002D66  0BFE               	andlw	-2
  4339   002D68  1802               	xorwf	??_idle^0,w,c
  4340   002D6A  6E82               	movwf	130,c	;volatile
  4341   002D6C  EFA6  F016         	goto	l2058
  4342   002D70  0012               	return		;funcret
  4343   002D72                     __end_of_idle:
  4344                           	callstack 0
  4345                           
  4346 ;; *************** function _task_blink1 *****************
  4347 ;; Defined at:
  4348 ;;		line 30 in file "user.c"
  4349 ;; Parameters:    Size  Location     Type
  4350 ;;		None
  4351 ;; Auto vars:     Size  Location     Type
  4352 ;;		None
  4353 ;; Return value:  Size  Location     Type
  4354 ;;                  1    wreg      void 
  4355 ;; Registers used:
  4356 ;;		wreg, status,2, status,0
  4357 ;; Tracked objects:
  4358 ;;		On entry : 0/0
  4359 ;;		On exit  : 0/0
  4360 ;;		Unchanged: 0/0
  4361 ;; Data sizes:     COMRAM   BANK0   BANK1   BANK2   BANK3   BANK4   BANK5   BANK6   BANK7   BANK8   BANK9  BANK10  BANK1
      +1  BANK12  BANK13  BANK14  BANK15
  4362 ;;      Params:         0       0       0       0       0       0       0       0       0       0       0       0       
      +0       0       0       0       0
  4363 ;;      Locals:         0       0       0       0       0       0       0       0       0       0       0       0       
      +0       0       0       0       0
  4364 ;;      Temps:          0       0       0       0       0       0       0       0       0       0       0       0       
      +0       0       0       0       0
  4365 ;;      Totals:         0       0       0       0       0       0       0       0       0       0       0       0       
      +0       0       0       0       0
  4366 ;;Total ram usage:        0 bytes
  4367 ;; Hardware stack levels used: 1
  4368 ;; Hardware stack levels required when called: 4
  4369 ;; This function calls:
  4370 ;;		Nothing
  4371 ;; This function is called by:
  4372 ;;		_main
  4373 ;; This function uses a non-reentrant model
  4374 ;;
  4375                           
  4376                           	psect	text17
  4377   002E22                     __ptext17:
  4378                           	callstack 0
  4379   002E22                     _task_blink1:
  4380                           	callstack 22
  4381   002E22                     l390:
  4382   002E22  728B               	btg	139,1,c	;volatile
  4383   002E24  EF11  F017         	goto	l390
  4384   002E28  0012               	return		;funcret
  4385   002E2A                     __end_of_task_blink1:
  4386                           	callstack 0
  4387                           
  4388 ;; *************** function _task_blink2 *****************
  4389 ;; Defined at:
  4390 ;;		line 35 in file "user.c"
  4391 ;; Parameters:    Size  Location     Type
  4392 ;;		None
  4393 ;; Auto vars:     Size  Location     Type
  4394 ;;		None
  4395 ;; Return value:  Size  Location     Type
  4396 ;;                  1    wreg      void 
  4397 ;; Registers used:
  4398 ;;		wreg, status,2, status,0
  4399 ;; Tracked objects:
  4400 ;;		On entry : 0/0
  4401 ;;		On exit  : 0/0
  4402 ;;		Unchanged: 0/0
  4403 ;; Data sizes:     COMRAM   BANK0   BANK1   BANK2   BANK3   BANK4   BANK5   BANK6   BANK7   BANK8   BANK9  BANK10  BANK1
      +1  BANK12  BANK13  BANK14  BANK15
  4404 ;;      Params:         0       0       0       0       0       0       0       0       0       0       0       0       
      +0       0       0       0       0
  4405 ;;      Locals:         0       0       0       0       0       0       0       0       0       0       0       0       
      +0       0       0       0       0
  4406 ;;      Temps:          0       0       0       0       0       0       0       0       0       0       0       0       
      +0       0       0       0       0
  4407 ;;      Totals:         0       0       0       0       0       0       0       0       0       0       0       0       
      +0       0       0       0       0
  4408 ;;Total ram usage:        0 bytes
  4409 ;; Hardware stack levels used: 1
  4410 ;; Hardware stack levels required when called: 4
  4411 ;; This function calls:
  4412 ;;		Nothing
  4413 ;; This function is called by:
  4414 ;;		_main
  4415 ;; This function uses a non-reentrant model
  4416 ;;
  4417                           
  4418                           	psect	text18
  4419   002E2A                     __ptext18:
  4420                           	callstack 0
  4421   002E2A                     _task_blink2:
  4422                           	callstack 22
  4423   002E2A                     l396:
  4424   002E2A  748B               	btg	139,2,c	;volatile
  4425   002E2C  EF15  F017         	goto	l396
  4426   002E30  0012               	return		;funcret
  4427   002E32                     __end_of_task_blink2:
  4428                           	callstack 0
  4429                           
  4430 ;; *************** function _task_blink3 *****************
  4431 ;; Defined at:
  4432 ;;		line 41 in file "user.c"
  4433 ;; Parameters:    Size  Location     Type
  4434 ;;		None
  4435 ;; Auto vars:     Size  Location     Type
  4436 ;;  adc             2   89[BANK1 ] unsigned short 
  4437 ;; Return value:  Size  Location     Type
  4438 ;;                  1    wreg      void 
  4439 ;; Registers used:
  4440 ;;		wreg, fsr1l, fsr1h, fsr2l, fsr2h, status,2, status,0, prodl, prodh, cstack
  4441 ;; Tracked objects:
  4442 ;;		On entry : 0/0
  4443 ;;		On exit  : 0/0
  4444 ;;		Unchanged: 0/0
  4445 ;; Data sizes:     COMRAM   BANK0   BANK1   BANK2   BANK3   BANK4   BANK5   BANK6   BANK7   BANK8   BANK9  BANK10  BANK1
      +1  BANK12  BANK13  BANK14  BANK15
  4446 ;;      Params:         0       0       0       0       0       0       0       0       0       0       0       0       
      +0       0       0       0       0
  4447 ;;      Locals:         0       0       2       0       0       0       0       0       0       0       0       0       
      +0       0       0       0       0
  4448 ;;      Temps:          0       0       2       0       0       0       0       0       0       0       0       0       
      +0       0       0       0       0
  4449 ;;      Totals:         0       0       4       0       0       0       0       0       0       0       0       0       
      +0       0       0       0       0
  4450 ;;Total ram usage:        4 bytes
  4451 ;; Hardware stack levels used: 1
  4452 ;; Hardware stack levels required when called: 8
  4453 ;; This function calls:
  4454 ;;		_adc_read
  4455 ;;		_mutex_lock
  4456 ;;		_mutex_unlock
  4457 ;;		_pipe_write
  4458 ;; This function is called by:
  4459 ;;		_main
  4460 ;; This function uses a non-reentrant model
  4461 ;;
  4462                           
  4463                           	psect	text19
  4464   002B2E                     __ptext19:
  4465                           	callstack 0
  4466   002B2E                     _task_blink3:
  4467                           	callstack 18
  4468   002B2E                     l402:
  4469   002B2E                     
  4470                           ;user.c: 44:     {;user.c: 45:         mutex_lock(&adc_mutex);
  4471   002B2E  0E76               	movlw	low _adc_mutex
  4472   002B30  0101               	movlb	1	; () banked
  4473   002B32  6F4C               	movwf	mutex_lock@mutex& (0+255),b
  4474   002B34  EC01  F008         	call	_mutex_lock	;wreg free
  4475   002B38                     
  4476                           ;user.c: 46:         uint16_t adc = adc_read();
  4477   002B38  ECE0  F016         	call	_adc_read	;wreg free
  4478   002B3C  C083  F159         	movff	?_adc_read,task_blink3@adc
  4479   002B40  C084  F15A         	movff	?_adc_read+1,task_blink3@adc+1
  4480   002B44                     
  4481                           ;user.c: 47:         mutex_unlock(&adc_mutex);
  4482   002B44  0E76               	movlw	low _adc_mutex
  4483   002B46  0100               	movlb	0	; () banked
  4484   002B48  6F83               	movwf	mutex_unlock@mutex& (0+255),b
  4485   002B4A  ECF7  F012         	call	_mutex_unlock	;wreg free
  4486   002B4E                     
  4487                           ;user.c: 49:         pipe_write(&adc_pipe, (char)(adc >> 2));
  4488   002B4E  0E60               	movlw	low _adc_pipe
  4489   002B50  0101               	movlb	1	; () banked
  4490   002B52  6F54               	movwf	pipe_write@p& (0+255),b
  4491   002B54  C159  F157         	movff	task_blink3@adc,??_task_blink3
  4492   002B58  C15A  F158         	movff	task_blink3@adc+1,??_task_blink3+1
  4493   002B5C  90D8               	bcf	status,0,c
  4494   002B5E  3358               	rrcf	(??_task_blink3+1)& (0+255),f,b
  4495   002B60  3357               	rrcf	??_task_blink3& (0+255),f,b
  4496   002B62  90D8               	bcf	status,0,c
  4497   002B64  3358               	rrcf	(??_task_blink3+1)& (0+255),f,b
  4498   002B66  3357               	rrcf	??_task_blink3& (0+255),f,b
  4499   002B68  5157               	movf	??_task_blink3& (0+255),w,b
  4500   002B6A  6F55               	movwf	pipe_write@dado& (0+255),b
  4501   002B6C  EC6E  F015         	call	_pipe_write	;wreg free
  4502   002B70  EF97  F015         	goto	l402
  4503   002B74  0012               	return		;funcret
  4504   002B76                     __end_of_task_blink3:
  4505                           	callstack 0
  4506                           
  4507 ;; *************** function _pipe_write *****************
  4508 ;; Defined at:
  4509 ;;		line 11 in file "com.c"
  4510 ;; Parameters:    Size  Location     Type
  4511 ;;  p               1   84[BANK1 ] PTR struct pipe
  4512 ;;		 -> adc_pipe(22), 
  4513 ;;  dado            1   85[BANK1 ] unsigned char 
  4514 ;; Auto vars:     Size  Location     Type
  4515 ;;		None
  4516 ;; Return value:  Size  Location     Type
  4517 ;;                  1    wreg      void 
  4518 ;; Registers used:
  4519 ;;		wreg, fsr1l, fsr1h, fsr2l, fsr2h, status,2, status,0, prodl, prodh, cstack
  4520 ;; Tracked objects:
  4521 ;;		On entry : 0/0
  4522 ;;		On exit  : 0/0
  4523 ;;		Unchanged: 0/0
  4524 ;; Data sizes:     COMRAM   BANK0   BANK1   BANK2   BANK3   BANK4   BANK5   BANK6   BANK7   BANK8   BANK9  BANK10  BANK1
      +1  BANK12  BANK13  BANK14  BANK15
  4525 ;;      Params:         0       0       2       0       0       0       0       0       0       0       0       0       
      +0       0       0       0       0
  4526 ;;      Locals:         0       0       0       0       0       0       0       0       0       0       0       0       
      +0       0       0       0       0
  4527 ;;      Temps:          0       0       1       0       0       0       0       0       0       0       0       0       
      +0       0       0       0       0
  4528 ;;      Totals:         0       0       3       0       0       0       0       0       0       0       0       0       
      +0       0       0       0       0
  4529 ;;Total ram usage:        3 bytes
  4530 ;; Hardware stack levels used: 1
  4531 ;; Hardware stack levels required when called: 6
  4532 ;; This function calls:
  4533 ;;		_sem_post
  4534 ;;		_sem_wait
  4535 ;; This function is called by:
  4536 ;;		_task_blink3
  4537 ;; This function uses a non-reentrant model
  4538 ;;
  4539                           
  4540                           	psect	text20
  4541   002ADC                     __ptext20:
  4542                           	callstack 0
  4543   002ADC                     _pipe_write:
  4544                           	callstack 19
  4545   002ADC                     
  4546                           ;com.c: 11: void pipe_write(pipe_t *p, char dado);com.c: 12: {;com.c: 13:     sem_wait(&
      +                          p->s_input);
  4547   002ADC  0101               	movlb	1	; () banked
  4548   002ADE  5154               	movf	pipe_write@p& (0+255),w,b
  4549   002AE0  0F06               	addlw	6
  4550   002AE2  6F6B               	movwf	sem_wait@sem& (0+255),b
  4551   002AE4  EC4F  F00B         	call	_sem_wait	;wreg free
  4552   002AE8                     
  4553                           ;com.c: 14:     p->fila_dados[p->pos_input] = dado;
  4554   002AE8  0101               	movlb	1	; () banked
  4555   002AEA  5154               	movf	pipe_write@p& (0+255),w,b
  4556   002AEC  6ED9               	movwf	fsr2l,c
  4557   002AEE  6ADA               	clrf	fsr2h,c
  4558   002AF0  0E04               	movlw	4
  4559   002AF2  26D9               	addwf	fsr2l,f,c
  4560   002AF4  50DF               	movf	indf2,w,c
  4561   002AF6  6F56               	movwf	??_pipe_write& (0+255),b
  4562   002AF8  5154               	movf	pipe_write@p& (0+255),w,b
  4563   002AFA  2556               	addwf	??_pipe_write& (0+255),w,b
  4564   002AFC  6ED9               	movwf	fsr2l,c
  4565   002AFE  6ADA               	clrf	fsr2h,c
  4566   002B00  C155  FFDF         	movff	pipe_write@dado,indf2
  4567   002B04                     
  4568                           ; BSR set to: 1
  4569                           ;com.c: 15:     p->pos_input = (p->pos_input + 1) % 4;
  4570   002B04  5154               	movf	pipe_write@p& (0+255),w,b
  4571   002B06  6ED9               	movwf	fsr2l,c
  4572   002B08  6ADA               	clrf	fsr2h,c
  4573   002B0A  0E04               	movlw	4
  4574   002B0C  26D9               	addwf	fsr2l,f,c
  4575   002B0E  5154               	movf	pipe_write@p& (0+255),w,b
  4576   002B10  6EE1               	movwf	fsr1l,c
  4577   002B12  6AE2               	clrf	fsr1h,c
  4578   002B14  0E04               	movlw	4
  4579   002B16  26E1               	addwf	fsr1l,f,c
  4580   002B18  50E7               	movf	indf1,w,c
  4581   002B1A  6F56               	movwf	??_pipe_write& (0+255),b
  4582   002B1C  2956               	incf	??_pipe_write& (0+255),w,b
  4583   002B1E  0B03               	andlw	3
  4584   002B20  6EDF               	movwf	indf2,c
  4585   002B22                     
  4586                           ; BSR set to: 1
  4587                           ;com.c: 16:     sem_post(&p->s_output);
  4588   002B22  5154               	movf	pipe_write@p& (0+255),w,b
  4589   002B24  0F0E               	addlw	14
  4590   002B26  6F5B               	movwf	sem_post@sem& (0+255),b
  4591   002B28  EC63  F014         	call	_sem_post	;wreg free
  4592   002B2C  0012               	return		;funcret
  4593   002B2E                     __end_of_pipe_write:
  4594                           	callstack 0
  4595                           
  4596 ;; *************** function _sem_wait *****************
  4597 ;; Defined at:
  4598 ;;		line 16 in file "sync.c"
  4599 ;; Parameters:    Size  Location     Type
  4600 ;;  sem             1  107[BANK1 ] PTR struct sem
  4601 ;;		 -> adc_pipe(22), 
  4602 ;; Auto vars:     Size  Location     Type
  4603 ;;		None
  4604 ;; Return value:  Size  Location     Type
  4605 ;;                  1    wreg      void 
  4606 ;; Registers used:
  4607 ;;		wreg, fsr1l, fsr1h, fsr2l, fsr2h, status,2, status,0, prodl, prodh, cstack
  4608 ;; Tracked objects:
  4609 ;;		On entry : 0/0
  4610 ;;		On exit  : 0/0
  4611 ;;		Unchanged: 0/0
  4612 ;; Data sizes:     COMRAM   BANK0   BANK1   BANK2   BANK3   BANK4   BANK5   BANK6   BANK7   BANK8   BANK9  BANK10  BANK1
      +1  BANK12  BANK13  BANK14  BANK15
  4613 ;;      Params:         0       0       1       0       0       0       0       0       0       0       0       0       
      +0       0       0       0       0
  4614 ;;      Locals:         0       0       0       0       0       0       0       0       0       0       0       0       
      +0       0       0       0       0
  4615 ;;      Temps:          0       0       7       0       0       0       0       0       0       0       0       0       
      +0       0       0       0       0
  4616 ;;      Totals:         0       0       8       0       0       0       0       0       0       0       0       0       
      +0       0       0       0       0
  4617 ;;Total ram usage:        8 bytes
  4618 ;; Hardware stack levels used: 1
  4619 ;; Hardware stack levels required when called: 7
  4620 ;; This function calls:
  4621 ;;		i1_scheduler
  4622 ;; This function is called by:
  4623 ;;		_pipe_write
  4624 ;;		_pipe_read
  4625 ;; This function uses a non-reentrant model
  4626 ;;
  4627                           
  4628                           	psect	text21
  4629   00169E                     __ptext21:
  4630                           	callstack 0
  4631   00169E                     _sem_wait:
  4632                           	callstack 17
  4633   00169E                     
  4634                           ;sync.c: 16: void sem_wait(sem_t *sem);sync.c: 17: {;sync.c: 18:     INTCONbits.GIE = 0;
      +                          ;
  4635   00169E  9EF2               	bcf	242,7,c	;volatile
  4636   0016A0                     
  4637                           ;sync.c: 20:     sem->contador--;
  4638   0016A0  0101               	movlb	1	; () banked
  4639   0016A2  516B               	movf	sem_wait@sem& (0+255),w,b
  4640   0016A4  6ED9               	movwf	fsr2l,c
  4641   0016A6  6ADA               	clrf	fsr2h,c
  4642   0016A8  06DE               	decf	postinc2,f,c
  4643   0016AA  0E00               	movlw	0
  4644   0016AC  5ADD               	subwfb	postdec2,f,c
  4645                           
  4646                           ;sync.c: 21:     if (sem->contador < 0) {
  4647   0016AE  516B               	movf	sem_wait@sem& (0+255),w,b
  4648   0016B0  6ED9               	movwf	fsr2l,c
  4649   0016B2  6ADA               	clrf	fsr2h,c
  4650   0016B4  0E01               	movlw	1
  4651   0016B6  BEDB               	btfsc	plusw2,7,c
  4652   0016B8  EF62  F00B         	goto	i1u439_20
  4653   0016BC  EF60  F00B         	goto	i1u439_21
  4654   0016C0                     i1u439_21:
  4655   0016C0  EF7A  F00E         	goto	i1l4380
  4656   0016C4                     i1u439_20:
  4657   0016C4                     
  4658                           ; BSR set to: 1
  4659                           ;sync.c: 22:         sem->fila[sem->pos_input] = r_queue.pos_task_running;
  4660   0016C4  EE25  F048         	lfsr	2,_r_queue+273
  4661   0016C8  516B               	movf	sem_wait@sem& (0+255),w,b
  4662   0016CA  6EE1               	movwf	fsr1l,c
  4663   0016CC  6AE2               	clrf	fsr1h,c
  4664   0016CE  0E06               	movlw	6
  4665   0016D0  26E1               	addwf	fsr1l,f,c
  4666   0016D2  50E7               	movf	indf1,w,c
  4667   0016D4  6F6C               	movwf	??_sem_wait& (0+255),b
  4668   0016D6  516B               	movf	sem_wait@sem& (0+255),w,b
  4669   0016D8  256C               	addwf	??_sem_wait& (0+255),w,b
  4670   0016DA  6EE1               	movwf	fsr1l,c
  4671   0016DC  6AE2               	clrf	fsr1h,c
  4672   0016DE  0E02               	movlw	2
  4673   0016E0  26E1               	addwf	fsr1l,f,c
  4674   0016E2  CFDF FFE7          	movff	indf2,indf1
  4675                           
  4676                           ;sync.c: 23:         sem->pos_input = (sem->pos_input + 1) % 4;
  4677   0016E6  516B               	movf	sem_wait@sem& (0+255),w,b
  4678   0016E8  6ED9               	movwf	fsr2l,c
  4679   0016EA  6ADA               	clrf	fsr2h,c
  4680   0016EC  0E06               	movlw	6
  4681   0016EE  26D9               	addwf	fsr2l,f,c
  4682   0016F0  516B               	movf	sem_wait@sem& (0+255),w,b
  4683   0016F2  6EE1               	movwf	fsr1l,c
  4684   0016F4  6AE2               	clrf	fsr1h,c
  4685   0016F6  0E06               	movlw	6
  4686   0016F8  26E1               	addwf	fsr1l,f,c
  4687   0016FA  50E7               	movf	indf1,w,c
  4688   0016FC  6F6C               	movwf	??_sem_wait& (0+255),b
  4689   0016FE  296C               	incf	??_sem_wait& (0+255),w,b
  4690   001700  0B03               	andlw	3
  4691   001702  6EDF               	movwf	indf2,c
  4692   001704                     
  4693                           ; BSR set to: 1
  4694   001704  EE25  F046         	lfsr	2,_r_queue+271
  4695   001708  EE10 F001          	lfsr	1,1
  4696   00170C  50DE               	movf	postinc2,w,c
  4697   00170E  26E1               	addwf	fsr1l,f,c
  4698   001710  50DD               	movf	postdec2,w,c
  4699   001712  22E2               	addwfc	fsr1h,f,c
  4700   001714  0E02               	movlw	2
  4701   001716  18E6               	xorwf	postinc1,w,c
  4702   001718  A4D8               	btfss	status,2,c
  4703   00171A  EF91  F00B         	goto	i1u440_21
  4704   00171E  EF93  F00B         	goto	i1u440_20
  4705   001722                     i1u440_21:
  4706   001722  EFD1  F00C         	goto	i1l4358
  4707   001726                     i1u440_20:
  4708   001726                     
  4709                           ; BSR set to: 1
  4710   001726  EE25  F046         	lfsr	2,_r_queue+271
  4711   00172A  EE10 F001          	lfsr	1,1
  4712   00172E  50DE               	movf	postinc2,w,c
  4713   001730  26E1               	addwf	fsr1l,f,c
  4714   001732  50DD               	movf	postdec2,w,c
  4715   001734  22E2               	addwfc	fsr1h,f,c
  4716   001736  0E03               	movlw	3
  4717   001738  6EE7               	movwf	indf1,c
  4718   00173A  EE25  F046         	lfsr	2,_r_queue+271
  4719   00173E  EE10 F008          	lfsr	1,8
  4720   001742  50DE               	movf	postinc2,w,c
  4721   001744  26E1               	addwf	fsr1l,f,c
  4722   001746  50DD               	movf	postdec2,w,c
  4723   001748  22E2               	addwfc	fsr1h,f,c
  4724   00174A  CFE0 FFE7          	movff	bsr,indf1	;volatile
  4725   00174E  EE25  F046         	lfsr	2,_r_queue+271
  4726   001752  EE10 F00C          	lfsr	1,12
  4727   001756  50DE               	movf	postinc2,w,c
  4728   001758  26E1               	addwf	fsr1l,f,c
  4729   00175A  50DD               	movf	postdec2,w,c
  4730   00175C  22E2               	addwfc	fsr1h,f,c
  4731   00175E  CFEA FFE7          	movff	fsr0h,indf1	;volatile
  4732   001762  EE25  F046         	lfsr	2,_r_queue+271
  4733   001766  EE10 F00B          	lfsr	1,11
  4734   00176A  50DE               	movf	postinc2,w,c
  4735   00176C  26E1               	addwf	fsr1l,f,c
  4736   00176E  50DD               	movf	postdec2,w,c
  4737   001770  22E2               	addwfc	fsr1h,f,c
  4738   001772  CFE9 FFE7          	movff	fsr0l,indf1	;volatile
  4739   001776  EE25  F046         	lfsr	2,_r_queue+271
  4740   00177A  EE10 F00E          	lfsr	1,14
  4741   00177E  50DE               	movf	postinc2,w,c
  4742   001780  26E1               	addwf	fsr1l,f,c
  4743   001782  50DD               	movf	postdec2,w,c
  4744   001784  22E2               	addwfc	fsr1h,f,c
  4745   001786  CFE2 FFE7          	movff	fsr1h,indf1	;volatile
  4746   00178A  EE25  F046         	lfsr	2,_r_queue+271
  4747   00178E  EE10 F00D          	lfsr	1,13
  4748   001792  50DE               	movf	postinc2,w,c
  4749   001794  26E1               	addwf	fsr1l,f,c
  4750   001796  50DD               	movf	postdec2,w,c
  4751   001798  22E2               	addwfc	fsr1h,f,c
  4752   00179A  CFE1 FFE7          	movff	fsr1l,indf1	;volatile
  4753   00179E  EE25  F046         	lfsr	2,_r_queue+271
  4754   0017A2  EE10 F010          	lfsr	1,16
  4755   0017A6  50DE               	movf	postinc2,w,c
  4756   0017A8  26E1               	addwf	fsr1l,f,c
  4757   0017AA  50DD               	movf	postdec2,w,c
  4758   0017AC  22E2               	addwfc	fsr1h,f,c
  4759   0017AE  CFDA FFE7          	movff	fsr2h,indf1	;volatile
  4760   0017B2  EE25  F046         	lfsr	2,_r_queue+271
  4761   0017B6  EE10 F00F          	lfsr	1,15
  4762   0017BA  50DE               	movf	postinc2,w,c
  4763   0017BC  26E1               	addwf	fsr1l,f,c
  4764   0017BE  50DD               	movf	postdec2,w,c
  4765   0017C0  22E2               	addwfc	fsr1h,f,c
  4766   0017C2  CFD9 FFE7          	movff	fsr2l,indf1	;volatile
  4767   0017C6  EE25  F046         	lfsr	2,_r_queue+271
  4768   0017CA  EE10 F015          	lfsr	1,21
  4769   0017CE  50DE               	movf	postinc2,w,c
  4770   0017D0  26E1               	addwf	fsr1l,f,c
  4771   0017D2  50DD               	movf	postdec2,w,c
  4772   0017D4  22E2               	addwfc	fsr1h,f,c
  4773   0017D6  CFFA FFE7          	movff	pclath,indf1	;volatile
  4774   0017DA  EE25  F046         	lfsr	2,_r_queue+271
  4775   0017DE  EE10 F016          	lfsr	1,22
  4776   0017E2  50DE               	movf	postinc2,w,c
  4777   0017E4  26E1               	addwf	fsr1l,f,c
  4778   0017E6  50DD               	movf	postdec2,w,c
  4779   0017E8  22E2               	addwfc	fsr1h,f,c
  4780   0017EA  CFFB FFE7          	movff	pclatu,indf1	;volatile
  4781   0017EE  EE25  F046         	lfsr	2,_r_queue+271
  4782   0017F2  EE10 F00A          	lfsr	1,10
  4783   0017F6  50DE               	movf	postinc2,w,c
  4784   0017F8  26E1               	addwf	fsr1l,f,c
  4785   0017FA  50DD               	movf	postdec2,w,c
  4786   0017FC  22E2               	addwfc	fsr1h,f,c
  4787   0017FE  CFF4 FFE7          	movff	prodh,indf1	;volatile
  4788   001802  EE25  F046         	lfsr	2,_r_queue+271
  4789   001806  EE10 F009          	lfsr	1,9
  4790   00180A  50DE               	movf	postinc2,w,c
  4791   00180C  26E1               	addwf	fsr1l,f,c
  4792   00180E  50DD               	movf	postdec2,w,c
  4793   001810  22E2               	addwfc	fsr1h,f,c
  4794   001812  CFF3 FFE7          	movff	prodl,indf1	;volatile
  4795   001816  EE25  F046         	lfsr	2,_r_queue+271
  4796   00181A  EE10 F011          	lfsr	1,17
  4797   00181E  50DE               	movf	postinc2,w,c
  4798   001820  26E1               	addwf	fsr1l,f,c
  4799   001822  50DD               	movf	postdec2,w,c
  4800   001824  22E2               	addwfc	fsr1h,f,c
  4801   001826  CFF5 FFE7          	movff	tablat,indf1	;volatile
  4802   00182A  EE25  F046         	lfsr	2,_r_queue+271
  4803   00182E  EE10 F013          	lfsr	1,19
  4804   001832  50DE               	movf	postinc2,w,c
  4805   001834  26E1               	addwf	fsr1l,f,c
  4806   001836  50DD               	movf	postdec2,w,c
  4807   001838  22E2               	addwfc	fsr1h,f,c
  4808   00183A  CFF7 FFE7          	movff	tblptrh,indf1	;volatile
  4809   00183E  EE25  F046         	lfsr	2,_r_queue+271
  4810   001842  EE10 F012          	lfsr	1,18
  4811   001846  50DE               	movf	postinc2,w,c
  4812   001848  26E1               	addwf	fsr1l,f,c
  4813   00184A  50DD               	movf	postdec2,w,c
  4814   00184C  22E2               	addwfc	fsr1h,f,c
  4815   00184E  CFF6 FFE7          	movff	tblptrl,indf1	;volatile
  4816   001852  EE25  F046         	lfsr	2,_r_queue+271
  4817   001856  EE10 F014          	lfsr	1,20
  4818   00185A  50DE               	movf	postinc2,w,c
  4819   00185C  26E1               	addwf	fsr1l,f,c
  4820   00185E  50DD               	movf	postdec2,w,c
  4821   001860  22E2               	addwfc	fsr1h,f,c
  4822   001862  CFF8 FFE7          	movff	tblptru,indf1	;volatile
  4823   001866  EE25  F046         	lfsr	2,_r_queue+271
  4824   00186A  EE10 F006          	lfsr	1,6
  4825   00186E  50DE               	movf	postinc2,w,c
  4826   001870  26E1               	addwf	fsr1l,f,c
  4827   001872  50DD               	movf	postdec2,w,c
  4828   001874  22E2               	addwfc	fsr1h,f,c
  4829   001876  CFE8 FFE7          	movff	wreg,indf1	;volatile
  4830   00187A  EE25  F046         	lfsr	2,_r_queue+271
  4831   00187E  EE10 F007          	lfsr	1,7
  4832   001882  50DE               	movf	postinc2,w,c
  4833   001884  26E1               	addwf	fsr1l,f,c
  4834   001886  50DD               	movf	postdec2,w,c
  4835   001888  22E2               	addwfc	fsr1h,f,c
  4836   00188A  CFD8 FFE7          	movff	status,indf1	;volatile
  4837   00188E  EE25  F046         	lfsr	2,_r_queue+271
  4838   001892  EE10 F035          	lfsr	1,53
  4839   001896  50DE               	movf	postinc2,w,c
  4840   001898  26E1               	addwf	fsr1l,f,c
  4841   00189A  50DD               	movf	postdec2,w,c
  4842   00189C  22E2               	addwfc	fsr1h,f,c
  4843   00189E  6AE7               	clrf	indf1,c
  4844   0018A0  EFC9  F00C         	goto	i1l4356
  4845   0018A4                     i1l4352:
  4846   0018A4  EE25  F046         	lfsr	2,_r_queue+271
  4847   0018A8  EE10 F035          	lfsr	1,53
  4848   0018AC  50DE               	movf	postinc2,w,c
  4849   0018AE  26E1               	addwf	fsr1l,f,c
  4850   0018B0  50DD               	movf	postdec2,w,c
  4851   0018B2  22E2               	addwfc	fsr1h,f,c
  4852   0018B4  50E7               	movf	indf1,w,c
  4853   0018B6  0101               	movlb	1	; () banked
  4854   0018B8  6F6C               	movwf	??_sem_wait& (0+255),b
  4855   0018BA  516C               	movf	??_sem_wait& (0+255),w,b
  4856   0018BC  0D03               	mullw	3
  4857   0018BE  CFF3 F16D          	movff	prodl,??_sem_wait+1
  4858   0018C2  CFF4 F16E          	movff	prodh,??_sem_wait+2
  4859   0018C6  EE25  F046         	lfsr	2,_r_queue+271
  4860   0018CA  CFDE F16F          	movff	postinc2,??_sem_wait+3
  4861   0018CE  CFDD F170          	movff	postdec2,??_sem_wait+4
  4862   0018D2  516D               	movf	(??_sem_wait+1)& (0+255),w,b
  4863   0018D4  256F               	addwf	(??_sem_wait+3)& (0+255),w,b
  4864   0018D6  6F71               	movwf	(??_sem_wait+5)& (0+255),b
  4865   0018D8  516E               	movf	(??_sem_wait+2)& (0+255),w,b
  4866   0018DA  2170               	addwfc	(??_sem_wait+4)& (0+255),w,b
  4867   0018DC  6F72               	movwf	(??_sem_wait+6)& (0+255),b
  4868   0018DE  0E17               	movlw	23
  4869   0018E0  2571               	addwf	(??_sem_wait+5)& (0+255),w,b
  4870   0018E2  6ED9               	movwf	fsr2l,c
  4871   0018E4  0E00               	movlw	0
  4872   0018E6  2172               	addwfc	(??_sem_wait+6)& (0+255),w,b
  4873   0018E8  6EDA               	movwf	fsr2h,c
  4874   0018EA  CFFD FFDF          	movff	tosl,indf2	;volatile
  4875   0018EE  EE25  F046         	lfsr	2,_r_queue+271
  4876   0018F2  EE10 F035          	lfsr	1,53
  4877   0018F6  50DE               	movf	postinc2,w,c
  4878   0018F8  26E1               	addwf	fsr1l,f,c
  4879   0018FA  50DD               	movf	postdec2,w,c
  4880   0018FC  22E2               	addwfc	fsr1h,f,c
  4881   0018FE  50E7               	movf	indf1,w,c
  4882   001900  6F6C               	movwf	??_sem_wait& (0+255),b
  4883   001902  516C               	movf	??_sem_wait& (0+255),w,b
  4884   001904  0D03               	mullw	3
  4885   001906  CFF3 F16D          	movff	prodl,??_sem_wait+1
  4886   00190A  CFF4 F16E          	movff	prodh,??_sem_wait+2
  4887   00190E  EE25  F046         	lfsr	2,_r_queue+271
  4888   001912  CFDE F16F          	movff	postinc2,??_sem_wait+3
  4889   001916  CFDD F170          	movff	postdec2,??_sem_wait+4
  4890   00191A  516D               	movf	(??_sem_wait+1)& (0+255),w,b
  4891   00191C  256F               	addwf	(??_sem_wait+3)& (0+255),w,b
  4892   00191E  6F71               	movwf	(??_sem_wait+5)& (0+255),b
  4893   001920  516E               	movf	(??_sem_wait+2)& (0+255),w,b
  4894   001922  2170               	addwfc	(??_sem_wait+4)& (0+255),w,b
  4895   001924  6F72               	movwf	(??_sem_wait+6)& (0+255),b
  4896   001926  0E18               	movlw	24
  4897   001928  2571               	addwf	(??_sem_wait+5)& (0+255),w,b
  4898   00192A  6ED9               	movwf	fsr2l,c
  4899   00192C  0E00               	movlw	0
  4900   00192E  2172               	addwfc	(??_sem_wait+6)& (0+255),w,b
  4901   001930  6EDA               	movwf	fsr2h,c
  4902   001932  CFFE FFDF          	movff	tosh,indf2	;volatile
  4903   001936  EE25  F046         	lfsr	2,_r_queue+271
  4904   00193A  EE10 F035          	lfsr	1,53
  4905   00193E  50DE               	movf	postinc2,w,c
  4906   001940  26E1               	addwf	fsr1l,f,c
  4907   001942  50DD               	movf	postdec2,w,c
  4908   001944  22E2               	addwfc	fsr1h,f,c
  4909   001946  50E7               	movf	indf1,w,c
  4910   001948  6F6C               	movwf	??_sem_wait& (0+255),b
  4911   00194A  516C               	movf	??_sem_wait& (0+255),w,b
  4912   00194C  0D03               	mullw	3
  4913   00194E  CFF3 F16D          	movff	prodl,??_sem_wait+1
  4914   001952  CFF4 F16E          	movff	prodh,??_sem_wait+2
  4915   001956  EE25  F046         	lfsr	2,_r_queue+271
  4916   00195A  CFDE F16F          	movff	postinc2,??_sem_wait+3
  4917   00195E  CFDD F170          	movff	postdec2,??_sem_wait+4
  4918   001962  516D               	movf	(??_sem_wait+1)& (0+255),w,b
  4919   001964  256F               	addwf	(??_sem_wait+3)& (0+255),w,b
  4920   001966  6F71               	movwf	(??_sem_wait+5)& (0+255),b
  4921   001968  516E               	movf	(??_sem_wait+2)& (0+255),w,b
  4922   00196A  2170               	addwfc	(??_sem_wait+4)& (0+255),w,b
  4923   00196C  6F72               	movwf	(??_sem_wait+6)& (0+255),b
  4924   00196E  0E19               	movlw	25
  4925   001970  2571               	addwf	(??_sem_wait+5)& (0+255),w,b
  4926   001972  6ED9               	movwf	fsr2l,c
  4927   001974  0E00               	movlw	0
  4928   001976  2172               	addwfc	(??_sem_wait+6)& (0+255),w,b
  4929   001978  6EDA               	movwf	fsr2h,c
  4930   00197A  CFFF FFDF          	movff	tosu,indf2	;volatile
  4931   00197E                     
  4932                           ; BSR set to: 1
  4933   00197E  EE25  F046         	lfsr	2,_r_queue+271
  4934   001982  EE10 F035          	lfsr	1,53
  4935   001986  50DE               	movf	postinc2,w,c
  4936   001988  26E1               	addwf	fsr1l,f,c
  4937   00198A  50DD               	movf	postdec2,w,c
  4938   00198C  22E2               	addwfc	fsr1h,f,c
  4939   00198E  2AE7               	incf	indf1,f,c
  4940   001990  0006               	pop		;# 
  4941   001992                     i1l4356:
  4942   001992  50FC               	movf	252,w,c	;volatile
  4943   001994  A4D8               	btfss	status,2,c
  4944   001996  EFCF  F00C         	goto	i1u441_21
  4945   00199A  EFD1  F00C         	goto	i1u441_20
  4946   00199E                     i1u441_21:
  4947   00199E  EF52  F00C         	goto	i1l4352
  4948   0019A2                     i1u441_20:
  4949   0019A2                     i1l4358:
  4950                           
  4951                           ;sync.c: 26:         scheduler();
  4952   0019A2  EC7B  F016         	call	i1_scheduler	;wreg free
  4953   0019A6  EE25  F046         	lfsr	2,_r_queue+271
  4954   0019AA  EE10 F001          	lfsr	1,1
  4955   0019AE  50DE               	movf	postinc2,w,c
  4956   0019B0  26E1               	addwf	fsr1l,f,c
  4957   0019B2  50DD               	movf	postdec2,w,c
  4958   0019B4  22E2               	addwfc	fsr1h,f,c
  4959   0019B6  50E7               	movf	indf1,w,c
  4960   0019B8  A4D8               	btfss	status,2,c
  4961   0019BA  EFE1  F00C         	goto	i1u442_21
  4962   0019BE  EFE3  F00C         	goto	i1u442_20
  4963   0019C2                     i1u442_21:
  4964   0019C2  EF7A  F00E         	goto	i1l4380
  4965   0019C6                     i1u442_20:
  4966   0019C6  EE25  F046         	lfsr	2,_r_queue+271
  4967   0019CA  EE10 F001          	lfsr	1,1
  4968   0019CE  50DE               	movf	postinc2,w,c
  4969   0019D0  26E1               	addwf	fsr1l,f,c
  4970   0019D2  50DD               	movf	postdec2,w,c
  4971   0019D4  22E2               	addwfc	fsr1h,f,c
  4972   0019D6  0E02               	movlw	2
  4973   0019D8  6EE7               	movwf	indf1,c
  4974   0019DA  EE25  F046         	lfsr	2,_r_queue+271
  4975   0019DE  EE10 F008          	lfsr	1,8
  4976   0019E2  50DE               	movf	postinc2,w,c
  4977   0019E4  26E1               	addwf	fsr1l,f,c
  4978   0019E6  50DD               	movf	postdec2,w,c
  4979   0019E8  22E2               	addwfc	fsr1h,f,c
  4980   0019EA  50E7               	movf	indf1,w,c
  4981   0019EC  6EE0               	movwf	224,c	;volatile
  4982   0019EE  EE25  F046         	lfsr	2,_r_queue+271
  4983   0019F2  EE10 F00C          	lfsr	1,12
  4984   0019F6  50DE               	movf	postinc2,w,c
  4985   0019F8  26E1               	addwf	fsr1l,f,c
  4986   0019FA  50DD               	movf	postdec2,w,c
  4987   0019FC  22E2               	addwfc	fsr1h,f,c
  4988   0019FE  50E7               	movf	indf1,w,c
  4989   001A00  6EEA               	movwf	234,c	;volatile
  4990   001A02  EE25  F046         	lfsr	2,_r_queue+271
  4991   001A06  EE10 F00B          	lfsr	1,11
  4992   001A0A  50DE               	movf	postinc2,w,c
  4993   001A0C  26E1               	addwf	fsr1l,f,c
  4994   001A0E  50DD               	movf	postdec2,w,c
  4995   001A10  22E2               	addwfc	fsr1h,f,c
  4996   001A12  50E7               	movf	indf1,w,c
  4997   001A14  6EE9               	movwf	233,c	;volatile
  4998   001A16  EE25  F046         	lfsr	2,_r_queue+271
  4999   001A1A  EE10 F00E          	lfsr	1,14
  5000   001A1E  50DE               	movf	postinc2,w,c
  5001   001A20  26E1               	addwf	fsr1l,f,c
  5002   001A22  50DD               	movf	postdec2,w,c
  5003   001A24  22E2               	addwfc	fsr1h,f,c
  5004   001A26  50E7               	movf	indf1,w,c
  5005   001A28  6EE2               	movwf	226,c	;volatile
  5006   001A2A  EE25  F046         	lfsr	2,_r_queue+271
  5007   001A2E  EE10 F00D          	lfsr	1,13
  5008   001A32  50DE               	movf	postinc2,w,c
  5009   001A34  26E1               	addwf	fsr1l,f,c
  5010   001A36  50DD               	movf	postdec2,w,c
  5011   001A38  22E2               	addwfc	fsr1h,f,c
  5012   001A3A  50E7               	movf	indf1,w,c
  5013   001A3C  6EE1               	movwf	225,c	;volatile
  5014   001A3E  EE25  F046         	lfsr	2,_r_queue+271
  5015   001A42  EE10 F010          	lfsr	1,16
  5016   001A46  50DE               	movf	postinc2,w,c
  5017   001A48  26E1               	addwf	fsr1l,f,c
  5018   001A4A  50DD               	movf	postdec2,w,c
  5019   001A4C  22E2               	addwfc	fsr1h,f,c
  5020   001A4E  50E7               	movf	indf1,w,c
  5021   001A50  6EDA               	movwf	218,c	;volatile
  5022   001A52  EE25  F046         	lfsr	2,_r_queue+271
  5023   001A56  EE10 F00F          	lfsr	1,15
  5024   001A5A  50DE               	movf	postinc2,w,c
  5025   001A5C  26E1               	addwf	fsr1l,f,c
  5026   001A5E  50DD               	movf	postdec2,w,c
  5027   001A60  22E2               	addwfc	fsr1h,f,c
  5028   001A62  50E7               	movf	indf1,w,c
  5029   001A64  6ED9               	movwf	217,c	;volatile
  5030   001A66  EE25  F046         	lfsr	2,_r_queue+271
  5031   001A6A  EE10 F015          	lfsr	1,21
  5032   001A6E  50DE               	movf	postinc2,w,c
  5033   001A70  26E1               	addwf	fsr1l,f,c
  5034   001A72  50DD               	movf	postdec2,w,c
  5035   001A74  22E2               	addwfc	fsr1h,f,c
  5036   001A76  50E7               	movf	indf1,w,c
  5037   001A78  6EFA               	movwf	250,c	;volatile
  5038   001A7A  EE25  F046         	lfsr	2,_r_queue+271
  5039   001A7E  EE10 F016          	lfsr	1,22
  5040   001A82  50DE               	movf	postinc2,w,c
  5041   001A84  26E1               	addwf	fsr1l,f,c
  5042   001A86  50DD               	movf	postdec2,w,c
  5043   001A88  22E2               	addwfc	fsr1h,f,c
  5044   001A8A  50E7               	movf	indf1,w,c
  5045   001A8C  6EFB               	movwf	251,c	;volatile
  5046   001A8E  EE25  F046         	lfsr	2,_r_queue+271
  5047   001A92  EE10 F00A          	lfsr	1,10
  5048   001A96  50DE               	movf	postinc2,w,c
  5049   001A98  26E1               	addwf	fsr1l,f,c
  5050   001A9A  50DD               	movf	postdec2,w,c
  5051   001A9C  22E2               	addwfc	fsr1h,f,c
  5052   001A9E  50E7               	movf	indf1,w,c
  5053   001AA0  6EF4               	movwf	244,c	;volatile
  5054   001AA2  EE25  F046         	lfsr	2,_r_queue+271
  5055   001AA6  EE10 F009          	lfsr	1,9
  5056   001AAA  50DE               	movf	postinc2,w,c
  5057   001AAC  26E1               	addwf	fsr1l,f,c
  5058   001AAE  50DD               	movf	postdec2,w,c
  5059   001AB0  22E2               	addwfc	fsr1h,f,c
  5060   001AB2  50E7               	movf	indf1,w,c
  5061   001AB4  6EF3               	movwf	243,c	;volatile
  5062   001AB6  EE25  F046         	lfsr	2,_r_queue+271
  5063   001ABA  EE10 F011          	lfsr	1,17
  5064   001ABE  50DE               	movf	postinc2,w,c
  5065   001AC0  26E1               	addwf	fsr1l,f,c
  5066   001AC2  50DD               	movf	postdec2,w,c
  5067   001AC4  22E2               	addwfc	fsr1h,f,c
  5068   001AC6  50E7               	movf	indf1,w,c
  5069   001AC8  6EF5               	movwf	245,c	;volatile
  5070   001ACA  EE25  F046         	lfsr	2,_r_queue+271
  5071   001ACE  EE10 F013          	lfsr	1,19
  5072   001AD2  50DE               	movf	postinc2,w,c
  5073   001AD4  26E1               	addwf	fsr1l,f,c
  5074   001AD6  50DD               	movf	postdec2,w,c
  5075   001AD8  22E2               	addwfc	fsr1h,f,c
  5076   001ADA  50E7               	movf	indf1,w,c
  5077   001ADC  6EF7               	movwf	247,c	;volatile
  5078   001ADE  EE25  F046         	lfsr	2,_r_queue+271
  5079   001AE2  EE10 F012          	lfsr	1,18
  5080   001AE6  50DE               	movf	postinc2,w,c
  5081   001AE8  26E1               	addwf	fsr1l,f,c
  5082   001AEA  50DD               	movf	postdec2,w,c
  5083   001AEC  22E2               	addwfc	fsr1h,f,c
  5084   001AEE  50E7               	movf	indf1,w,c
  5085   001AF0  6EF6               	movwf	246,c	;volatile
  5086   001AF2  EE25  F046         	lfsr	2,_r_queue+271
  5087   001AF6  EE10 F014          	lfsr	1,20
  5088   001AFA  50DE               	movf	postinc2,w,c
  5089   001AFC  26E1               	addwf	fsr1l,f,c
  5090   001AFE  50DD               	movf	postdec2,w,c
  5091   001B00  22E2               	addwfc	fsr1h,f,c
  5092   001B02  50E7               	movf	indf1,w,c
  5093   001B04  6EF8               	movwf	248,c	;volatile
  5094   001B06  EE25  F046         	lfsr	2,_r_queue+271
  5095   001B0A  EE10 F007          	lfsr	1,7
  5096   001B0E  50DE               	movf	postinc2,w,c
  5097   001B10  26E1               	addwf	fsr1l,f,c
  5098   001B12  50DD               	movf	postdec2,w,c
  5099   001B14  22E2               	addwfc	fsr1h,f,c
  5100   001B16  50E7               	movf	indf1,w,c
  5101   001B18  6ED8               	movwf	216,c	;volatile
  5102   001B1A  EE25  F046         	lfsr	2,_r_queue+271
  5103   001B1E  EE10 F006          	lfsr	1,6
  5104   001B22  50DE               	movf	postinc2,w,c
  5105   001B24  26E1               	addwf	fsr1l,f,c
  5106   001B26  50DD               	movf	postdec2,w,c
  5107   001B28  22E2               	addwfc	fsr1h,f,c
  5108   001B2A  50E7               	movf	indf1,w,c
  5109   001B2C  0101               	movlb	1	; () banked
  5110   001B2E  6F6C               	movwf	??_sem_wait& (0+255),b
  5111   001B30  516C               	movf	??_sem_wait& (0+255),w,b
  5112   001B32                     
  5113                           ; BSR set to: 1
  5114   001B32  6AFC               	clrf	252,c	;volatile
  5115   001B34  EE25  F046         	lfsr	2,_r_queue+271
  5116   001B38  EE10 F035          	lfsr	1,53
  5117   001B3C  50DE               	movf	postinc2,w,c
  5118   001B3E  26E1               	addwf	fsr1l,f,c
  5119   001B40  50DD               	movf	postdec2,w,c
  5120   001B42  22E2               	addwfc	fsr1h,f,c
  5121   001B44  50E7               	movf	indf1,w,c
  5122   001B46  B4D8               	btfsc	status,2,c
  5123   001B48  EFA8  F00D         	goto	i1u443_21
  5124   001B4C  EFAA  F00D         	goto	i1u443_20
  5125   001B50                     i1u443_21:
  5126   001B50  EF33  F00E         	goto	i1l219
  5127   001B54                     i1u443_20:
  5128   001B54                     i1l220:
  5129                           
  5130                           ; BSR set to: 1
  5131   001B54  0005               	push		;# 
  5132   001B56  EE25  F046         	lfsr	2,_r_queue+271
  5133   001B5A  EE10 F035          	lfsr	1,53
  5134   001B5E  50DE               	movf	postinc2,w,c
  5135   001B60  26E1               	addwf	fsr1l,f,c
  5136   001B62  50DD               	movf	postdec2,w,c
  5137   001B64  22E2               	addwfc	fsr1h,f,c
  5138   001B66  06E7               	decf	indf1,f,c
  5139   001B68  EE25  F046         	lfsr	2,_r_queue+271
  5140   001B6C  EE10 F035          	lfsr	1,53
  5141   001B70  50DE               	movf	postinc2,w,c
  5142   001B72  26E1               	addwf	fsr1l,f,c
  5143   001B74  50DD               	movf	postdec2,w,c
  5144   001B76  22E2               	addwfc	fsr1h,f,c
  5145   001B78  50E7               	movf	indf1,w,c
  5146   001B7A  0101               	movlb	1	; () banked
  5147   001B7C  6F6C               	movwf	??_sem_wait& (0+255),b
  5148   001B7E  516C               	movf	??_sem_wait& (0+255),w,b
  5149   001B80  0D03               	mullw	3
  5150   001B82  CFF3 F16D          	movff	prodl,??_sem_wait+1
  5151   001B86  CFF4 F16E          	movff	prodh,??_sem_wait+2
  5152   001B8A  EE25  F046         	lfsr	2,_r_queue+271
  5153   001B8E  CFDE F16F          	movff	postinc2,??_sem_wait+3
  5154   001B92  CFDD F170          	movff	postdec2,??_sem_wait+4
  5155   001B96  516D               	movf	(??_sem_wait+1)& (0+255),w,b
  5156   001B98  256F               	addwf	(??_sem_wait+3)& (0+255),w,b
  5157   001B9A  6F71               	movwf	(??_sem_wait+5)& (0+255),b
  5158   001B9C  516E               	movf	(??_sem_wait+2)& (0+255),w,b
  5159   001B9E  2170               	addwfc	(??_sem_wait+4)& (0+255),w,b
  5160   001BA0  6F72               	movwf	(??_sem_wait+6)& (0+255),b
  5161   001BA2  0E17               	movlw	23
  5162   001BA4  2571               	addwf	(??_sem_wait+5)& (0+255),w,b
  5163   001BA6  6ED9               	movwf	fsr2l,c
  5164   001BA8  0E00               	movlw	0
  5165   001BAA  2172               	addwfc	(??_sem_wait+6)& (0+255),w,b
  5166   001BAC  6EDA               	movwf	fsr2h,c
  5167   001BAE  50DF               	movf	indf2,w,c
  5168   001BB0  6EFD               	movwf	253,c	;volatile
  5169   001BB2                     
  5170                           ; BSR set to: 1
  5171   001BB2  EE25  F046         	lfsr	2,_r_queue+271
  5172   001BB6  EE10 F035          	lfsr	1,53
  5173   001BBA  50DE               	movf	postinc2,w,c
  5174   001BBC  26E1               	addwf	fsr1l,f,c
  5175   001BBE  50DD               	movf	postdec2,w,c
  5176   001BC0  22E2               	addwfc	fsr1h,f,c
  5177   001BC2  50E7               	movf	indf1,w,c
  5178   001BC4  6F6C               	movwf	??_sem_wait& (0+255),b
  5179   001BC6  516C               	movf	??_sem_wait& (0+255),w,b
  5180   001BC8  0D03               	mullw	3
  5181   001BCA  CFF3 F16D          	movff	prodl,??_sem_wait+1
  5182   001BCE  CFF4 F16E          	movff	prodh,??_sem_wait+2
  5183   001BD2  EE25  F046         	lfsr	2,_r_queue+271
  5184   001BD6  CFDE F16F          	movff	postinc2,??_sem_wait+3
  5185   001BDA  CFDD F170          	movff	postdec2,??_sem_wait+4
  5186   001BDE  516D               	movf	(??_sem_wait+1)& (0+255),w,b
  5187   001BE0  256F               	addwf	(??_sem_wait+3)& (0+255),w,b
  5188   001BE2  6F71               	movwf	(??_sem_wait+5)& (0+255),b
  5189   001BE4  516E               	movf	(??_sem_wait+2)& (0+255),w,b
  5190   001BE6  2170               	addwfc	(??_sem_wait+4)& (0+255),w,b
  5191   001BE8  6F72               	movwf	(??_sem_wait+6)& (0+255),b
  5192   001BEA  0E18               	movlw	24
  5193   001BEC  2571               	addwf	(??_sem_wait+5)& (0+255),w,b
  5194   001BEE  6ED9               	movwf	fsr2l,c
  5195   001BF0  0E00               	movlw	0
  5196   001BF2  2172               	addwfc	(??_sem_wait+6)& (0+255),w,b
  5197   001BF4  6EDA               	movwf	fsr2h,c
  5198   001BF6  50DF               	movf	indf2,w,c
  5199   001BF8  6EFE               	movwf	254,c	;volatile
  5200   001BFA                     
  5201                           ; BSR set to: 1
  5202   001BFA  EE25  F046         	lfsr	2,_r_queue+271
  5203   001BFE  EE10 F035          	lfsr	1,53
  5204   001C02  50DE               	movf	postinc2,w,c
  5205   001C04  26E1               	addwf	fsr1l,f,c
  5206   001C06  50DD               	movf	postdec2,w,c
  5207   001C08  22E2               	addwfc	fsr1h,f,c
  5208   001C0A  50E7               	movf	indf1,w,c
  5209   001C0C  6F6C               	movwf	??_sem_wait& (0+255),b
  5210   001C0E  516C               	movf	??_sem_wait& (0+255),w,b
  5211   001C10  0D03               	mullw	3
  5212   001C12  CFF3 F16D          	movff	prodl,??_sem_wait+1
  5213   001C16  CFF4 F16E          	movff	prodh,??_sem_wait+2
  5214   001C1A  EE25  F046         	lfsr	2,_r_queue+271
  5215   001C1E  CFDE F16F          	movff	postinc2,??_sem_wait+3
  5216   001C22  CFDD F170          	movff	postdec2,??_sem_wait+4
  5217   001C26  516D               	movf	(??_sem_wait+1)& (0+255),w,b
  5218   001C28  256F               	addwf	(??_sem_wait+3)& (0+255),w,b
  5219   001C2A  6F71               	movwf	(??_sem_wait+5)& (0+255),b
  5220   001C2C  516E               	movf	(??_sem_wait+2)& (0+255),w,b
  5221   001C2E  2170               	addwfc	(??_sem_wait+4)& (0+255),w,b
  5222   001C30  6F72               	movwf	(??_sem_wait+6)& (0+255),b
  5223   001C32  0E19               	movlw	25
  5224   001C34  2571               	addwf	(??_sem_wait+5)& (0+255),w,b
  5225   001C36  6ED9               	movwf	fsr2l,c
  5226   001C38  0E00               	movlw	0
  5227   001C3A  2172               	addwfc	(??_sem_wait+6)& (0+255),w,b
  5228   001C3C  6EDA               	movwf	fsr2h,c
  5229   001C3E  50DF               	movf	indf2,w,c
  5230   001C40  6EFF               	movwf	255,c	;volatile
  5231   001C42                     
  5232                           ; BSR set to: 1
  5233   001C42  EE25  F046         	lfsr	2,_r_queue+271
  5234   001C46  EE10 F035          	lfsr	1,53
  5235   001C4A  50DE               	movf	postinc2,w,c
  5236   001C4C  26E1               	addwf	fsr1l,f,c
  5237   001C4E  50DD               	movf	postdec2,w,c
  5238   001C50  22E2               	addwfc	fsr1h,f,c
  5239   001C52  50E7               	movf	indf1,w,c
  5240   001C54  A4D8               	btfss	status,2,c
  5241   001C56  EF2F  F00E         	goto	i1u444_21
  5242   001C5A  EF31  F00E         	goto	i1u444_20
  5243   001C5E                     i1u444_21:
  5244   001C5E  EFAA  F00D         	goto	i1l220
  5245   001C62                     i1u444_20:
  5246   001C62  EF78  F00E         	goto	i1l4378
  5247   001C66                     i1l219:
  5248                           
  5249                           ; BSR set to: 1
  5250   001C66  0005               	push		;# 
  5251   001C68  EE25  F046         	lfsr	2,_r_queue+271
  5252   001C6C  EE10 F002          	lfsr	1,2
  5253   001C70  50DE               	movf	postinc2,w,c
  5254   001C72  26E1               	addwf	fsr1l,f,c
  5255   001C74  50DD               	movf	postdec2,w,c
  5256   001C76  22E2               	addwfc	fsr1h,f,c
  5257   001C78  50E7               	movf	indf1,w,c
  5258   001C7A  6EFD               	movwf	253,c	;volatile
  5259   001C7C  EE25  F046         	lfsr	2,_r_queue+271
  5260   001C80  EE10 F002          	lfsr	1,2
  5261   001C84  50DE               	movf	postinc2,w,c
  5262   001C86  26E1               	addwf	fsr1l,f,c
  5263   001C88  50DD               	movf	postdec2,w,c
  5264   001C8A  22E2               	addwfc	fsr1h,f,c
  5265   001C8C  CFE6 F16C          	movff	postinc1,??_sem_wait
  5266   001C90  CFE5 F16D          	movff	postdec1,??_sem_wait+1
  5267   001C94  C16C  F16E         	movff	??_sem_wait,??_sem_wait+2
  5268   001C98  C16D  F16F         	movff	??_sem_wait+1,??_sem_wait+3
  5269   001C9C  0101               	movlb	1	; () banked
  5270   001C9E  6B70               	clrf	(??_sem_wait+4)& (0+255),b
  5271   001CA0  C16F  F16E         	movff	??_sem_wait+3,??_sem_wait+2
  5272   001CA4  C170  F16F         	movff	??_sem_wait+4,??_sem_wait+3
  5273   001CA8  6B70               	clrf	(??_sem_wait+4)& (0+255),b
  5274   001CAA  516E               	movf	(??_sem_wait+2)& (0+255),w,b
  5275   001CAC  6EFE               	movwf	254,c	;volatile
  5276   001CAE  0E10               	movlw	16
  5277   001CB0  6F6C               	movwf	??_sem_wait& (0+255),b
  5278   001CB2  EE25  F046         	lfsr	2,_r_queue+271
  5279   001CB6  EE10 F002          	lfsr	1,2
  5280   001CBA  50DE               	movf	postinc2,w,c
  5281   001CBC  26E1               	addwf	fsr1l,f,c
  5282   001CBE  50DD               	movf	postdec2,w,c
  5283   001CC0  22E2               	addwfc	fsr1h,f,c
  5284   001CC2  CFE6 F16D          	movff	postinc1,??_sem_wait+1
  5285   001CC6  CFE5 F16E          	movff	postdec1,??_sem_wait+2
  5286   001CCA  C16D  F16F         	movff	??_sem_wait+1,??_sem_wait+3
  5287   001CCE  C16E  F170         	movff	??_sem_wait+2,??_sem_wait+4
  5288   001CD2  6B71               	clrf	(??_sem_wait+5)& (0+255),b
  5289   001CD4  296C               	incf	??_sem_wait& (0+255),w,b
  5290   001CD6  6F72               	movwf	(??_sem_wait+6)& (0+255),b
  5291   001CD8  EF72  F00E         	goto	i1u445_20
  5292   001CDC                     i1u445_25:
  5293   001CDC  90D8               	bcf	status,0,c
  5294   001CDE  3371               	rrcf	(??_sem_wait+5)& (0+255),f,b
  5295   001CE0  3370               	rrcf	(??_sem_wait+4)& (0+255),f,b
  5296   001CE2  336F               	rrcf	(??_sem_wait+3)& (0+255),f,b
  5297   001CE4                     i1u445_20:
  5298   001CE4  2F72               	decfsz	(??_sem_wait+6)& (0+255),f,b
  5299   001CE6  EF6E  F00E         	goto	i1u445_25
  5300   001CEA  0101               	movlb	1	; () banked
  5301   001CEC  516F               	movf	(??_sem_wait+3)& (0+255),w,b
  5302   001CEE  6EFF               	movwf	255,c	;volatile
  5303   001CF0                     i1l4378:
  5304                           
  5305                           ; BSR set to: 1
  5306   001CF0  0E05               	movlw	5
  5307   001CF2  6E23               	movwf	_rr_quantum^0,c
  5308   001CF4                     i1l4380:
  5309                           
  5310                           ;sync.c: 30:     INTCONbits.GIE = 1;;
  5311   001CF4  8EF2               	bsf	242,7,c	;volatile
  5312   001CF6  0012               	return		;funcret
  5313   001CF8                     __end_of_sem_wait:
  5314                           	callstack 0
  5315                           
  5316 ;; *************** function _sem_post *****************
  5317 ;; Defined at:
  5318 ;;		line 33 in file "sync.c"
  5319 ;; Parameters:    Size  Location     Type
  5320 ;;  sem             1   91[BANK1 ] PTR struct sem
  5321 ;;		 -> adc_pipe(22), 
  5322 ;; Auto vars:     Size  Location     Type
  5323 ;;		None
  5324 ;; Return value:  Size  Location     Type
  5325 ;;                  1    wreg      void 
  5326 ;; Registers used:
  5327 ;;		wreg, fsr1l, fsr1h, fsr2l, fsr2h, status,2, status,0, prodl, prodh
  5328 ;; Tracked objects:
  5329 ;;		On entry : 0/0
  5330 ;;		On exit  : 0/0
  5331 ;;		Unchanged: 0/0
  5332 ;; Data sizes:     COMRAM   BANK0   BANK1   BANK2   BANK3   BANK4   BANK5   BANK6   BANK7   BANK8   BANK9  BANK10  BANK1
      +1  BANK12  BANK13  BANK14  BANK15
  5333 ;;      Params:         0       0       1       0       0       0       0       0       0       0       0       0       
      +0       0       0       0       0
  5334 ;;      Locals:         0       0       0       0       0       0       0       0       0       0       0       0       
      +0       0       0       0       0
  5335 ;;      Temps:          0       0       2       0       0       0       0       0       0       0       0       0       
      +0       0       0       0       0
  5336 ;;      Totals:         0       0       3       0       0       0       0       0       0       0       0       0       
      +0       0       0       0       0
  5337 ;;Total ram usage:        3 bytes
  5338 ;; Hardware stack levels used: 1
  5339 ;; Hardware stack levels required when called: 4
  5340 ;; This function calls:
  5341 ;;		Nothing
  5342 ;; This function is called by:
  5343 ;;		_pipe_write
  5344 ;;		_pipe_read
  5345 ;; This function uses a non-reentrant model
  5346 ;;
  5347                           
  5348                           	psect	text22
  5349   0028C6                     __ptext22:
  5350                           	callstack 0
  5351   0028C6                     _sem_post:
  5352                           	callstack 20
  5353   0028C6                     
  5354                           ;sync.c: 33: void sem_post(sem_t *sem);sync.c: 34: {;sync.c: 35:     INTCONbits.GIE = 0;
      +                          ;
  5355   0028C6  9EF2               	bcf	242,7,c	;volatile
  5356   0028C8                     
  5357                           ;sync.c: 37:     sem->contador++;
  5358   0028C8  0101               	movlb	1	; () banked
  5359   0028CA  515B               	movf	sem_post@sem& (0+255),w,b
  5360   0028CC  6ED9               	movwf	fsr2l,c
  5361   0028CE  6ADA               	clrf	fsr2h,c
  5362   0028D0  2ADE               	incf	postinc2,f,c
  5363   0028D2  0E00               	movlw	0
  5364   0028D4  22DD               	addwfc	postdec2,f,c
  5365                           
  5366                           ;sync.c: 38:     if (sem->contador <= 0) {
  5367   0028D6  515B               	movf	sem_post@sem& (0+255),w,b
  5368   0028D8  6ED9               	movwf	fsr2l,c
  5369   0028DA  6ADA               	clrf	fsr2h,c
  5370   0028DC  0E01               	movlw	1
  5371   0028DE  BEDB               	btfsc	plusw2,7,c
  5372   0028E0  EF7D  F014         	goto	i1u446_20
  5373   0028E4  0E01               	movlw	1
  5374   0028E6  50DB               	movf	plusw2,w,c
  5375   0028E8  E106               	bnz	i1u446_21
  5376   0028EA  04DE               	decf	postinc2,w,c
  5377   0028EC  B0D8               	btfsc	status,0,c
  5378   0028EE  EF7B  F014         	goto	i1u446_21
  5379   0028F2  EF7D  F014         	goto	i1u446_20
  5380   0028F6                     i1u446_21:
  5381   0028F6  EFA4  F014         	goto	i1l4390
  5382   0028FA                     i1u446_20:
  5383   0028FA                     
  5384                           ; BSR set to: 1
  5385                           ;sync.c: 40:         r_queue.TASKS[sem->fila[sem->pos_output]].task_state = READY;
  5386   0028FA  515B               	movf	sem_post@sem& (0+255),w,b
  5387   0028FC  6ED9               	movwf	fsr2l,c
  5388   0028FE  6ADA               	clrf	fsr2h,c
  5389   002900  0E07               	movlw	7
  5390   002902  26D9               	addwf	fsr2l,f,c
  5391   002904  50DF               	movf	indf2,w,c
  5392   002906  6F5C               	movwf	??_sem_post& (0+255),b
  5393   002908  515B               	movf	sem_post@sem& (0+255),w,b
  5394   00290A  255C               	addwf	??_sem_post& (0+255),w,b
  5395   00290C  6ED9               	movwf	fsr2l,c
  5396   00290E  6ADA               	clrf	fsr2h,c
  5397   002910  0E02               	movlw	2
  5398   002912  26D9               	addwf	fsr2l,f,c
  5399   002914  50DF               	movf	indf2,w,c
  5400   002916  6F5D               	movwf	(??_sem_post+1)& (0+255),b
  5401   002918  515D               	movf	(??_sem_post+1)& (0+255),w,b
  5402   00291A  0D36               	mullw	54
  5403   00291C  0E38               	movlw	low (_r_queue+1)
  5404   00291E  24F3               	addwf	243,w,c
  5405   002920  6ED9               	movwf	fsr2l,c
  5406   002922  0E04               	movlw	high (_r_queue+1)
  5407   002924  20F4               	addwfc	prodh,w,c
  5408   002926  6EDA               	movwf	fsr2h,c
  5409   002928  6ADF               	clrf	indf2,c
  5410   00292A                     
  5411                           ; BSR set to: 1
  5412                           ;sync.c: 41:         sem->pos_output = (sem->pos_output + 1) % 4;
  5413   00292A  515B               	movf	sem_post@sem& (0+255),w,b
  5414   00292C  6ED9               	movwf	fsr2l,c
  5415   00292E  6ADA               	clrf	fsr2h,c
  5416   002930  0E07               	movlw	7
  5417   002932  26D9               	addwf	fsr2l,f,c
  5418   002934  515B               	movf	sem_post@sem& (0+255),w,b
  5419   002936  6EE1               	movwf	fsr1l,c
  5420   002938  6AE2               	clrf	fsr1h,c
  5421   00293A  0E07               	movlw	7
  5422   00293C  26E1               	addwf	fsr1l,f,c
  5423   00293E  50E7               	movf	indf1,w,c
  5424   002940  6F5C               	movwf	??_sem_post& (0+255),b
  5425   002942  295C               	incf	??_sem_post& (0+255),w,b
  5426   002944  0B03               	andlw	3
  5427   002946  6EDF               	movwf	indf2,c
  5428   002948                     i1l4390:
  5429                           
  5430                           ; BSR set to: 1
  5431                           ;sync.c: 44:     INTCONbits.GIE = 1;;
  5432   002948  8EF2               	bsf	242,7,c	;volatile
  5433   00294A                     
  5434                           ; BSR set to: 1
  5435   00294A  0012               	return		;funcret
  5436   00294C                     __end_of_sem_post:
  5437                           	callstack 0
  5438                           
  5439 ;; *************** function _mutex_unlock *****************
  5440 ;; Defined at:
  5441 ;;		line 94 in file "sync.c"
  5442 ;; Parameters:    Size  Location     Type
  5443 ;;  mutex           1    4[BANK0 ] PTR struct mutex
  5444 ;;		 -> adc_mutex(9), 
  5445 ;; Auto vars:     Size  Location     Type
  5446 ;;  next_owner      1    7[BANK0 ] unsigned char 
  5447 ;; Return value:  Size  Location     Type
  5448 ;;                  1    wreg      unsigned char 
  5449 ;; Registers used:
  5450 ;;		wreg, fsr1l, fsr1h, fsr2l, fsr2h, status,2, status,0, prodl, prodh
  5451 ;; Tracked objects:
  5452 ;;		On entry : 0/0
  5453 ;;		On exit  : 0/0
  5454 ;;		Unchanged: 0/0
  5455 ;; Data sizes:     COMRAM   BANK0   BANK1   BANK2   BANK3   BANK4   BANK5   BANK6   BANK7   BANK8   BANK9  BANK10  BANK1
      +1  BANK12  BANK13  BANK14  BANK15
  5456 ;;      Params:         0       1       0       0       0       0       0       0       0       0       0       0       
      +0       0       0       0       0
  5457 ;;      Locals:         0       1       0       0       0       0       0       0       0       0       0       0       
      +0       0       0       0       0
  5458 ;;      Temps:          0       2       0       0       0       0       0       0       0       0       0       0       
      +0       0       0       0       0
  5459 ;;      Totals:         0       4       0       0       0       0       0       0       0       0       0       0       
      +0       0       0       0       0
  5460 ;;Total ram usage:        4 bytes
  5461 ;; Hardware stack levels used: 1
  5462 ;; Hardware stack levels required when called: 4
  5463 ;; This function calls:
  5464 ;;		Nothing
  5465 ;; This function is called by:
  5466 ;;		_task_blink3
  5467 ;; This function uses a non-reentrant model
  5468 ;;
  5469                           
  5470                           	psect	text23
  5471   0025EE                     __ptext23:
  5472                           	callstack 0
  5473   0025EE                     _mutex_unlock:
  5474                           	callstack 21
  5475   0025EE                     
  5476                           ;sync.c: 94: uint8_t mutex_unlock(mutex_t *mutex);sync.c: 95: {;sync.c: 96:     INTCONbi
      +                          ts.GIE = 0;;
  5477   0025EE  9EF2               	bcf	242,7,c	;volatile
  5478   0025F0                     
  5479                           ;sync.c: 99:     if (mutex->owner_id != r_queue.pos_task_running) {
  5480   0025F0  EE25  F048         	lfsr	2,_r_queue+273
  5481   0025F4  0100               	movlb	0	; () banked
  5482   0025F6  5183               	movf	mutex_unlock@mutex& (0+255),w,b
  5483   0025F8  6EE1               	movwf	fsr1l,c
  5484   0025FA  6AE2               	clrf	fsr1h,c
  5485   0025FC  0E01               	movlw	1
  5486   0025FE  26E1               	addwf	fsr1l,f,c
  5487   002600  50DE               	movf	postinc2,w,c
  5488   002602  18E6               	xorwf	postinc1,w,c
  5489   002604  B4D8               	btfsc	status,2,c
  5490   002606  EF07  F013         	goto	i1u455_21
  5491   00260A  EF09  F013         	goto	i1u455_20
  5492   00260E                     i1u455_21:
  5493   00260E  EF0C  F013         	goto	i1l4452
  5494   002612                     i1u455_20:
  5495   002612                     
  5496                           ; BSR set to: 0
  5497                           ;sync.c: 100:         INTCONbits.GIE = 1;;
  5498   002612  8EF2               	bsf	242,7,c	;volatile
  5499                           
  5500                           ;sync.c: 101:         return 1;;	Return value of _mutex_unlock is never used
  5501   002614  EF5B  F013         	goto	i1l253
  5502   002618                     i1l4452:
  5503                           
  5504                           ; BSR set to: 0
  5505                           ;sync.c: 105:     if (mutex->waiting_count > 0) {
  5506   002618  5183               	movf	mutex_unlock@mutex& (0+255),w,b
  5507   00261A  6ED9               	movwf	fsr2l,c
  5508   00261C  6ADA               	clrf	fsr2h,c
  5509   00261E  0E06               	movlw	6
  5510   002620  26D9               	addwf	fsr2l,f,c
  5511   002622  50DF               	movf	indf2,w,c
  5512   002624  B4D8               	btfsc	status,2,c
  5513   002626  EF17  F013         	goto	i1u456_21
  5514   00262A  EF19  F013         	goto	i1u456_20
  5515   00262E                     i1u456_21:
  5516   00262E  EF4F  F013         	goto	i1l4464
  5517   002632                     i1u456_20:
  5518   002632                     
  5519                           ; BSR set to: 0
  5520                           ;sync.c: 107:         uint8_t next_owner = mutex->waiting_queue[mutex->pos_output];
  5521   002632  5183               	movf	mutex_unlock@mutex& (0+255),w,b
  5522   002634  6ED9               	movwf	fsr2l,c
  5523   002636  6ADA               	clrf	fsr2h,c
  5524   002638  0E08               	movlw	8
  5525   00263A  26D9               	addwf	fsr2l,f,c
  5526   00263C  50DF               	movf	indf2,w,c
  5527   00263E  6F84               	movwf	??_mutex_unlock& (0+255),b
  5528   002640  5183               	movf	mutex_unlock@mutex& (0+255),w,b
  5529   002642  2584               	addwf	??_mutex_unlock& (0+255),w,b
  5530   002644  6ED9               	movwf	fsr2l,c
  5531   002646  6ADA               	clrf	fsr2h,c
  5532   002648  0E02               	movlw	2
  5533   00264A  26D9               	addwf	fsr2l,f,c
  5534   00264C  50DF               	movf	indf2,w,c
  5535   00264E  6F86               	movwf	mutex_unlock@next_owner& (0+255),b
  5536   002650                     
  5537                           ; BSR set to: 0
  5538                           ;sync.c: 108:         mutex->pos_output = (mutex->pos_output + 1) % 4;
  5539   002650  5183               	movf	mutex_unlock@mutex& (0+255),w,b
  5540   002652  6ED9               	movwf	fsr2l,c
  5541   002654  6ADA               	clrf	fsr2h,c
  5542   002656  0E08               	movlw	8
  5543   002658  26D9               	addwf	fsr2l,f,c
  5544   00265A  5183               	movf	mutex_unlock@mutex& (0+255),w,b
  5545   00265C  6EE1               	movwf	fsr1l,c
  5546   00265E  6AE2               	clrf	fsr1h,c
  5547   002660  0E08               	movlw	8
  5548   002662  26E1               	addwf	fsr1l,f,c
  5549   002664  50E7               	movf	indf1,w,c
  5550   002666  6F84               	movwf	??_mutex_unlock& (0+255),b
  5551   002668  2984               	incf	??_mutex_unlock& (0+255),w,b
  5552   00266A  0B03               	andlw	3
  5553   00266C  6EDF               	movwf	indf2,c
  5554   00266E                     
  5555                           ; BSR set to: 0
  5556                           ;sync.c: 109:         mutex->waiting_count--;
  5557   00266E  5183               	movf	mutex_unlock@mutex& (0+255),w,b
  5558   002670  6ED9               	movwf	fsr2l,c
  5559   002672  6ADA               	clrf	fsr2h,c
  5560   002674  0E06               	movlw	6
  5561   002676  26D9               	addwf	fsr2l,f,c
  5562   002678  06DF               	decf	indf2,f,c
  5563   00267A                     
  5564                           ; BSR set to: 0
  5565                           ;sync.c: 112:         r_queue.TASKS[next_owner].task_state = READY;
  5566   00267A  5186               	movf	mutex_unlock@next_owner& (0+255),w,b
  5567   00267C  0D36               	mullw	54
  5568   00267E  0E38               	movlw	low (_r_queue+1)
  5569   002680  24F3               	addwf	243,w,c
  5570   002682  6ED9               	movwf	fsr2l,c
  5571   002684  0E04               	movlw	high (_r_queue+1)
  5572   002686  20F4               	addwfc	prodh,w,c
  5573   002688  6EDA               	movwf	fsr2h,c
  5574   00268A  6ADF               	clrf	indf2,c
  5575   00268C                     
  5576                           ; BSR set to: 0
  5577                           ;sync.c: 113:         mutex->owner_id = next_owner;
  5578   00268C  5183               	movf	mutex_unlock@mutex& (0+255),w,b
  5579   00268E  6ED9               	movwf	fsr2l,c
  5580   002690  6ADA               	clrf	fsr2h,c
  5581   002692  0E01               	movlw	1
  5582   002694  26D9               	addwf	fsr2l,f,c
  5583   002696  C086  FFDF         	movff	mutex_unlock@next_owner,indf2
  5584                           
  5585                           ;sync.c: 114:     }
  5586   00269A  EF5A  F013         	goto	i1l4468
  5587   00269E                     i1l4464:
  5588                           
  5589                           ; BSR set to: 0
  5590                           ;sync.c: 117:         mutex->locked = 0;
  5591   00269E  5183               	movf	mutex_unlock@mutex& (0+255),w,b
  5592   0026A0  6ED9               	movwf	fsr2l,c
  5593   0026A2  6ADA               	clrf	fsr2h,c
  5594   0026A4  6ADF               	clrf	indf2,c
  5595   0026A6                     
  5596                           ; BSR set to: 0
  5597                           ;sync.c: 118:         mutex->owner_id = 255;
  5598   0026A6  5183               	movf	mutex_unlock@mutex& (0+255),w,b
  5599   0026A8  6ED9               	movwf	fsr2l,c
  5600   0026AA  6ADA               	clrf	fsr2h,c
  5601   0026AC  0E01               	movlw	1
  5602   0026AE  26D9               	addwf	fsr2l,f,c
  5603   0026B0  0EFF               	movlw	255
  5604   0026B2  6EDF               	movwf	indf2,c
  5605   0026B4                     i1l4468:
  5606                           
  5607                           ; BSR set to: 0
  5608                           ;sync.c: 121:     INTCONbits.GIE = 1;;
  5609   0026B4  8EF2               	bsf	242,7,c	;volatile
  5610   0026B6                     i1l253:
  5611                           
  5612                           ; BSR set to: 0
  5613   0026B6  0012               	return		;funcret
  5614   0026B8                     __end_of_mutex_unlock:
  5615                           	callstack 0
  5616                           
  5617 ;; *************** function _mutex_lock *****************
  5618 ;; Defined at:
  5619 ;;		line 62 in file "sync.c"
  5620 ;; Parameters:    Size  Location     Type
  5621 ;;  mutex           1   76[BANK1 ] PTR struct mutex
  5622 ;;		 -> adc_mutex(9), 
  5623 ;; Auto vars:     Size  Location     Type
  5624 ;;		None
  5625 ;; Return value:  Size  Location     Type
  5626 ;;                  1    wreg      unsigned char 
  5627 ;; Registers used:
  5628 ;;		wreg, fsr1l, fsr1h, fsr2l, fsr2h, status,2, status,0, prodl, prodh, cstack
  5629 ;; Tracked objects:
  5630 ;;		On entry : 0/0
  5631 ;;		On exit  : 0/0
  5632 ;;		Unchanged: 0/0
  5633 ;; Data sizes:     COMRAM   BANK0   BANK1   BANK2   BANK3   BANK4   BANK5   BANK6   BANK7   BANK8   BANK9  BANK10  BANK1
      +1  BANK12  BANK13  BANK14  BANK15
  5634 ;;      Params:         0       0       1       0       0       0       0       0       0       0       0       0       
      +0       0       0       0       0
  5635 ;;      Locals:         0       0       0       0       0       0       0       0       0       0       0       0       
      +0       0       0       0       0
  5636 ;;      Temps:          0       0       7       0       0       0       0       0       0       0       0       0       
      +0       0       0       0       0
  5637 ;;      Totals:         0       0       8       0       0       0       0       0       0       0       0       0       
      +0       0       0       0       0
  5638 ;;Total ram usage:        8 bytes
  5639 ;; Hardware stack levels used: 1
  5640 ;; Hardware stack levels required when called: 7
  5641 ;; This function calls:
  5642 ;;		i1_scheduler
  5643 ;; This function is called by:
  5644 ;;		_task_blink3
  5645 ;; This function uses a non-reentrant model
  5646 ;;
  5647                           
  5648                           	psect	text24
  5649   001002                     __ptext24:
  5650                           	callstack 0
  5651   001002                     _mutex_lock:
  5652                           	callstack 18
  5653   001002                     
  5654                           ;sync.c: 62:  uint8_t mutex_lock(mutex_t *mutex);sync.c: 63: {;sync.c: 64:     INTCONbit
      +                          s.GIE = 0;;
  5655   001002  9EF2               	bcf	242,7,c	;volatile
  5656   001004                     
  5657                           ;sync.c: 67:     if (mutex->locked == 0) {
  5658   001004  0101               	movlb	1	; () banked
  5659   001006  514C               	movf	mutex_lock@mutex& (0+255),w,b
  5660   001008  6ED9               	movwf	fsr2l,c
  5661   00100A  6ADA               	clrf	fsr2h,c
  5662   00100C  50DF               	movf	indf2,w,c
  5663   00100E  A4D8               	btfss	status,2,c
  5664   001010  EF0C  F008         	goto	i1u447_21
  5665   001014  EF0E  F008         	goto	i1u447_20
  5666   001018                     i1u447_21:
  5667   001018  EF1F  F008         	goto	i1l4404
  5668   00101C                     i1u447_20:
  5669   00101C                     
  5670                           ; BSR set to: 1
  5671                           ;sync.c: 68:         mutex->locked = 1;
  5672   00101C  514C               	movf	mutex_lock@mutex& (0+255),w,b
  5673   00101E  6ED9               	movwf	fsr2l,c
  5674   001020  6ADA               	clrf	fsr2h,c
  5675   001022  0E01               	movlw	1
  5676   001024  6EDF               	movwf	indf2,c
  5677   001026                     
  5678                           ; BSR set to: 1
  5679                           ;sync.c: 69:         mutex->owner_id = r_queue.pos_task_running;
  5680   001026  EE25  F048         	lfsr	2,_r_queue+273
  5681   00102A  514C               	movf	mutex_lock@mutex& (0+255),w,b
  5682   00102C  6EE1               	movwf	fsr1l,c
  5683   00102E  6AE2               	clrf	fsr1h,c
  5684   001030  0E01               	movlw	1
  5685   001032  26E1               	addwf	fsr1l,f,c
  5686   001034  CFDF FFE7          	movff	indf2,indf1
  5687   001038                     
  5688                           ; BSR set to: 1
  5689                           ;sync.c: 70:         INTCONbits.GIE = 1;;
  5690   001038  8EF2               	bsf	242,7,c	;volatile
  5691   00103A  EF4E  F00B         	goto	i1l235
  5692   00103E                     i1l4404:
  5693                           
  5694                           ; BSR set to: 1
  5695                           ;sync.c: 75:     if (mutex->waiting_count < 4) {
  5696   00103E  514C               	movf	mutex_lock@mutex& (0+255),w,b
  5697   001040  6ED9               	movwf	fsr2l,c
  5698   001042  6ADA               	clrf	fsr2h,c
  5699   001044  0E06               	movlw	6
  5700   001046  26D9               	addwf	fsr2l,f,c
  5701   001048  0E04               	movlw	4
  5702   00104A  60DF               	cpfslt	indf2,c
  5703   00104C  EF2A  F008         	goto	i1u448_21
  5704   001050  EF2C  F008         	goto	i1u448_20
  5705   001054                     i1u448_21:
  5706   001054  EF4D  F00B         	goto	i1l236
  5707   001058                     i1u448_20:
  5708   001058                     
  5709                           ; BSR set to: 1
  5710                           ;sync.c: 76:         mutex->waiting_queue[mutex->pos_input] = r_queue.pos_task_running;
  5711   001058  EE25  F048         	lfsr	2,_r_queue+273
  5712   00105C  514C               	movf	mutex_lock@mutex& (0+255),w,b
  5713   00105E  6EE1               	movwf	fsr1l,c
  5714   001060  6AE2               	clrf	fsr1h,c
  5715   001062  0E07               	movlw	7
  5716   001064  26E1               	addwf	fsr1l,f,c
  5717   001066  50E7               	movf	indf1,w,c
  5718   001068  6F4D               	movwf	??_mutex_lock& (0+255),b
  5719   00106A  514C               	movf	mutex_lock@mutex& (0+255),w,b
  5720   00106C  254D               	addwf	??_mutex_lock& (0+255),w,b
  5721   00106E  6EE1               	movwf	fsr1l,c
  5722   001070  6AE2               	clrf	fsr1h,c
  5723   001072  0E02               	movlw	2
  5724   001074  26E1               	addwf	fsr1l,f,c
  5725   001076  CFDF FFE7          	movff	indf2,indf1
  5726                           
  5727                           ;sync.c: 77:         mutex->pos_input = (mutex->pos_input + 1) % 4;
  5728   00107A  514C               	movf	mutex_lock@mutex& (0+255),w,b
  5729   00107C  6ED9               	movwf	fsr2l,c
  5730   00107E  6ADA               	clrf	fsr2h,c
  5731   001080  0E07               	movlw	7
  5732   001082  26D9               	addwf	fsr2l,f,c
  5733   001084  514C               	movf	mutex_lock@mutex& (0+255),w,b
  5734   001086  6EE1               	movwf	fsr1l,c
  5735   001088  6AE2               	clrf	fsr1h,c
  5736   00108A  0E07               	movlw	7
  5737   00108C  26E1               	addwf	fsr1l,f,c
  5738   00108E  50E7               	movf	indf1,w,c
  5739   001090  6F4D               	movwf	??_mutex_lock& (0+255),b
  5740   001092  294D               	incf	??_mutex_lock& (0+255),w,b
  5741   001094  0B03               	andlw	3
  5742   001096  6EDF               	movwf	indf2,c
  5743   001098                     
  5744                           ; BSR set to: 1
  5745                           ;sync.c: 78:         mutex->waiting_count++;
  5746   001098  514C               	movf	mutex_lock@mutex& (0+255),w,b
  5747   00109A  6ED9               	movwf	fsr2l,c
  5748   00109C  6ADA               	clrf	fsr2h,c
  5749   00109E  0E06               	movlw	6
  5750   0010A0  26D9               	addwf	fsr2l,f,c
  5751   0010A2  2ADF               	incf	indf2,f,c
  5752   0010A4                     
  5753                           ; BSR set to: 1
  5754   0010A4  EE25  F046         	lfsr	2,_r_queue+271
  5755   0010A8  EE10 F001          	lfsr	1,1
  5756   0010AC  50DE               	movf	postinc2,w,c
  5757   0010AE  26E1               	addwf	fsr1l,f,c
  5758   0010B0  50DD               	movf	postdec2,w,c
  5759   0010B2  22E2               	addwfc	fsr1h,f,c
  5760   0010B4  0E02               	movlw	2
  5761   0010B6  18E6               	xorwf	postinc1,w,c
  5762   0010B8  A4D8               	btfss	status,2,c
  5763   0010BA  EF61  F008         	goto	i1u449_21
  5764   0010BE  EF63  F008         	goto	i1u449_20
  5765   0010C2                     i1u449_21:
  5766   0010C2  EFA1  F009         	goto	i1l4420
  5767   0010C6                     i1u449_20:
  5768   0010C6                     
  5769                           ; BSR set to: 1
  5770   0010C6  EE25  F046         	lfsr	2,_r_queue+271
  5771   0010CA  EE10 F001          	lfsr	1,1
  5772   0010CE  50DE               	movf	postinc2,w,c
  5773   0010D0  26E1               	addwf	fsr1l,f,c
  5774   0010D2  50DD               	movf	postdec2,w,c
  5775   0010D4  22E2               	addwfc	fsr1h,f,c
  5776   0010D6  0E04               	movlw	4
  5777   0010D8  6EE7               	movwf	indf1,c
  5778   0010DA  EE25  F046         	lfsr	2,_r_queue+271
  5779   0010DE  EE10 F008          	lfsr	1,8
  5780   0010E2  50DE               	movf	postinc2,w,c
  5781   0010E4  26E1               	addwf	fsr1l,f,c
  5782   0010E6  50DD               	movf	postdec2,w,c
  5783   0010E8  22E2               	addwfc	fsr1h,f,c
  5784   0010EA  CFE0 FFE7          	movff	bsr,indf1	;volatile
  5785   0010EE  EE25  F046         	lfsr	2,_r_queue+271
  5786   0010F2  EE10 F00C          	lfsr	1,12
  5787   0010F6  50DE               	movf	postinc2,w,c
  5788   0010F8  26E1               	addwf	fsr1l,f,c
  5789   0010FA  50DD               	movf	postdec2,w,c
  5790   0010FC  22E2               	addwfc	fsr1h,f,c
  5791   0010FE  CFEA FFE7          	movff	fsr0h,indf1	;volatile
  5792   001102  EE25  F046         	lfsr	2,_r_queue+271
  5793   001106  EE10 F00B          	lfsr	1,11
  5794   00110A  50DE               	movf	postinc2,w,c
  5795   00110C  26E1               	addwf	fsr1l,f,c
  5796   00110E  50DD               	movf	postdec2,w,c
  5797   001110  22E2               	addwfc	fsr1h,f,c
  5798   001112  CFE9 FFE7          	movff	fsr0l,indf1	;volatile
  5799   001116  EE25  F046         	lfsr	2,_r_queue+271
  5800   00111A  EE10 F00E          	lfsr	1,14
  5801   00111E  50DE               	movf	postinc2,w,c
  5802   001120  26E1               	addwf	fsr1l,f,c
  5803   001122  50DD               	movf	postdec2,w,c
  5804   001124  22E2               	addwfc	fsr1h,f,c
  5805   001126  CFE2 FFE7          	movff	fsr1h,indf1	;volatile
  5806   00112A  EE25  F046         	lfsr	2,_r_queue+271
  5807   00112E  EE10 F00D          	lfsr	1,13
  5808   001132  50DE               	movf	postinc2,w,c
  5809   001134  26E1               	addwf	fsr1l,f,c
  5810   001136  50DD               	movf	postdec2,w,c
  5811   001138  22E2               	addwfc	fsr1h,f,c
  5812   00113A  CFE1 FFE7          	movff	fsr1l,indf1	;volatile
  5813   00113E  EE25  F046         	lfsr	2,_r_queue+271
  5814   001142  EE10 F010          	lfsr	1,16
  5815   001146  50DE               	movf	postinc2,w,c
  5816   001148  26E1               	addwf	fsr1l,f,c
  5817   00114A  50DD               	movf	postdec2,w,c
  5818   00114C  22E2               	addwfc	fsr1h,f,c
  5819   00114E  CFDA FFE7          	movff	fsr2h,indf1	;volatile
  5820   001152  EE25  F046         	lfsr	2,_r_queue+271
  5821   001156  EE10 F00F          	lfsr	1,15
  5822   00115A  50DE               	movf	postinc2,w,c
  5823   00115C  26E1               	addwf	fsr1l,f,c
  5824   00115E  50DD               	movf	postdec2,w,c
  5825   001160  22E2               	addwfc	fsr1h,f,c
  5826   001162  CFD9 FFE7          	movff	fsr2l,indf1	;volatile
  5827   001166  EE25  F046         	lfsr	2,_r_queue+271
  5828   00116A  EE10 F015          	lfsr	1,21
  5829   00116E  50DE               	movf	postinc2,w,c
  5830   001170  26E1               	addwf	fsr1l,f,c
  5831   001172  50DD               	movf	postdec2,w,c
  5832   001174  22E2               	addwfc	fsr1h,f,c
  5833   001176  CFFA FFE7          	movff	pclath,indf1	;volatile
  5834   00117A  EE25  F046         	lfsr	2,_r_queue+271
  5835   00117E  EE10 F016          	lfsr	1,22
  5836   001182  50DE               	movf	postinc2,w,c
  5837   001184  26E1               	addwf	fsr1l,f,c
  5838   001186  50DD               	movf	postdec2,w,c
  5839   001188  22E2               	addwfc	fsr1h,f,c
  5840   00118A  CFFB FFE7          	movff	pclatu,indf1	;volatile
  5841   00118E  EE25  F046         	lfsr	2,_r_queue+271
  5842   001192  EE10 F00A          	lfsr	1,10
  5843   001196  50DE               	movf	postinc2,w,c
  5844   001198  26E1               	addwf	fsr1l,f,c
  5845   00119A  50DD               	movf	postdec2,w,c
  5846   00119C  22E2               	addwfc	fsr1h,f,c
  5847   00119E  CFF4 FFE7          	movff	prodh,indf1	;volatile
  5848   0011A2  EE25  F046         	lfsr	2,_r_queue+271
  5849   0011A6  EE10 F009          	lfsr	1,9
  5850   0011AA  50DE               	movf	postinc2,w,c
  5851   0011AC  26E1               	addwf	fsr1l,f,c
  5852   0011AE  50DD               	movf	postdec2,w,c
  5853   0011B0  22E2               	addwfc	fsr1h,f,c
  5854   0011B2  CFF3 FFE7          	movff	prodl,indf1	;volatile
  5855   0011B6  EE25  F046         	lfsr	2,_r_queue+271
  5856   0011BA  EE10 F011          	lfsr	1,17
  5857   0011BE  50DE               	movf	postinc2,w,c
  5858   0011C0  26E1               	addwf	fsr1l,f,c
  5859   0011C2  50DD               	movf	postdec2,w,c
  5860   0011C4  22E2               	addwfc	fsr1h,f,c
  5861   0011C6  CFF5 FFE7          	movff	tablat,indf1	;volatile
  5862   0011CA  EE25  F046         	lfsr	2,_r_queue+271
  5863   0011CE  EE10 F013          	lfsr	1,19
  5864   0011D2  50DE               	movf	postinc2,w,c
  5865   0011D4  26E1               	addwf	fsr1l,f,c
  5866   0011D6  50DD               	movf	postdec2,w,c
  5867   0011D8  22E2               	addwfc	fsr1h,f,c
  5868   0011DA  CFF7 FFE7          	movff	tblptrh,indf1	;volatile
  5869   0011DE  EE25  F046         	lfsr	2,_r_queue+271
  5870   0011E2  EE10 F012          	lfsr	1,18
  5871   0011E6  50DE               	movf	postinc2,w,c
  5872   0011E8  26E1               	addwf	fsr1l,f,c
  5873   0011EA  50DD               	movf	postdec2,w,c
  5874   0011EC  22E2               	addwfc	fsr1h,f,c
  5875   0011EE  CFF6 FFE7          	movff	tblptrl,indf1	;volatile
  5876   0011F2  EE25  F046         	lfsr	2,_r_queue+271
  5877   0011F6  EE10 F014          	lfsr	1,20
  5878   0011FA  50DE               	movf	postinc2,w,c
  5879   0011FC  26E1               	addwf	fsr1l,f,c
  5880   0011FE  50DD               	movf	postdec2,w,c
  5881   001200  22E2               	addwfc	fsr1h,f,c
  5882   001202  CFF8 FFE7          	movff	tblptru,indf1	;volatile
  5883   001206  EE25  F046         	lfsr	2,_r_queue+271
  5884   00120A  EE10 F006          	lfsr	1,6
  5885   00120E  50DE               	movf	postinc2,w,c
  5886   001210  26E1               	addwf	fsr1l,f,c
  5887   001212  50DD               	movf	postdec2,w,c
  5888   001214  22E2               	addwfc	fsr1h,f,c
  5889   001216  CFE8 FFE7          	movff	wreg,indf1	;volatile
  5890   00121A  EE25  F046         	lfsr	2,_r_queue+271
  5891   00121E  EE10 F007          	lfsr	1,7
  5892   001222  50DE               	movf	postinc2,w,c
  5893   001224  26E1               	addwf	fsr1l,f,c
  5894   001226  50DD               	movf	postdec2,w,c
  5895   001228  22E2               	addwfc	fsr1h,f,c
  5896   00122A  CFD8 FFE7          	movff	status,indf1	;volatile
  5897   00122E  EE25  F046         	lfsr	2,_r_queue+271
  5898   001232  EE10 F035          	lfsr	1,53
  5899   001236  50DE               	movf	postinc2,w,c
  5900   001238  26E1               	addwf	fsr1l,f,c
  5901   00123A  50DD               	movf	postdec2,w,c
  5902   00123C  22E2               	addwfc	fsr1h,f,c
  5903   00123E  6AE7               	clrf	indf1,c
  5904   001240  EF99  F009         	goto	i1l4418
  5905   001244                     i1l4414:
  5906   001244  EE25  F046         	lfsr	2,_r_queue+271
  5907   001248  EE10 F035          	lfsr	1,53
  5908   00124C  50DE               	movf	postinc2,w,c
  5909   00124E  26E1               	addwf	fsr1l,f,c
  5910   001250  50DD               	movf	postdec2,w,c
  5911   001252  22E2               	addwfc	fsr1h,f,c
  5912   001254  50E7               	movf	indf1,w,c
  5913   001256  0101               	movlb	1	; () banked
  5914   001258  6F4D               	movwf	??_mutex_lock& (0+255),b
  5915   00125A  514D               	movf	??_mutex_lock& (0+255),w,b
  5916   00125C  0D03               	mullw	3
  5917   00125E  CFF3 F14E          	movff	prodl,??_mutex_lock+1
  5918   001262  CFF4 F14F          	movff	prodh,??_mutex_lock+2
  5919   001266  EE25  F046         	lfsr	2,_r_queue+271
  5920   00126A  CFDE F150          	movff	postinc2,??_mutex_lock+3
  5921   00126E  CFDD F151          	movff	postdec2,??_mutex_lock+4
  5922   001272  514E               	movf	(??_mutex_lock+1)& (0+255),w,b
  5923   001274  2550               	addwf	(??_mutex_lock+3)& (0+255),w,b
  5924   001276  6F52               	movwf	(??_mutex_lock+5)& (0+255),b
  5925   001278  514F               	movf	(??_mutex_lock+2)& (0+255),w,b
  5926   00127A  2151               	addwfc	(??_mutex_lock+4)& (0+255),w,b
  5927   00127C  6F53               	movwf	(??_mutex_lock+6)& (0+255),b
  5928   00127E  0E17               	movlw	23
  5929   001280  2552               	addwf	(??_mutex_lock+5)& (0+255),w,b
  5930   001282  6ED9               	movwf	fsr2l,c
  5931   001284  0E00               	movlw	0
  5932   001286  2153               	addwfc	(??_mutex_lock+6)& (0+255),w,b
  5933   001288  6EDA               	movwf	fsr2h,c
  5934   00128A  CFFD FFDF          	movff	tosl,indf2	;volatile
  5935   00128E  EE25  F046         	lfsr	2,_r_queue+271
  5936   001292  EE10 F035          	lfsr	1,53
  5937   001296  50DE               	movf	postinc2,w,c
  5938   001298  26E1               	addwf	fsr1l,f,c
  5939   00129A  50DD               	movf	postdec2,w,c
  5940   00129C  22E2               	addwfc	fsr1h,f,c
  5941   00129E  50E7               	movf	indf1,w,c
  5942   0012A0  6F4D               	movwf	??_mutex_lock& (0+255),b
  5943   0012A2  514D               	movf	??_mutex_lock& (0+255),w,b
  5944   0012A4  0D03               	mullw	3
  5945   0012A6  CFF3 F14E          	movff	prodl,??_mutex_lock+1
  5946   0012AA  CFF4 F14F          	movff	prodh,??_mutex_lock+2
  5947   0012AE  EE25  F046         	lfsr	2,_r_queue+271
  5948   0012B2  CFDE F150          	movff	postinc2,??_mutex_lock+3
  5949   0012B6  CFDD F151          	movff	postdec2,??_mutex_lock+4
  5950   0012BA  514E               	movf	(??_mutex_lock+1)& (0+255),w,b
  5951   0012BC  2550               	addwf	(??_mutex_lock+3)& (0+255),w,b
  5952   0012BE  6F52               	movwf	(??_mutex_lock+5)& (0+255),b
  5953   0012C0  514F               	movf	(??_mutex_lock+2)& (0+255),w,b
  5954   0012C2  2151               	addwfc	(??_mutex_lock+4)& (0+255),w,b
  5955   0012C4  6F53               	movwf	(??_mutex_lock+6)& (0+255),b
  5956   0012C6  0E18               	movlw	24
  5957   0012C8  2552               	addwf	(??_mutex_lock+5)& (0+255),w,b
  5958   0012CA  6ED9               	movwf	fsr2l,c
  5959   0012CC  0E00               	movlw	0
  5960   0012CE  2153               	addwfc	(??_mutex_lock+6)& (0+255),w,b
  5961   0012D0  6EDA               	movwf	fsr2h,c
  5962   0012D2  CFFE FFDF          	movff	tosh,indf2	;volatile
  5963   0012D6  EE25  F046         	lfsr	2,_r_queue+271
  5964   0012DA  EE10 F035          	lfsr	1,53
  5965   0012DE  50DE               	movf	postinc2,w,c
  5966   0012E0  26E1               	addwf	fsr1l,f,c
  5967   0012E2  50DD               	movf	postdec2,w,c
  5968   0012E4  22E2               	addwfc	fsr1h,f,c
  5969   0012E6  50E7               	movf	indf1,w,c
  5970   0012E8  6F4D               	movwf	??_mutex_lock& (0+255),b
  5971   0012EA  514D               	movf	??_mutex_lock& (0+255),w,b
  5972   0012EC  0D03               	mullw	3
  5973   0012EE  CFF3 F14E          	movff	prodl,??_mutex_lock+1
  5974   0012F2  CFF4 F14F          	movff	prodh,??_mutex_lock+2
  5975   0012F6  EE25  F046         	lfsr	2,_r_queue+271
  5976   0012FA  CFDE F150          	movff	postinc2,??_mutex_lock+3
  5977   0012FE  CFDD F151          	movff	postdec2,??_mutex_lock+4
  5978   001302  514E               	movf	(??_mutex_lock+1)& (0+255),w,b
  5979   001304  2550               	addwf	(??_mutex_lock+3)& (0+255),w,b
  5980   001306  6F52               	movwf	(??_mutex_lock+5)& (0+255),b
  5981   001308  514F               	movf	(??_mutex_lock+2)& (0+255),w,b
  5982   00130A  2151               	addwfc	(??_mutex_lock+4)& (0+255),w,b
  5983   00130C  6F53               	movwf	(??_mutex_lock+6)& (0+255),b
  5984   00130E  0E19               	movlw	25
  5985   001310  2552               	addwf	(??_mutex_lock+5)& (0+255),w,b
  5986   001312  6ED9               	movwf	fsr2l,c
  5987   001314  0E00               	movlw	0
  5988   001316  2153               	addwfc	(??_mutex_lock+6)& (0+255),w,b
  5989   001318  6EDA               	movwf	fsr2h,c
  5990   00131A  CFFF FFDF          	movff	tosu,indf2	;volatile
  5991   00131E                     
  5992                           ; BSR set to: 1
  5993   00131E  EE25  F046         	lfsr	2,_r_queue+271
  5994   001322  EE10 F035          	lfsr	1,53
  5995   001326  50DE               	movf	postinc2,w,c
  5996   001328  26E1               	addwf	fsr1l,f,c
  5997   00132A  50DD               	movf	postdec2,w,c
  5998   00132C  22E2               	addwfc	fsr1h,f,c
  5999   00132E  2AE7               	incf	indf1,f,c
  6000   001330  0006               	pop		;# 
  6001   001332                     i1l4418:
  6002   001332  50FC               	movf	252,w,c	;volatile
  6003   001334  A4D8               	btfss	status,2,c
  6004   001336  EF9F  F009         	goto	i1u450_21
  6005   00133A  EFA1  F009         	goto	i1u450_20
  6006   00133E                     i1u450_21:
  6007   00133E  EF22  F009         	goto	i1l4414
  6008   001342                     i1u450_20:
  6009   001342                     i1l4420:
  6010                           
  6011                           ;sync.c: 82:         scheduler();
  6012   001342  EC7B  F016         	call	i1_scheduler	;wreg free
  6013   001346  EE25  F046         	lfsr	2,_r_queue+271
  6014   00134A  EE10 F001          	lfsr	1,1
  6015   00134E  50DE               	movf	postinc2,w,c
  6016   001350  26E1               	addwf	fsr1l,f,c
  6017   001352  50DD               	movf	postdec2,w,c
  6018   001354  22E2               	addwfc	fsr1h,f,c
  6019   001356  50E7               	movf	indf1,w,c
  6020   001358  A4D8               	btfss	status,2,c
  6021   00135A  EFB1  F009         	goto	i1u451_21
  6022   00135E  EFB3  F009         	goto	i1u451_20
  6023   001362                     i1u451_21:
  6024   001362  EF4A  F00B         	goto	i1l4442
  6025   001366                     i1u451_20:
  6026   001366  EE25  F046         	lfsr	2,_r_queue+271
  6027   00136A  EE10 F001          	lfsr	1,1
  6028   00136E  50DE               	movf	postinc2,w,c
  6029   001370  26E1               	addwf	fsr1l,f,c
  6030   001372  50DD               	movf	postdec2,w,c
  6031   001374  22E2               	addwfc	fsr1h,f,c
  6032   001376  0E02               	movlw	2
  6033   001378  6EE7               	movwf	indf1,c
  6034   00137A  EE25  F046         	lfsr	2,_r_queue+271
  6035   00137E  EE10 F008          	lfsr	1,8
  6036   001382  50DE               	movf	postinc2,w,c
  6037   001384  26E1               	addwf	fsr1l,f,c
  6038   001386  50DD               	movf	postdec2,w,c
  6039   001388  22E2               	addwfc	fsr1h,f,c
  6040   00138A  50E7               	movf	indf1,w,c
  6041   00138C  6EE0               	movwf	224,c	;volatile
  6042   00138E  EE25  F046         	lfsr	2,_r_queue+271
  6043   001392  EE10 F00C          	lfsr	1,12
  6044   001396  50DE               	movf	postinc2,w,c
  6045   001398  26E1               	addwf	fsr1l,f,c
  6046   00139A  50DD               	movf	postdec2,w,c
  6047   00139C  22E2               	addwfc	fsr1h,f,c
  6048   00139E  50E7               	movf	indf1,w,c
  6049   0013A0  6EEA               	movwf	234,c	;volatile
  6050   0013A2  EE25  F046         	lfsr	2,_r_queue+271
  6051   0013A6  EE10 F00B          	lfsr	1,11
  6052   0013AA  50DE               	movf	postinc2,w,c
  6053   0013AC  26E1               	addwf	fsr1l,f,c
  6054   0013AE  50DD               	movf	postdec2,w,c
  6055   0013B0  22E2               	addwfc	fsr1h,f,c
  6056   0013B2  50E7               	movf	indf1,w,c
  6057   0013B4  6EE9               	movwf	233,c	;volatile
  6058   0013B6  EE25  F046         	lfsr	2,_r_queue+271
  6059   0013BA  EE10 F00E          	lfsr	1,14
  6060   0013BE  50DE               	movf	postinc2,w,c
  6061   0013C0  26E1               	addwf	fsr1l,f,c
  6062   0013C2  50DD               	movf	postdec2,w,c
  6063   0013C4  22E2               	addwfc	fsr1h,f,c
  6064   0013C6  50E7               	movf	indf1,w,c
  6065   0013C8  6EE2               	movwf	226,c	;volatile
  6066   0013CA  EE25  F046         	lfsr	2,_r_queue+271
  6067   0013CE  EE10 F00D          	lfsr	1,13
  6068   0013D2  50DE               	movf	postinc2,w,c
  6069   0013D4  26E1               	addwf	fsr1l,f,c
  6070   0013D6  50DD               	movf	postdec2,w,c
  6071   0013D8  22E2               	addwfc	fsr1h,f,c
  6072   0013DA  50E7               	movf	indf1,w,c
  6073   0013DC  6EE1               	movwf	225,c	;volatile
  6074   0013DE  EE25  F046         	lfsr	2,_r_queue+271
  6075   0013E2  EE10 F010          	lfsr	1,16
  6076   0013E6  50DE               	movf	postinc2,w,c
  6077   0013E8  26E1               	addwf	fsr1l,f,c
  6078   0013EA  50DD               	movf	postdec2,w,c
  6079   0013EC  22E2               	addwfc	fsr1h,f,c
  6080   0013EE  50E7               	movf	indf1,w,c
  6081   0013F0  6EDA               	movwf	218,c	;volatile
  6082   0013F2  EE25  F046         	lfsr	2,_r_queue+271
  6083   0013F6  EE10 F00F          	lfsr	1,15
  6084   0013FA  50DE               	movf	postinc2,w,c
  6085   0013FC  26E1               	addwf	fsr1l,f,c
  6086   0013FE  50DD               	movf	postdec2,w,c
  6087   001400  22E2               	addwfc	fsr1h,f,c
  6088   001402  50E7               	movf	indf1,w,c
  6089   001404  6ED9               	movwf	217,c	;volatile
  6090   001406  EE25  F046         	lfsr	2,_r_queue+271
  6091   00140A  EE10 F015          	lfsr	1,21
  6092   00140E  50DE               	movf	postinc2,w,c
  6093   001410  26E1               	addwf	fsr1l,f,c
  6094   001412  50DD               	movf	postdec2,w,c
  6095   001414  22E2               	addwfc	fsr1h,f,c
  6096   001416  50E7               	movf	indf1,w,c
  6097   001418  6EFA               	movwf	250,c	;volatile
  6098   00141A  EE25  F046         	lfsr	2,_r_queue+271
  6099   00141E  EE10 F016          	lfsr	1,22
  6100   001422  50DE               	movf	postinc2,w,c
  6101   001424  26E1               	addwf	fsr1l,f,c
  6102   001426  50DD               	movf	postdec2,w,c
  6103   001428  22E2               	addwfc	fsr1h,f,c
  6104   00142A  50E7               	movf	indf1,w,c
  6105   00142C  6EFB               	movwf	251,c	;volatile
  6106   00142E  EE25  F046         	lfsr	2,_r_queue+271
  6107   001432  EE10 F00A          	lfsr	1,10
  6108   001436  50DE               	movf	postinc2,w,c
  6109   001438  26E1               	addwf	fsr1l,f,c
  6110   00143A  50DD               	movf	postdec2,w,c
  6111   00143C  22E2               	addwfc	fsr1h,f,c
  6112   00143E  50E7               	movf	indf1,w,c
  6113   001440  6EF4               	movwf	244,c	;volatile
  6114   001442  EE25  F046         	lfsr	2,_r_queue+271
  6115   001446  EE10 F009          	lfsr	1,9
  6116   00144A  50DE               	movf	postinc2,w,c
  6117   00144C  26E1               	addwf	fsr1l,f,c
  6118   00144E  50DD               	movf	postdec2,w,c
  6119   001450  22E2               	addwfc	fsr1h,f,c
  6120   001452  50E7               	movf	indf1,w,c
  6121   001454  6EF3               	movwf	243,c	;volatile
  6122   001456  EE25  F046         	lfsr	2,_r_queue+271
  6123   00145A  EE10 F011          	lfsr	1,17
  6124   00145E  50DE               	movf	postinc2,w,c
  6125   001460  26E1               	addwf	fsr1l,f,c
  6126   001462  50DD               	movf	postdec2,w,c
  6127   001464  22E2               	addwfc	fsr1h,f,c
  6128   001466  50E7               	movf	indf1,w,c
  6129   001468  6EF5               	movwf	245,c	;volatile
  6130   00146A  EE25  F046         	lfsr	2,_r_queue+271
  6131   00146E  EE10 F013          	lfsr	1,19
  6132   001472  50DE               	movf	postinc2,w,c
  6133   001474  26E1               	addwf	fsr1l,f,c
  6134   001476  50DD               	movf	postdec2,w,c
  6135   001478  22E2               	addwfc	fsr1h,f,c
  6136   00147A  50E7               	movf	indf1,w,c
  6137   00147C  6EF7               	movwf	247,c	;volatile
  6138   00147E  EE25  F046         	lfsr	2,_r_queue+271
  6139   001482  EE10 F012          	lfsr	1,18
  6140   001486  50DE               	movf	postinc2,w,c
  6141   001488  26E1               	addwf	fsr1l,f,c
  6142   00148A  50DD               	movf	postdec2,w,c
  6143   00148C  22E2               	addwfc	fsr1h,f,c
  6144   00148E  50E7               	movf	indf1,w,c
  6145   001490  6EF6               	movwf	246,c	;volatile
  6146   001492  EE25  F046         	lfsr	2,_r_queue+271
  6147   001496  EE10 F014          	lfsr	1,20
  6148   00149A  50DE               	movf	postinc2,w,c
  6149   00149C  26E1               	addwf	fsr1l,f,c
  6150   00149E  50DD               	movf	postdec2,w,c
  6151   0014A0  22E2               	addwfc	fsr1h,f,c
  6152   0014A2  50E7               	movf	indf1,w,c
  6153   0014A4  6EF8               	movwf	248,c	;volatile
  6154   0014A6  EE25  F046         	lfsr	2,_r_queue+271
  6155   0014AA  EE10 F007          	lfsr	1,7
  6156   0014AE  50DE               	movf	postinc2,w,c
  6157   0014B0  26E1               	addwf	fsr1l,f,c
  6158   0014B2  50DD               	movf	postdec2,w,c
  6159   0014B4  22E2               	addwfc	fsr1h,f,c
  6160   0014B6  50E7               	movf	indf1,w,c
  6161   0014B8  6ED8               	movwf	216,c	;volatile
  6162   0014BA  EE25  F046         	lfsr	2,_r_queue+271
  6163   0014BE  EE10 F006          	lfsr	1,6
  6164   0014C2  50DE               	movf	postinc2,w,c
  6165   0014C4  26E1               	addwf	fsr1l,f,c
  6166   0014C6  50DD               	movf	postdec2,w,c
  6167   0014C8  22E2               	addwfc	fsr1h,f,c
  6168   0014CA  50E7               	movf	indf1,w,c
  6169   0014CC  0101               	movlb	1	; () banked
  6170   0014CE  6F4D               	movwf	??_mutex_lock& (0+255),b
  6171   0014D0  514D               	movf	??_mutex_lock& (0+255),w,b
  6172   0014D2                     
  6173                           ; BSR set to: 1
  6174   0014D2  6AFC               	clrf	252,c	;volatile
  6175   0014D4  EE25  F046         	lfsr	2,_r_queue+271
  6176   0014D8  EE10 F035          	lfsr	1,53
  6177   0014DC  50DE               	movf	postinc2,w,c
  6178   0014DE  26E1               	addwf	fsr1l,f,c
  6179   0014E0  50DD               	movf	postdec2,w,c
  6180   0014E2  22E2               	addwfc	fsr1h,f,c
  6181   0014E4  50E7               	movf	indf1,w,c
  6182   0014E6  B4D8               	btfsc	status,2,c
  6183   0014E8  EF78  F00A         	goto	i1u452_21
  6184   0014EC  EF7A  F00A         	goto	i1u452_20
  6185   0014F0                     i1u452_21:
  6186   0014F0  EF03  F00B         	goto	i1l245
  6187   0014F4                     i1u452_20:
  6188   0014F4                     i1l246:
  6189                           
  6190                           ; BSR set to: 1
  6191   0014F4  0005               	push		;# 
  6192   0014F6  EE25  F046         	lfsr	2,_r_queue+271
  6193   0014FA  EE10 F035          	lfsr	1,53
  6194   0014FE  50DE               	movf	postinc2,w,c
  6195   001500  26E1               	addwf	fsr1l,f,c
  6196   001502  50DD               	movf	postdec2,w,c
  6197   001504  22E2               	addwfc	fsr1h,f,c
  6198   001506  06E7               	decf	indf1,f,c
  6199   001508  EE25  F046         	lfsr	2,_r_queue+271
  6200   00150C  EE10 F035          	lfsr	1,53
  6201   001510  50DE               	movf	postinc2,w,c
  6202   001512  26E1               	addwf	fsr1l,f,c
  6203   001514  50DD               	movf	postdec2,w,c
  6204   001516  22E2               	addwfc	fsr1h,f,c
  6205   001518  50E7               	movf	indf1,w,c
  6206   00151A  0101               	movlb	1	; () banked
  6207   00151C  6F4D               	movwf	??_mutex_lock& (0+255),b
  6208   00151E  514D               	movf	??_mutex_lock& (0+255),w,b
  6209   001520  0D03               	mullw	3
  6210   001522  CFF3 F14E          	movff	prodl,??_mutex_lock+1
  6211   001526  CFF4 F14F          	movff	prodh,??_mutex_lock+2
  6212   00152A  EE25  F046         	lfsr	2,_r_queue+271
  6213   00152E  CFDE F150          	movff	postinc2,??_mutex_lock+3
  6214   001532  CFDD F151          	movff	postdec2,??_mutex_lock+4
  6215   001536  514E               	movf	(??_mutex_lock+1)& (0+255),w,b
  6216   001538  2550               	addwf	(??_mutex_lock+3)& (0+255),w,b
  6217   00153A  6F52               	movwf	(??_mutex_lock+5)& (0+255),b
  6218   00153C  514F               	movf	(??_mutex_lock+2)& (0+255),w,b
  6219   00153E  2151               	addwfc	(??_mutex_lock+4)& (0+255),w,b
  6220   001540  6F53               	movwf	(??_mutex_lock+6)& (0+255),b
  6221   001542  0E17               	movlw	23
  6222   001544  2552               	addwf	(??_mutex_lock+5)& (0+255),w,b
  6223   001546  6ED9               	movwf	fsr2l,c
  6224   001548  0E00               	movlw	0
  6225   00154A  2153               	addwfc	(??_mutex_lock+6)& (0+255),w,b
  6226   00154C  6EDA               	movwf	fsr2h,c
  6227   00154E  50DF               	movf	indf2,w,c
  6228   001550  6EFD               	movwf	253,c	;volatile
  6229   001552                     
  6230                           ; BSR set to: 1
  6231   001552  EE25  F046         	lfsr	2,_r_queue+271
  6232   001556  EE10 F035          	lfsr	1,53
  6233   00155A  50DE               	movf	postinc2,w,c
  6234   00155C  26E1               	addwf	fsr1l,f,c
  6235   00155E  50DD               	movf	postdec2,w,c
  6236   001560  22E2               	addwfc	fsr1h,f,c
  6237   001562  50E7               	movf	indf1,w,c
  6238   001564  6F4D               	movwf	??_mutex_lock& (0+255),b
  6239   001566  514D               	movf	??_mutex_lock& (0+255),w,b
  6240   001568  0D03               	mullw	3
  6241   00156A  CFF3 F14E          	movff	prodl,??_mutex_lock+1
  6242   00156E  CFF4 F14F          	movff	prodh,??_mutex_lock+2
  6243   001572  EE25  F046         	lfsr	2,_r_queue+271
  6244   001576  CFDE F150          	movff	postinc2,??_mutex_lock+3
  6245   00157A  CFDD F151          	movff	postdec2,??_mutex_lock+4
  6246   00157E  514E               	movf	(??_mutex_lock+1)& (0+255),w,b
  6247   001580  2550               	addwf	(??_mutex_lock+3)& (0+255),w,b
  6248   001582  6F52               	movwf	(??_mutex_lock+5)& (0+255),b
  6249   001584  514F               	movf	(??_mutex_lock+2)& (0+255),w,b
  6250   001586  2151               	addwfc	(??_mutex_lock+4)& (0+255),w,b
  6251   001588  6F53               	movwf	(??_mutex_lock+6)& (0+255),b
  6252   00158A  0E18               	movlw	24
  6253   00158C  2552               	addwf	(??_mutex_lock+5)& (0+255),w,b
  6254   00158E  6ED9               	movwf	fsr2l,c
  6255   001590  0E00               	movlw	0
  6256   001592  2153               	addwfc	(??_mutex_lock+6)& (0+255),w,b
  6257   001594  6EDA               	movwf	fsr2h,c
  6258   001596  50DF               	movf	indf2,w,c
  6259   001598  6EFE               	movwf	254,c	;volatile
  6260   00159A                     
  6261                           ; BSR set to: 1
  6262   00159A  EE25  F046         	lfsr	2,_r_queue+271
  6263   00159E  EE10 F035          	lfsr	1,53
  6264   0015A2  50DE               	movf	postinc2,w,c
  6265   0015A4  26E1               	addwf	fsr1l,f,c
  6266   0015A6  50DD               	movf	postdec2,w,c
  6267   0015A8  22E2               	addwfc	fsr1h,f,c
  6268   0015AA  50E7               	movf	indf1,w,c
  6269   0015AC  6F4D               	movwf	??_mutex_lock& (0+255),b
  6270   0015AE  514D               	movf	??_mutex_lock& (0+255),w,b
  6271   0015B0  0D03               	mullw	3
  6272   0015B2  CFF3 F14E          	movff	prodl,??_mutex_lock+1
  6273   0015B6  CFF4 F14F          	movff	prodh,??_mutex_lock+2
  6274   0015BA  EE25  F046         	lfsr	2,_r_queue+271
  6275   0015BE  CFDE F150          	movff	postinc2,??_mutex_lock+3
  6276   0015C2  CFDD F151          	movff	postdec2,??_mutex_lock+4
  6277   0015C6  514E               	movf	(??_mutex_lock+1)& (0+255),w,b
  6278   0015C8  2550               	addwf	(??_mutex_lock+3)& (0+255),w,b
  6279   0015CA  6F52               	movwf	(??_mutex_lock+5)& (0+255),b
  6280   0015CC  514F               	movf	(??_mutex_lock+2)& (0+255),w,b
  6281   0015CE  2151               	addwfc	(??_mutex_lock+4)& (0+255),w,b
  6282   0015D0  6F53               	movwf	(??_mutex_lock+6)& (0+255),b
  6283   0015D2  0E19               	movlw	25
  6284   0015D4  2552               	addwf	(??_mutex_lock+5)& (0+255),w,b
  6285   0015D6  6ED9               	movwf	fsr2l,c
  6286   0015D8  0E00               	movlw	0
  6287   0015DA  2153               	addwfc	(??_mutex_lock+6)& (0+255),w,b
  6288   0015DC  6EDA               	movwf	fsr2h,c
  6289   0015DE  50DF               	movf	indf2,w,c
  6290   0015E0  6EFF               	movwf	255,c	;volatile
  6291   0015E2                     
  6292                           ; BSR set to: 1
  6293   0015E2  EE25  F046         	lfsr	2,_r_queue+271
  6294   0015E6  EE10 F035          	lfsr	1,53
  6295   0015EA  50DE               	movf	postinc2,w,c
  6296   0015EC  26E1               	addwf	fsr1l,f,c
  6297   0015EE  50DD               	movf	postdec2,w,c
  6298   0015F0  22E2               	addwfc	fsr1h,f,c
  6299   0015F2  50E7               	movf	indf1,w,c
  6300   0015F4  A4D8               	btfss	status,2,c
  6301   0015F6  EFFF  F00A         	goto	i1u453_21
  6302   0015FA  EF01  F00B         	goto	i1u453_20
  6303   0015FE                     i1u453_21:
  6304   0015FE  EF7A  F00A         	goto	i1l246
  6305   001602                     i1u453_20:
  6306   001602  EF48  F00B         	goto	i1l4440
  6307   001606                     i1l245:
  6308                           
  6309                           ; BSR set to: 1
  6310   001606  0005               	push		;# 
  6311   001608  EE25  F046         	lfsr	2,_r_queue+271
  6312   00160C  EE10 F002          	lfsr	1,2
  6313   001610  50DE               	movf	postinc2,w,c
  6314   001612  26E1               	addwf	fsr1l,f,c
  6315   001614  50DD               	movf	postdec2,w,c
  6316   001616  22E2               	addwfc	fsr1h,f,c
  6317   001618  50E7               	movf	indf1,w,c
  6318   00161A  6EFD               	movwf	253,c	;volatile
  6319   00161C  EE25  F046         	lfsr	2,_r_queue+271
  6320   001620  EE10 F002          	lfsr	1,2
  6321   001624  50DE               	movf	postinc2,w,c
  6322   001626  26E1               	addwf	fsr1l,f,c
  6323   001628  50DD               	movf	postdec2,w,c
  6324   00162A  22E2               	addwfc	fsr1h,f,c
  6325   00162C  CFE6 F14D          	movff	postinc1,??_mutex_lock
  6326   001630  CFE5 F14E          	movff	postdec1,??_mutex_lock+1
  6327   001634  C14D  F14F         	movff	??_mutex_lock,??_mutex_lock+2
  6328   001638  C14E  F150         	movff	??_mutex_lock+1,??_mutex_lock+3
  6329   00163C  0101               	movlb	1	; () banked
  6330   00163E  6B51               	clrf	(??_mutex_lock+4)& (0+255),b
  6331   001640  C150  F14F         	movff	??_mutex_lock+3,??_mutex_lock+2
  6332   001644  C151  F150         	movff	??_mutex_lock+4,??_mutex_lock+3
  6333   001648  6B51               	clrf	(??_mutex_lock+4)& (0+255),b
  6334   00164A  514F               	movf	(??_mutex_lock+2)& (0+255),w,b
  6335   00164C  6EFE               	movwf	254,c	;volatile
  6336   00164E  0E10               	movlw	16
  6337   001650  6F4D               	movwf	??_mutex_lock& (0+255),b
  6338   001652  EE25  F046         	lfsr	2,_r_queue+271
  6339   001656  EE10 F002          	lfsr	1,2
  6340   00165A  50DE               	movf	postinc2,w,c
  6341   00165C  26E1               	addwf	fsr1l,f,c
  6342   00165E  50DD               	movf	postdec2,w,c
  6343   001660  22E2               	addwfc	fsr1h,f,c
  6344   001662  CFE6 F14E          	movff	postinc1,??_mutex_lock+1
  6345   001666  CFE5 F14F          	movff	postdec1,??_mutex_lock+2
  6346   00166A  C14E  F150         	movff	??_mutex_lock+1,??_mutex_lock+3
  6347   00166E  C14F  F151         	movff	??_mutex_lock+2,??_mutex_lock+4
  6348   001672  6B52               	clrf	(??_mutex_lock+5)& (0+255),b
  6349   001674  294D               	incf	??_mutex_lock& (0+255),w,b
  6350   001676  6F53               	movwf	(??_mutex_lock+6)& (0+255),b
  6351   001678  EF42  F00B         	goto	i1u454_20
  6352   00167C                     i1u454_25:
  6353   00167C  90D8               	bcf	status,0,c
  6354   00167E  3352               	rrcf	(??_mutex_lock+5)& (0+255),f,b
  6355   001680  3351               	rrcf	(??_mutex_lock+4)& (0+255),f,b
  6356   001682  3350               	rrcf	(??_mutex_lock+3)& (0+255),f,b
  6357   001684                     i1u454_20:
  6358   001684  2F53               	decfsz	(??_mutex_lock+6)& (0+255),f,b
  6359   001686  EF3E  F00B         	goto	i1u454_25
  6360   00168A  0101               	movlb	1	; () banked
  6361   00168C  5150               	movf	(??_mutex_lock+3)& (0+255),w,b
  6362   00168E  6EFF               	movwf	255,c	;volatile
  6363   001690                     i1l4440:
  6364                           
  6365                           ; BSR set to: 1
  6366   001690  0E05               	movlw	5
  6367   001692  6E23               	movwf	_rr_quantum^0,c
  6368   001694                     i1l4442:
  6369                           
  6370                           ;sync.c: 85:         INTCONbits.GIE = 1;;
  6371   001694  8EF2               	bsf	242,7,c	;volatile
  6372   001696  EF4E  F00B         	goto	i1l235
  6373   00169A                     i1l236:
  6374                           
  6375                           ; BSR set to: 1
  6376                           ;sync.c: 89:     INTCONbits.GIE = 1;;
  6377   00169A  8EF2               	bsf	242,7,c	;volatile
  6378   00169C                     i1l235:
  6379   00169C  0012               	return		;funcret
  6380   00169E                     __end_of_mutex_lock:
  6381                           	callstack 0
  6382                           
  6383 ;; *************** function i1_scheduler *****************
  6384 ;; Defined at:
  6385 ;;		line 10 in file "scheduler.c"
  6386 ;; Parameters:    Size  Location     Type
  6387 ;;		None
  6388 ;; Auto vars:     Size  Location     Type
  6389 ;;		None
  6390 ;; Return value:  Size  Location     Type
  6391 ;;                  1    wreg      void 
  6392 ;; Registers used:
  6393 ;;		wreg, fsr2l, fsr2h, status,2, status,0, prodl, prodh, cstack
  6394 ;; Tracked objects:
  6395 ;;		On entry : 0/0
  6396 ;;		On exit  : 0/0
  6397 ;;		Unchanged: 0/0
  6398 ;; Data sizes:     COMRAM   BANK0   BANK1   BANK2   BANK3   BANK4   BANK5   BANK6   BANK7   BANK8   BANK9  BANK10  BANK1
      +1  BANK12  BANK13  BANK14  BANK15
  6399 ;;      Params:         0       0       0       0       0       0       0       0       0       0       0       0       
      +0       0       0       0       0
  6400 ;;      Locals:         0       0       0       0       0       0       0       0       0       0       0       0       
      +0       0       0       0       0
  6401 ;;      Temps:          0       0       3       0       0       0       0       0       0       0       0       0       
      +0       0       0       0       0
  6402 ;;      Totals:         0       0       3       0       0       0       0       0       0       0       0       0       
      +0       0       0       0       0
  6403 ;;Total ram usage:        3 bytes
  6404 ;; Hardware stack levels used: 1
  6405 ;; Hardware stack levels required when called: 6
  6406 ;; This function calls:
  6407 ;;		i1_rr_priority_scheduler
  6408 ;; This function is called by:
  6409 ;;		_sem_wait
  6410 ;;		_mutex_lock
  6411 ;; This function uses a non-reentrant model
  6412 ;;
  6413                           
  6414                           	psect	text25
  6415   002CF6                     __ptext25:
  6416                           	callstack 0
  6417   002CF6                     i1_scheduler:
  6418                           	callstack 17
  6419   002CF6                     
  6420                           ;scheduler.c: 17:     r_queue.pos_task_running = rr_priority_scheduler();
  6421   002CF6  EC19  F011         	call	i1_rr_priority_scheduler	;wreg free
  6422   002CFA  0101               	movlb	1	; () banked
  6423   002CFC  6F68               	movwf	??i1_scheduler& (0+255),b
  6424   002CFE  C168  F548         	movff	??i1_scheduler,_r_queue+273
  6425   002D02                     
  6426                           ; BSR set to: 1
  6427                           ;scheduler.c: 19:   r_queue.task_running = &r_queue.TASKS[r_queue.pos_task_running];
  6428   002D02  C548  F168         	movff	_r_queue+273,??i1_scheduler
  6429   002D06  5168               	movf	??i1_scheduler& (0+255),w,b
  6430   002D08  0D36               	mullw	54
  6431   002D0A  0E37               	movlw	low _r_queue
  6432   002D0C  24F3               	addwf	243,w,c
  6433   002D0E  6F69               	movwf	(??i1_scheduler+1)& (0+255),b
  6434   002D10  0E04               	movlw	high _r_queue
  6435   002D12  20F4               	addwfc	prodh,w,c
  6436   002D14  6F6A               	movwf	(??i1_scheduler+2)& (0+255),b
  6437   002D16  C169  F546         	movff	??i1_scheduler+1,_r_queue+271
  6438   002D1A  C16A  F547         	movff	??i1_scheduler+2,_r_queue+272
  6439   002D1E                     
  6440                           ; BSR set to: 1
  6441   002D1E  0012               	return		;funcret
  6442   002D20                     __end_ofi1_scheduler:
  6443                           	callstack 0
  6444                           
  6445 ;; *************** function i1_rr_priority_scheduler *****************
  6446 ;; Defined at:
  6447 ;;		line 56 in file "scheduler.c"
  6448 ;; Parameters:    Size  Location     Type
  6449 ;;		None
  6450 ;; Auto vars:     Size  Location     Type
  6451 ;;  i               1  103[BANK1 ] unsigned char 
  6452 ;;  prox            1  102[BANK1 ] unsigned char 
  6453 ;;  i               1  101[BANK1 ] unsigned char 
  6454 ;;  max_priority    1  100[BANK1 ] unsigned char 
  6455 ;;  tentativas      1   99[BANK1 ] unsigned char 
  6456 ;; Return value:  Size  Location     Type
  6457 ;;                  1    wreg      unsigned char 
  6458 ;; Registers used:
  6459 ;;		wreg, fsr2l, fsr2h, status,2, status,0, prodl, prodh, cstack
  6460 ;; Tracked objects:
  6461 ;;		On entry : 0/0
  6462 ;;		On exit  : 0/0
  6463 ;;		Unchanged: 0/0
  6464 ;; Data sizes:     COMRAM   BANK0   BANK1   BANK2   BANK3   BANK4   BANK5   BANK6   BANK7   BANK8   BANK9  BANK10  BANK1
      +1  BANK12  BANK13  BANK14  BANK15
  6465 ;;      Params:         0       0       0       0       0       0       0       0       0       0       0       0       
      +0       0       0       0       0
  6466 ;;      Locals:         0       0       5       0       0       0       0       0       0       0       0       0       
      +0       0       0       0       0
  6467 ;;      Temps:          0       0       2       0       0       0       0       0       0       0       0       0       
      +0       0       0       0       0
  6468 ;;      Totals:         0       0       7       0       0       0       0       0       0       0       0       0       
      +0       0       0       0       0
  6469 ;;Total ram usage:        7 bytes
  6470 ;; Hardware stack levels used: 1
  6471 ;; Hardware stack levels required when called: 5
  6472 ;; This function calls:
  6473 ;;		i1___awmod
  6474 ;; This function is called by:
  6475 ;;		i1_scheduler
  6476 ;; This function uses a non-reentrant model
  6477 ;;
  6478                           
  6479                           	psect	text26
  6480   002232                     __ptext26:
  6481                           	callstack 0
  6482   002232                     i1_rr_priority_scheduler:
  6483                           	callstack 17
  6484   002232                     
  6485                           ;scheduler.c: 59:     uint8_t max_priority = 0;
  6486   002232  0101               	movlb	1	; () banked
  6487   002234  6B64               	clrf	i1rr_priority_scheduler@max_priority& (0+255),b
  6488                           
  6489                           ;scheduler.c: 60:     for (uint8_t i = 0; i < r_queue.size; i++) {
  6490   002236  6B65               	clrf	i1rr_priority_scheduler@i& (0+255),b
  6491   002238  EF5E  F011         	goto	i1l4302
  6492   00223C                     i1l4292:
  6493                           
  6494                           ; BSR set to: 1
  6495                           ;scheduler.c: 61:         if (r_queue.TASKS[i].task_state == READY && r_queue.TASKS[i].t
      +                          ask_ptr != idle) {
  6496   00223C  5165               	movf	i1rr_priority_scheduler@i& (0+255),w,b
  6497   00223E  0D36               	mullw	54
  6498   002240  0E38               	movlw	low (_r_queue+1)
  6499   002242  24F3               	addwf	243,w,c
  6500   002244  6ED9               	movwf	fsr2l,c
  6501   002246  0E04               	movlw	high (_r_queue+1)
  6502   002248  20F4               	addwfc	prodh,w,c
  6503   00224A  6EDA               	movwf	fsr2h,c
  6504   00224C  50DF               	movf	indf2,w,c
  6505   00224E  A4D8               	btfss	status,2,c
  6506   002250  EF2C  F011         	goto	i1u427_21
  6507   002254  EF2E  F011         	goto	i1u427_20
  6508   002258                     i1u427_21:
  6509   002258  EF5D  F011         	goto	i1l4300
  6510   00225C                     i1u427_20:
  6511   00225C                     
  6512                           ; BSR set to: 1
  6513   00225C  5165               	movf	i1rr_priority_scheduler@i& (0+255),w,b
  6514   00225E  0D36               	mullw	54
  6515   002260  0E39               	movlw	low (_r_queue+2)
  6516   002262  24F3               	addwf	243,w,c
  6517   002264  6ED9               	movwf	fsr2l,c
  6518   002266  0E04               	movlw	high (_r_queue+2)
  6519   002268  20F4               	addwfc	prodh,w,c
  6520   00226A  6EDA               	movwf	fsr2h,c
  6521   00226C  0E4A               	movlw	low _idle
  6522   00226E  18DE               	xorwf	postinc2,w,c
  6523   002270  E109               	bnz	i1u428_20
  6524   002272  0E2D               	movlw	high _idle
  6525   002274  18DE               	xorwf	postinc2,w,c
  6526   002276  B4D8               	btfsc	status,2,c
  6527   002278  EF40  F011         	goto	i1u428_21
  6528   00227C  EF42  F011         	goto	i1u428_20
  6529   002280                     i1u428_21:
  6530   002280  EF5D  F011         	goto	i1l4300
  6531   002284                     i1u428_20:
  6532   002284                     
  6533                           ; BSR set to: 1
  6534                           ;scheduler.c: 62:             if (r_queue.TASKS[i].task_priority > max_priority) {
  6535   002284  5165               	movf	i1rr_priority_scheduler@i& (0+255),w,b
  6536   002286  0D36               	mullw	54
  6537   002288  0E3C               	movlw	low (_r_queue+5)
  6538   00228A  24F3               	addwf	243,w,c
  6539   00228C  6ED9               	movwf	fsr2l,c
  6540   00228E  0E04               	movlw	high (_r_queue+5)
  6541   002290  20F4               	addwfc	prodh,w,c
  6542   002292  6EDA               	movwf	fsr2h,c
  6543   002294  50DE               	movf	postinc2,w,c
  6544   002296  5D64               	subwf	i1rr_priority_scheduler@max_priority& (0+255),w,b
  6545   002298  B0D8               	btfsc	status,0,c
  6546   00229A  EF51  F011         	goto	i1u429_21
  6547   00229E  EF53  F011         	goto	i1u429_20
  6548   0022A2                     i1u429_21:
  6549   0022A2  EF5D  F011         	goto	i1l4300
  6550   0022A6                     i1u429_20:
  6551   0022A6                     
  6552                           ; BSR set to: 1
  6553                           ;scheduler.c: 63:                 max_priority = r_queue.TASKS[i].task_priority;
  6554   0022A6  5165               	movf	i1rr_priority_scheduler@i& (0+255),w,b
  6555   0022A8  0D36               	mullw	54
  6556   0022AA  0E3C               	movlw	low (_r_queue+5)
  6557   0022AC  24F3               	addwf	243,w,c
  6558   0022AE  6ED9               	movwf	fsr2l,c
  6559   0022B0  0E04               	movlw	high (_r_queue+5)
  6560   0022B2  20F4               	addwfc	prodh,w,c
  6561   0022B4  6EDA               	movwf	fsr2h,c
  6562   0022B6  50DF               	movf	indf2,w,c
  6563   0022B8  6F64               	movwf	i1rr_priority_scheduler@max_priority& (0+255),b
  6564   0022BA                     i1l4300:
  6565                           
  6566                           ; BSR set to: 1
  6567                           ;scheduler.c: 66:     }
  6568   0022BA  2B65               	incf	i1rr_priority_scheduler@i& (0+255),f,b
  6569   0022BC                     i1l4302:
  6570                           
  6571                           ; BSR set to: 1
  6572   0022BC  EE25  F045         	lfsr	2,_r_queue+270
  6573   0022C0  50DE               	movf	postinc2,w,c
  6574   0022C2  5D65               	subwf	i1rr_priority_scheduler@i& (0+255),w,b
  6575   0022C4  A0D8               	btfss	status,0,c
  6576   0022C6  EF67  F011         	goto	i1u430_21
  6577   0022CA  EF69  F011         	goto	i1u430_20
  6578   0022CE                     i1u430_21:
  6579   0022CE  EF1E  F011         	goto	i1l4292
  6580   0022D2                     i1u430_20:
  6581   0022D2                     
  6582                           ; BSR set to: 1
  6583                           ;scheduler.c: 69:     uint8_t prox = r_queue.pos_task_running;
  6584   0022D2  C548  F166         	movff	_r_queue+273,i1rr_priority_scheduler@prox
  6585                           
  6586                           ;scheduler.c: 70:     uint8_t tentativas = 0;
  6587   0022D6  6B63               	clrf	i1rr_priority_scheduler@tentativas& (0+255),b
  6588   0022D8                     i1l4304:
  6589                           
  6590                           ; BSR set to: 1
  6591                           ;scheduler.c: 73:         prox = (prox + 1) % r_queue.size;
  6592   0022D8  0E01               	movlw	1
  6593   0022DA  2566               	addwf	i1rr_priority_scheduler@prox& (0+255),w,b
  6594   0022DC  6F5B               	movwf	i1___awmod@dividend& (0+255),b
  6595   0022DE  6B5C               	clrf	(i1___awmod@dividend+1)& (0+255),b
  6596   0022E0  0E00               	movlw	0
  6597   0022E2  235C               	addwfc	(i1___awmod@dividend+1)& (0+255),f,b
  6598   0022E4  C545  F161         	movff	_r_queue+270,??i1_rr_priority_scheduler
  6599   0022E8  5161               	movf	??i1_rr_priority_scheduler& (0+255),w,b
  6600   0022EA  6F5D               	movwf	i1___awmod@divisor& (0+255),b
  6601   0022EC  6B5E               	clrf	(i1___awmod@divisor+1)& (0+255),b
  6602   0022EE  ECB4  F013         	call	i1___awmod	;wreg free
  6603   0022F2  0101               	movlb	1	; () banked
  6604   0022F4  515B               	movf	?i1___awmod& (0+255),w,b
  6605   0022F6  6F66               	movwf	i1rr_priority_scheduler@prox& (0+255),b
  6606   0022F8                     
  6607                           ; BSR set to: 1
  6608                           ;scheduler.c: 74:         tentativas++;
  6609   0022F8  2B63               	incf	i1rr_priority_scheduler@tentativas& (0+255),f,b
  6610   0022FA                     
  6611                           ; BSR set to: 1
  6612                           ;scheduler.c: 75:         if (tentativas >= r_queue.size) {
  6613   0022FA  EE25  F045         	lfsr	2,_r_queue+270
  6614   0022FE  50DE               	movf	postinc2,w,c
  6615   002300  5D63               	subwf	i1rr_priority_scheduler@tentativas& (0+255),w,b
  6616   002302  A0D8               	btfss	status,0,c
  6617   002304  EF86  F011         	goto	i1u431_21
  6618   002308  EF88  F011         	goto	i1u431_20
  6619   00230C                     i1u431_21:
  6620   00230C  EFD2  F011         	goto	i1l4330
  6621   002310                     i1u431_20:
  6622   002310                     
  6623                           ; BSR set to: 1
  6624                           ;scheduler.c: 77:             for (uint8_t i = 0; i < r_queue.size; i++) {
  6625   002310  6B67               	clrf	i1rr_priority_scheduler@i_1520& (0+255),b
  6626   002312  EFC4  F011         	goto	i1l4324
  6627   002316                     i1l4312:
  6628                           
  6629                           ; BSR set to: 1
  6630                           ;scheduler.c: 78:                 if (r_queue.TASKS[i].task_state == READY && r_queue.TA
      +                          SKS[i].task_priority == max_priority && r_queue.TASKS[i].task_ptr != idle) {
  6631   002316  5167               	movf	i1rr_priority_scheduler@i_1520& (0+255),w,b
  6632   002318  0D36               	mullw	54
  6633   00231A  0E38               	movlw	low (_r_queue+1)
  6634   00231C  24F3               	addwf	243,w,c
  6635   00231E  6ED9               	movwf	fsr2l,c
  6636   002320  0E04               	movlw	high (_r_queue+1)
  6637   002322  20F4               	addwfc	prodh,w,c
  6638   002324  6EDA               	movwf	fsr2h,c
  6639   002326  50DF               	movf	indf2,w,c
  6640   002328  A4D8               	btfss	status,2,c
  6641   00232A  EF99  F011         	goto	i1u432_21
  6642   00232E  EF9B  F011         	goto	i1u432_20
  6643   002332                     i1u432_21:
  6644   002332  EFC3  F011         	goto	i1l4322
  6645   002336                     i1u432_20:
  6646   002336                     
  6647                           ; BSR set to: 1
  6648   002336  5167               	movf	i1rr_priority_scheduler@i_1520& (0+255),w,b
  6649   002338  0D36               	mullw	54
  6650   00233A  0E3C               	movlw	low (_r_queue+5)
  6651   00233C  24F3               	addwf	243,w,c
  6652   00233E  6ED9               	movwf	fsr2l,c
  6653   002340  0E04               	movlw	high (_r_queue+5)
  6654   002342  20F4               	addwfc	prodh,w,c
  6655   002344  6EDA               	movwf	fsr2h,c
  6656   002346  5164               	movf	i1rr_priority_scheduler@max_priority& (0+255),w,b
  6657   002348  18DE               	xorwf	postinc2,w,c
  6658   00234A  A4D8               	btfss	status,2,c
  6659   00234C  EFAA  F011         	goto	i1u433_21
  6660   002350  EFAC  F011         	goto	i1u433_20
  6661   002354                     i1u433_21:
  6662   002354  EFC3  F011         	goto	i1l4322
  6663   002358                     i1u433_20:
  6664   002358                     
  6665                           ; BSR set to: 1
  6666   002358  5167               	movf	i1rr_priority_scheduler@i_1520& (0+255),w,b
  6667   00235A  0D36               	mullw	54
  6668   00235C  0E39               	movlw	low (_r_queue+2)
  6669   00235E  24F3               	addwf	243,w,c
  6670   002360  6ED9               	movwf	fsr2l,c
  6671   002362  0E04               	movlw	high (_r_queue+2)
  6672   002364  20F4               	addwfc	prodh,w,c
  6673   002366  6EDA               	movwf	fsr2h,c
  6674   002368  0E4A               	movlw	low _idle
  6675   00236A  18DE               	xorwf	postinc2,w,c
  6676   00236C  E109               	bnz	i1u434_20
  6677   00236E  0E2D               	movlw	high _idle
  6678   002370  18DE               	xorwf	postinc2,w,c
  6679   002372  B4D8               	btfsc	status,2,c
  6680   002374  EFBE  F011         	goto	i1u434_21
  6681   002378  EFC0  F011         	goto	i1u434_20
  6682   00237C                     i1u434_21:
  6683   00237C  EFC3  F011         	goto	i1l4322
  6684   002380                     i1u434_20:
  6685   002380                     
  6686                           ; BSR set to: 1
  6687                           ;scheduler.c: 79:                     return i;
  6688   002380  5167               	movf	i1rr_priority_scheduler@i_1520& (0+255),w,b
  6689   002382  EF08  F012         	goto	i1l489
  6690   002386                     i1l4322:
  6691                           
  6692                           ; BSR set to: 1
  6693                           ;scheduler.c: 81:             }
  6694   002386  2B67               	incf	i1rr_priority_scheduler@i_1520& (0+255),f,b
  6695   002388                     i1l4324:
  6696                           
  6697                           ; BSR set to: 1
  6698   002388  EE25  F045         	lfsr	2,_r_queue+270
  6699   00238C  50DE               	movf	postinc2,w,c
  6700   00238E  5D67               	subwf	i1rr_priority_scheduler@i_1520& (0+255),w,b
  6701   002390  A0D8               	btfss	status,0,c
  6702   002392  EFCD  F011         	goto	i1u435_21
  6703   002396  EFCF  F011         	goto	i1u435_20
  6704   00239A                     i1u435_21:
  6705   00239A  EF8B  F011         	goto	i1l4312
  6706   00239E                     i1u435_20:
  6707   00239E                     
  6708                           ; BSR set to: 1
  6709                           ;scheduler.c: 82:             return 0;
  6710   00239E  0E00               	movlw	0
  6711   0023A0  EF08  F012         	goto	i1l489
  6712   0023A4                     i1l4330:
  6713                           
  6714                           ; BSR set to: 1
  6715                           ;scheduler.c: 84:     } while (!(r_queue.TASKS[prox].task_state == READY && r_queue.TASK
      +                          S[prox].task_priority == max_priority && r_queue.TASKS[prox].task_ptr != idle));
  6716   0023A4  5166               	movf	i1rr_priority_scheduler@prox& (0+255),w,b
  6717   0023A6  0D36               	mullw	54
  6718   0023A8  0E38               	movlw	low (_r_queue+1)
  6719   0023AA  24F3               	addwf	243,w,c
  6720   0023AC  6ED9               	movwf	fsr2l,c
  6721   0023AE  0E04               	movlw	high (_r_queue+1)
  6722   0023B0  20F4               	addwfc	prodh,w,c
  6723   0023B2  6EDA               	movwf	fsr2h,c
  6724   0023B4  50DF               	movf	indf2,w,c
  6725   0023B6  A4D8               	btfss	status,2,c
  6726   0023B8  EFE0  F011         	goto	i1u436_21
  6727   0023BC  EFE2  F011         	goto	i1u436_20
  6728   0023C0                     i1u436_21:
  6729   0023C0  EF6C  F011         	goto	i1l4304
  6730   0023C4                     i1u436_20:
  6731   0023C4                     
  6732                           ; BSR set to: 1
  6733   0023C4  5166               	movf	i1rr_priority_scheduler@prox& (0+255),w,b
  6734   0023C6  0D36               	mullw	54
  6735   0023C8  0E3C               	movlw	low (_r_queue+5)
  6736   0023CA  24F3               	addwf	243,w,c
  6737   0023CC  6ED9               	movwf	fsr2l,c
  6738   0023CE  0E04               	movlw	high (_r_queue+5)
  6739   0023D0  20F4               	addwfc	prodh,w,c
  6740   0023D2  6EDA               	movwf	fsr2h,c
  6741   0023D4  5164               	movf	i1rr_priority_scheduler@max_priority& (0+255),w,b
  6742   0023D6  18DE               	xorwf	postinc2,w,c
  6743   0023D8  A4D8               	btfss	status,2,c
  6744   0023DA  EFF1  F011         	goto	i1u437_21
  6745   0023DE  EFF3  F011         	goto	i1u437_20
  6746   0023E2                     i1u437_21:
  6747   0023E2  EF6C  F011         	goto	i1l4304
  6748   0023E6                     i1u437_20:
  6749   0023E6                     
  6750                           ; BSR set to: 1
  6751   0023E6  5166               	movf	i1rr_priority_scheduler@prox& (0+255),w,b
  6752   0023E8  0D36               	mullw	54
  6753   0023EA  0E39               	movlw	low (_r_queue+2)
  6754   0023EC  24F3               	addwf	243,w,c
  6755   0023EE  6ED9               	movwf	fsr2l,c
  6756   0023F0  0E04               	movlw	high (_r_queue+2)
  6757   0023F2  20F4               	addwfc	prodh,w,c
  6758   0023F4  6EDA               	movwf	fsr2h,c
  6759   0023F6  0E4A               	movlw	low _idle
  6760   0023F8  18DE               	xorwf	postinc2,w,c
  6761   0023FA  E109               	bnz	i1u438_20
  6762   0023FC  0E2D               	movlw	high _idle
  6763   0023FE  18DE               	xorwf	postinc2,w,c
  6764   002400  B4D8               	btfsc	status,2,c
  6765   002402  EF05  F012         	goto	i1u438_21
  6766   002406  EF07  F012         	goto	i1u438_20
  6767   00240A                     i1u438_21:
  6768   00240A  EF6C  F011         	goto	i1l4304
  6769   00240E                     i1u438_20:
  6770   00240E                     
  6771                           ; BSR set to: 1
  6772                           ;scheduler.c: 86:     return prox;
  6773   00240E  5166               	movf	i1rr_priority_scheduler@prox& (0+255),w,b
  6774   002410                     i1l489:
  6775                           
  6776                           ; BSR set to: 1
  6777   002410  0012               	return		;funcret
  6778   002412                     __end_ofi1_rr_priority_scheduler:
  6779                           	callstack 0
  6780                           
  6781 ;; *************** function i1___awmod *****************
  6782 ;; Defined at:
  6783 ;;		line 7 in file "C:\Program Files\Microchip\xc8\v3.10\pic\sources\c99\common\awmod.c"
  6784 ;; Parameters:    Size  Location     Type
  6785 ;;  dividend        2   91[BANK1 ] int 
  6786 ;;  divisor         2   93[BANK1 ] int 
  6787 ;; Auto vars:     Size  Location     Type
  6788 ;;  sign            1   96[BANK1 ] unsigned char 
  6789 ;;  counter         1   95[BANK1 ] unsigned char 
  6790 ;; Return value:  Size  Location     Type
  6791 ;;                  2   91[BANK1 ] int 
  6792 ;; Registers used:
  6793 ;;		wreg, status,2, status,0
  6794 ;; Tracked objects:
  6795 ;;		On entry : 0/0
  6796 ;;		On exit  : 0/0
  6797 ;;		Unchanged: 0/0
  6798 ;; Data sizes:     COMRAM   BANK0   BANK1   BANK2   BANK3   BANK4   BANK5   BANK6   BANK7   BANK8   BANK9  BANK10  BANK1
      +1  BANK12  BANK13  BANK14  BANK15
  6799 ;;      Params:         0       0       4       0       0       0       0       0       0       0       0       0       
      +0       0       0       0       0
  6800 ;;      Locals:         0       0       2       0       0       0       0       0       0       0       0       0       
      +0       0       0       0       0
  6801 ;;      Temps:          0       0       0       0       0       0       0       0       0       0       0       0       
      +0       0       0       0       0
  6802 ;;      Totals:         0       0       6       0       0       0       0       0       0       0       0       0       
      +0       0       0       0       0
  6803 ;;Total ram usage:        6 bytes
  6804 ;; Hardware stack levels used: 1
  6805 ;; Hardware stack levels required when called: 4
  6806 ;; This function calls:
  6807 ;;		Nothing
  6808 ;; This function is called by:
  6809 ;;		i1_rr_priority_scheduler
  6810 ;; This function uses a non-reentrant model
  6811 ;;
  6812                           
  6813                           	psect	text27
  6814   002768                     __ptext27:
  6815                           	callstack 0
  6816   002768                     i1___awmod:
  6817                           	callstack 17
  6818   002768  0101               	movlb	1	; () banked
  6819   00276A  6B60               	clrf	i1___awmod@sign& (0+255),b
  6820   00276C                     
  6821                           ; BSR set to: 1
  6822   00276C  BF5C               	btfsc	(i1___awmod@dividend+1)& (0+255),7,b
  6823   00276E  EFBD  F013         	goto	i1u421_20
  6824   002772  EFBB  F013         	goto	i1u421_21
  6825   002776                     i1u421_21:
  6826   002776  EFC3  F013         	goto	i1l4262
  6827   00277A                     i1u421_20:
  6828   00277A                     
  6829                           ; BSR set to: 1
  6830   00277A  6D5B               	negf	i1___awmod@dividend& (0+255),b
  6831   00277C  1F5C               	comf	(i1___awmod@dividend+1)& (0+255),f,b
  6832   00277E  B0D8               	btfsc	status,0,c
  6833   002780  2B5C               	incf	(i1___awmod@dividend+1)& (0+255),f,b
  6834   002782                     
  6835                           ; BSR set to: 1
  6836   002782  0E01               	movlw	1
  6837   002784  6F60               	movwf	i1___awmod@sign& (0+255),b
  6838   002786                     i1l4262:
  6839                           
  6840                           ; BSR set to: 1
  6841   002786  BF5E               	btfsc	(i1___awmod@divisor+1)& (0+255),7,b
  6842   002788  EFCA  F013         	goto	i1u422_20
  6843   00278C  EFC8  F013         	goto	i1u422_21
  6844   002790                     i1u422_21:
  6845   002790  EFCE  F013         	goto	i1l4266
  6846   002794                     i1u422_20:
  6847   002794                     
  6848                           ; BSR set to: 1
  6849   002794  6D5D               	negf	i1___awmod@divisor& (0+255),b
  6850   002796  1F5E               	comf	(i1___awmod@divisor+1)& (0+255),f,b
  6851   002798  B0D8               	btfsc	status,0,c
  6852   00279A  2B5E               	incf	(i1___awmod@divisor+1)& (0+255),f,b
  6853   00279C                     i1l4266:
  6854                           
  6855                           ; BSR set to: 1
  6856   00279C  515D               	movf	i1___awmod@divisor& (0+255),w,b
  6857   00279E  115E               	iorwf	(i1___awmod@divisor+1)& (0+255),w,b
  6858   0027A0  B4D8               	btfsc	status,2,c
  6859   0027A2  EFD5  F013         	goto	i1u423_21
  6860   0027A6  EFD7  F013         	goto	i1u423_20
  6861   0027AA                     i1u423_21:
  6862   0027AA  EFFB  F013         	goto	i1l4282
  6863   0027AE                     i1u423_20:
  6864   0027AE                     
  6865                           ; BSR set to: 1
  6866   0027AE  0E01               	movlw	1
  6867   0027B0  6F5F               	movwf	i1___awmod@counter& (0+255),b
  6868   0027B2  EFDF  F013         	goto	i1l4272
  6869   0027B6                     i1l4270:
  6870                           
  6871                           ; BSR set to: 1
  6872   0027B6  90D8               	bcf	status,0,c
  6873   0027B8  375D               	rlcf	i1___awmod@divisor& (0+255),f,b
  6874   0027BA  375E               	rlcf	(i1___awmod@divisor+1)& (0+255),f,b
  6875   0027BC  2B5F               	incf	i1___awmod@counter& (0+255),f,b
  6876   0027BE                     i1l4272:
  6877                           
  6878                           ; BSR set to: 1
  6879   0027BE  AF5E               	btfss	(i1___awmod@divisor+1)& (0+255),7,b
  6880   0027C0  EFE4  F013         	goto	i1u424_21
  6881   0027C4  EFE6  F013         	goto	i1u424_20
  6882   0027C8                     i1u424_21:
  6883   0027C8  EFDB  F013         	goto	i1l4270
  6884   0027CC                     i1u424_20:
  6885   0027CC                     i1l4274:
  6886                           
  6887                           ; BSR set to: 1
  6888   0027CC  515D               	movf	i1___awmod@divisor& (0+255),w,b
  6889   0027CE  5D5B               	subwf	i1___awmod@dividend& (0+255),w,b
  6890   0027D0  515E               	movf	(i1___awmod@divisor+1)& (0+255),w,b
  6891   0027D2  595C               	subwfb	(i1___awmod@dividend+1)& (0+255),w,b
  6892   0027D4  A0D8               	btfss	status,0,c
  6893   0027D6  EFEF  F013         	goto	i1u425_21
  6894   0027DA  EFF1  F013         	goto	i1u425_20
  6895   0027DE                     i1u425_21:
  6896   0027DE  EFF5  F013         	goto	i1l4278
  6897   0027E2                     i1u425_20:
  6898   0027E2                     
  6899                           ; BSR set to: 1
  6900   0027E2  515D               	movf	i1___awmod@divisor& (0+255),w,b
  6901   0027E4  5F5B               	subwf	i1___awmod@dividend& (0+255),f,b
  6902   0027E6  515E               	movf	(i1___awmod@divisor+1)& (0+255),w,b
  6903   0027E8  5B5C               	subwfb	(i1___awmod@dividend+1)& (0+255),f,b
  6904   0027EA                     i1l4278:
  6905                           
  6906                           ; BSR set to: 1
  6907   0027EA  90D8               	bcf	status,0,c
  6908   0027EC  335E               	rrcf	(i1___awmod@divisor+1)& (0+255),f,b
  6909   0027EE  335D               	rrcf	i1___awmod@divisor& (0+255),f,b
  6910   0027F0                     
  6911                           ; BSR set to: 1
  6912   0027F0  2F5F               	decfsz	i1___awmod@counter& (0+255),f,b
  6913   0027F2  EFE6  F013         	goto	i1l4274
  6914   0027F6                     i1l4282:
  6915                           
  6916                           ; BSR set to: 1
  6917   0027F6  5160               	movf	i1___awmod@sign& (0+255),w,b
  6918   0027F8  B4D8               	btfsc	status,2,c
  6919   0027FA  EF01  F014         	goto	i1u426_21
  6920   0027FE  EF03  F014         	goto	i1u426_20
  6921   002802                     i1u426_21:
  6922   002802  EF07  F014         	goto	i1l4286
  6923   002806                     i1u426_20:
  6924   002806                     
  6925                           ; BSR set to: 1
  6926   002806  6D5B               	negf	i1___awmod@dividend& (0+255),b
  6927   002808  1F5C               	comf	(i1___awmod@dividend+1)& (0+255),f,b
  6928   00280A  B0D8               	btfsc	status,0,c
  6929   00280C  2B5C               	incf	(i1___awmod@dividend+1)& (0+255),f,b
  6930   00280E                     i1l4286:
  6931                           
  6932                           ; BSR set to: 1
  6933   00280E  C15B  F15B         	movff	i1___awmod@dividend,?i1___awmod
  6934   002812  C15C  F15C         	movff	i1___awmod@dividend+1,?i1___awmod+1
  6935   002816                     
  6936                           ; BSR set to: 1
  6937   002816  0012               	return		;funcret
  6938   002818                     __end_ofi1___awmod:
  6939                           	callstack 0
  6940                           
  6941 ;; *************** function _adc_read *****************
  6942 ;; Defined at:
  6943 ;;		line 20 in file "io.c"
  6944 ;; Parameters:    Size  Location     Type
  6945 ;;		None
  6946 ;; Auto vars:     Size  Location     Type
  6947 ;;  dados_adc       2    6[BANK0 ] unsigned short 
  6948 ;; Return value:  Size  Location     Type
  6949 ;;                  2    4[BANK0 ] unsigned short 
  6950 ;; Registers used:
  6951 ;;		None
  6952 ;; Tracked objects:
  6953 ;;		On entry : 0/0
  6954 ;;		On exit  : 0/0
  6955 ;;		Unchanged: 0/0
  6956 ;; Data sizes:     COMRAM   BANK0   BANK1   BANK2   BANK3   BANK4   BANK5   BANK6   BANK7   BANK8   BANK9  BANK10  BANK1
      +1  BANK12  BANK13  BANK14  BANK15
  6957 ;;      Params:         0       2       0       0       0       0       0       0       0       0       0       0       
      +0       0       0       0       0
  6958 ;;      Locals:         0       2       0       0       0       0       0       0       0       0       0       0       
      +0       0       0       0       0
  6959 ;;      Temps:          0       0       0       0       0       0       0       0       0       0       0       0       
      +0       0       0       0       0
  6960 ;;      Totals:         0       4       0       0       0       0       0       0       0       0       0       0       
      +0       0       0       0       0
  6961 ;;Total ram usage:        4 bytes
  6962 ;; Hardware stack levels used: 1
  6963 ;; Hardware stack levels required when called: 4
  6964 ;; This function calls:
  6965 ;;		Nothing
  6966 ;; This function is called by:
  6967 ;;		_task_blink3
  6968 ;; This function uses a non-reentrant model
  6969 ;;
  6970                           
  6971                           	psect	text28
  6972   002DC0                     __ptext28:
  6973                           	callstack 0
  6974   002DC0                     _adc_read:
  6975                           	callstack 21
  6976   002DC0                     
  6977                           ;io.c: 22:     uint16_t dados_adc;;io.c: 23:     ADCON0bits.GO = 1;
  6978   002DC0  82C2               	bsf	194,1,c	;volatile
  6979   002DC2                     i1l319:
  6980   002DC2  B2C2               	btfsc	194,1,c	;volatile
  6981   002DC4  EFE6  F016         	goto	i1u457_21
  6982   002DC8  EFE8  F016         	goto	i1u457_20
  6983   002DCC                     i1u457_21:
  6984   002DCC  EFE1  F016         	goto	i1l319
  6985   002DD0                     i1u457_20:
  6986   002DD0                     
  6987                           ;io.c: 25:     dados_adc = ADRES;
  6988   002DD0  CFC3 F085          	movff	4035,adc_read@dados_adc	;volatile
  6989   002DD4  CFC4 F086          	movff	4036,adc_read@dados_adc+1	;volatile
  6990                           
  6991                           ;io.c: 26:     return dados_adc;
  6992   002DD8  C085  F083         	movff	adc_read@dados_adc,?_adc_read
  6993   002DDC  C086  F084         	movff	adc_read@dados_adc+1,?_adc_read+1
  6994   002DE0  0012               	return		;funcret
  6995   002DE2                     __end_of_adc_read:
  6996                           	callstack 0
  6997                           
  6998 ;; *************** function _task_blink4 *****************
  6999 ;; Defined at:
  7000 ;;		line 54 in file "user.c"
  7001 ;; Parameters:    Size  Location     Type
  7002 ;;		None
  7003 ;; Auto vars:     Size  Location     Type
  7004 ;;  dado            1  119[BANK1 ] unsigned char 
  7005 ;; Return value:  Size  Location     Type
  7006 ;;                  1    wreg      void 
  7007 ;; Registers used:
  7008 ;;		wreg, fsr1l, fsr1h, fsr2l, fsr2h, status,2, status,0, prodl, prodh, cstack
  7009 ;; Tracked objects:
  7010 ;;		On entry : 0/0
  7011 ;;		On exit  : 0/0
  7012 ;;		Unchanged: 0/0
  7013 ;; Data sizes:     COMRAM   BANK0   BANK1   BANK2   BANK3   BANK4   BANK5   BANK6   BANK7   BANK8   BANK9  BANK10  BANK1
      +1  BANK12  BANK13  BANK14  BANK15
  7014 ;;      Params:         0       0       0       0       0       0       0       0       0       0       0       0       
      +0       0       0       0       0
  7015 ;;      Locals:         0       0       1       0       0       0       0       0       0       0       0       0       
      +0       0       0       0       0
  7016 ;;      Temps:          0       0       0       0       0       0       0       0       0       0       0       0       
      +0       0       0       0       0
  7017 ;;      Totals:         0       0       1       0       0       0       0       0       0       0       0       0       
      +0       0       0       0       0
  7018 ;;Total ram usage:        1 bytes
  7019 ;; Hardware stack levels used: 1
  7020 ;; Hardware stack levels required when called: 9
  7021 ;; This function calls:
  7022 ;;		_pipe_read
  7023 ;;		_pwm_set_duty
  7024 ;; This function is called by:
  7025 ;;		_main
  7026 ;; This function uses a non-reentrant model
  7027 ;;
  7028                           
  7029                           	psect	text29
  7030   002D20                     __ptext29:
  7031                           	callstack 0
  7032   002D20                     _task_blink4:
  7033                           	callstack 17
  7034   002D20                     l408:
  7035   002D20                     
  7036                           ;user.c: 57:     {;user.c: 58:         char dado;;user.c: 59:         pipe_read(&adc_pip
      +                          e, &dado);
  7037   002D20  0E60               	movlw	low _adc_pipe
  7038   002D22  0101               	movlb	1	; () banked
  7039   002D24  6F73               	movwf	pipe_read@p& (0+255),b
  7040   002D26  0E77               	movlw	low task_blink4@dado
  7041   002D28  6F74               	movwf	pipe_read@dado& (0+255),b
  7042   002D2A  0E01               	movlw	high task_blink4@dado
  7043   002D2C  6F75               	movwf	(pipe_read@dado+1)& (0+255),b
  7044   002D2E  EC41  F015         	call	_pipe_read	;wreg free
  7045   002D32                     
  7046                           ;user.c: 60:         pwm_set_duty((uint16_t)((uint8_t)dado * 4));
  7047   002D32  0101               	movlb	1	; () banked
  7048   002D34  5177               	movf	task_blink4@dado& (0+255),w,b
  7049   002D36  0D04               	mullw	4
  7050   002D38  CFF3 F15B          	movff	prodl,pwm_set_duty@duty
  7051   002D3C  CFF4 F15C          	movff	prodh,pwm_set_duty@duty+1
  7052   002D40  ECDD  F014         	call	_pwm_set_duty	;wreg free
  7053   002D44  EF90  F016         	goto	l408
  7054   002D48  0012               	return		;funcret
  7055   002D4A                     __end_of_task_blink4:
  7056                           	callstack 0
  7057                           
  7058 ;; *************** function _pwm_set_duty *****************
  7059 ;; Defined at:
  7060 ;;		line 60 in file "io.c"
  7061 ;; Parameters:    Size  Location     Type
  7062 ;;  duty            2   91[BANK1 ] unsigned short 
  7063 ;; Auto vars:     Size  Location     Type
  7064 ;;		None
  7065 ;; Return value:  Size  Location     Type
  7066 ;;                  1    wreg      void 
  7067 ;; Registers used:
  7068 ;;		wreg, status,2, status,0
  7069 ;; Tracked objects:
  7070 ;;		On entry : 0/0
  7071 ;;		On exit  : 0/0
  7072 ;;		Unchanged: 0/0
  7073 ;; Data sizes:     COMRAM   BANK0   BANK1   BANK2   BANK3   BANK4   BANK5   BANK6   BANK7   BANK8   BANK9  BANK10  BANK1
      +1  BANK12  BANK13  BANK14  BANK15
  7074 ;;      Params:         0       0       2       0       0       0       0       0       0       0       0       0       
      +0       0       0       0       0
  7075 ;;      Locals:         0       0       0       0       0       0       0       0       0       0       0       0       
      +0       0       0       0       0
  7076 ;;      Temps:          0       0       2       0       0       0       0       0       0       0       0       0       
      +0       0       0       0       0
  7077 ;;      Totals:         0       0       4       0       0       0       0       0       0       0       0       0       
      +0       0       0       0       0
  7078 ;;Total ram usage:        4 bytes
  7079 ;; Hardware stack levels used: 1
  7080 ;; Hardware stack levels required when called: 4
  7081 ;; This function calls:
  7082 ;;		Nothing
  7083 ;; This function is called by:
  7084 ;;		_task_blink4
  7085 ;; This function uses a non-reentrant model
  7086 ;;
  7087                           
  7088                           	psect	text30
  7089   0029BA                     __ptext30:
  7090                           	callstack 0
  7091   0029BA                     _pwm_set_duty:
  7092                           	callstack 21
  7093   0029BA                     
  7094                           ;io.c: 60: void pwm_set_duty(uint16_t duty);io.c: 61: {;io.c: 62:     if (duty > 1023) d
      +                          uty = 1023;
  7095   0029BA  0E04               	movlw	4
  7096   0029BC  0101               	movlb	1	; () banked
  7097   0029BE  5D5C               	subwf	(pwm_set_duty@duty+1)& (0+255),w,b
  7098   0029C0  A0D8               	btfss	status,0,c
  7099   0029C2  EFE5  F014         	goto	i1u458_21
  7100   0029C6  EFE7  F014         	goto	i1u458_20
  7101   0029CA                     i1u458_21:
  7102   0029CA  EFEA  F014         	goto	i1l4492
  7103   0029CE                     i1u458_20:
  7104   0029CE                     
  7105                           ; BSR set to: 1
  7106   0029CE  0E03               	movlw	3
  7107   0029D0  6F5C               	movwf	(pwm_set_duty@duty+1)& (0+255),b
  7108   0029D2  695B               	setf	pwm_set_duty@duty& (0+255),b
  7109   0029D4                     i1l4492:
  7110                           
  7111                           ; BSR set to: 1
  7112                           ;io.c: 64:     if (duty == 0) {
  7113   0029D4  515B               	movf	pwm_set_duty@duty& (0+255),w,b
  7114   0029D6  115C               	iorwf	(pwm_set_duty@duty+1)& (0+255),w,b
  7115   0029D8  A4D8               	btfss	status,2,c
  7116   0029DA  EFF1  F014         	goto	i1u459_21
  7117   0029DE  EFF3  F014         	goto	i1u459_20
  7118   0029E2                     i1u459_21:
  7119   0029E2  EFF8  F014         	goto	i1l4496
  7120   0029E6                     i1u459_20:
  7121   0029E6                     
  7122                           ; BSR set to: 1
  7123                           ;io.c: 67:         CCP1CON = 0x00;
  7124   0029E6  6ABD               	clrf	189,c	;volatile
  7125                           
  7126                           ;io.c: 68:         TRISCbits.RC2 = 0;
  7127   0029E8  9494               	bcf	148,2,c	;volatile
  7128                           
  7129                           ;io.c: 69:         LATCbits.LATC2 = 0;
  7130   0029EA  948B               	bcf	139,2,c	;volatile
  7131                           
  7132                           ;io.c: 70:     } else {
  7133   0029EC  EF10  F015         	goto	i1l337
  7134   0029F0                     i1l4496:
  7135                           
  7136                           ; BSR set to: 1
  7137                           ;io.c: 71:         CCP1CON = 0x0C;
  7138   0029F0  0E0C               	movlw	12
  7139   0029F2  6EBD               	movwf	189,c	;volatile
  7140   0029F4                     
  7141                           ; BSR set to: 1
  7142                           ;io.c: 72:         CCPR1L = (uint8_t)(duty >> 2);
  7143   0029F4  C15B  F15D         	movff	pwm_set_duty@duty,??_pwm_set_duty
  7144   0029F8  C15C  F15E         	movff	pwm_set_duty@duty+1,??_pwm_set_duty+1
  7145   0029FC  90D8               	bcf	status,0,c
  7146   0029FE  335E               	rrcf	(??_pwm_set_duty+1)& (0+255),f,b
  7147   002A00  335D               	rrcf	??_pwm_set_duty& (0+255),f,b
  7148   002A02  90D8               	bcf	status,0,c
  7149   002A04  335E               	rrcf	(??_pwm_set_duty+1)& (0+255),f,b
  7150   002A06  335D               	rrcf	??_pwm_set_duty& (0+255),f,b
  7151   002A08  515D               	movf	??_pwm_set_duty& (0+255),w,b
  7152   002A0A  6EBE               	movwf	190,c	;volatile
  7153   002A0C                     
  7154                           ; BSR set to: 1
  7155                           ;io.c: 73:         CCP1CONbits.DC1B = (uint8_t)(duty & 0x03);
  7156   002A0C  C15B  F15D         	movff	pwm_set_duty@duty,??_pwm_set_duty
  7157   002A10  0E03               	movlw	3
  7158   002A12  175D               	andwf	??_pwm_set_duty& (0+255),f,b
  7159   002A14  3B5D               	swapf	??_pwm_set_duty& (0+255),f,b
  7160   002A16  50BD               	movf	189,w,c	;volatile
  7161   002A18  195D               	xorwf	??_pwm_set_duty& (0+255),w,b
  7162   002A1A  0BCF               	andlw	-49
  7163   002A1C  195D               	xorwf	??_pwm_set_duty& (0+255),w,b
  7164   002A1E  6EBD               	movwf	189,c	;volatile
  7165   002A20                     i1l337:
  7166                           
  7167                           ; BSR set to: 1
  7168   002A20  0012               	return		;funcret
  7169   002A22                     __end_of_pwm_set_duty:
  7170                           	callstack 0
  7171                           
  7172 ;; *************** function _pipe_read *****************
  7173 ;; Defined at:
  7174 ;;		line 19 in file "com.c"
  7175 ;; Parameters:    Size  Location     Type
  7176 ;;  p               1  115[BANK1 ] PTR struct pipe
  7177 ;;		 -> adc_pipe(22), 
  7178 ;;  dado            2  116[BANK1 ] PTR unsigned char 
  7179 ;;		 -> task_blink4@dado(1), 
  7180 ;; Auto vars:     Size  Location     Type
  7181 ;;		None
  7182 ;; Return value:  Size  Location     Type
  7183 ;;                  1    wreg      void 
  7184 ;; Registers used:
  7185 ;;		wreg, fsr1l, fsr1h, fsr2l, fsr2h, status,2, status,0, prodl, prodh, cstack
  7186 ;; Tracked objects:
  7187 ;;		On entry : 0/0
  7188 ;;		On exit  : 0/0
  7189 ;;		Unchanged: 0/0
  7190 ;; Data sizes:     COMRAM   BANK0   BANK1   BANK2   BANK3   BANK4   BANK5   BANK6   BANK7   BANK8   BANK9  BANK10  BANK1
      +1  BANK12  BANK13  BANK14  BANK15
  7191 ;;      Params:         0       0       3       0       0       0       0       0       0       0       0       0       
      +0       0       0       0       0
  7192 ;;      Locals:         0       0       0       0       0       0       0       0       0       0       0       0       
      +0       0       0       0       0
  7193 ;;      Temps:          0       0       1       0       0       0       0       0       0       0       0       0       
      +0       0       0       0       0
  7194 ;;      Totals:         0       0       4       0       0       0       0       0       0       0       0       0       
      +0       0       0       0       0
  7195 ;;Total ram usage:        4 bytes
  7196 ;; Hardware stack levels used: 1
  7197 ;; Hardware stack levels required when called: 8
  7198 ;; This function calls:
  7199 ;;		_sem_post
  7200 ;;		_sem_wait
  7201 ;; This function is called by:
  7202 ;;		_task_blink4
  7203 ;; This function uses a non-reentrant model
  7204 ;;
  7205                           
  7206                           	psect	text31
  7207   002A82                     __ptext31:
  7208                           	callstack 0
  7209   002A82                     _pipe_read:
  7210                           	callstack 17
  7211   002A82                     
  7212                           ;com.c: 19: void pipe_read(pipe_t *p, char *dado);com.c: 20: {;com.c: 21:     sem_wait(&
      +                          p->s_output);
  7213   002A82  0101               	movlb	1	; () banked
  7214   002A84  5173               	movf	pipe_read@p& (0+255),w,b
  7215   002A86  0F0E               	addlw	14
  7216   002A88  6F6B               	movwf	sem_wait@sem& (0+255),b
  7217   002A8A  EC4F  F00B         	call	_sem_wait	;wreg free
  7218   002A8E                     
  7219                           ;com.c: 22:     *dado = p->fila_dados[p->pos_output];
  7220   002A8E  0101               	movlb	1	; () banked
  7221   002A90  5173               	movf	pipe_read@p& (0+255),w,b
  7222   002A92  6ED9               	movwf	fsr2l,c
  7223   002A94  6ADA               	clrf	fsr2h,c
  7224   002A96  0E05               	movlw	5
  7225   002A98  26D9               	addwf	fsr2l,f,c
  7226   002A9A  50DF               	movf	indf2,w,c
  7227   002A9C  6F76               	movwf	??_pipe_read& (0+255),b
  7228   002A9E  5173               	movf	pipe_read@p& (0+255),w,b
  7229   002AA0  2576               	addwf	??_pipe_read& (0+255),w,b
  7230   002AA2  6ED9               	movwf	fsr2l,c
  7231   002AA4  6ADA               	clrf	fsr2h,c
  7232   002AA6  C174  FFE1         	movff	pipe_read@dado,fsr1l
  7233   002AAA  C175  FFE2         	movff	pipe_read@dado+1,fsr1h
  7234   002AAE  CFDF FFE7          	movff	indf2,indf1
  7235   002AB2                     
  7236                           ; BSR set to: 1
  7237                           ;com.c: 23:     p->pos_output = (p->pos_output + 1) % 4;
  7238   002AB2  5173               	movf	pipe_read@p& (0+255),w,b
  7239   002AB4  6ED9               	movwf	fsr2l,c
  7240   002AB6  6ADA               	clrf	fsr2h,c
  7241   002AB8  0E05               	movlw	5
  7242   002ABA  26D9               	addwf	fsr2l,f,c
  7243   002ABC  5173               	movf	pipe_read@p& (0+255),w,b
  7244   002ABE  6EE1               	movwf	fsr1l,c
  7245   002AC0  6AE2               	clrf	fsr1h,c
  7246   002AC2  0E05               	movlw	5
  7247   002AC4  26E1               	addwf	fsr1l,f,c
  7248   002AC6  50E7               	movf	indf1,w,c
  7249   002AC8  6F76               	movwf	??_pipe_read& (0+255),b
  7250   002ACA  2976               	incf	??_pipe_read& (0+255),w,b
  7251   002ACC  0B03               	andlw	3
  7252   002ACE  6EDF               	movwf	indf2,c
  7253                           
  7254                           ;com.c: 24:     sem_post(&p->s_input);
  7255   002AD0  5173               	movf	pipe_read@p& (0+255),w,b
  7256   002AD2  0F06               	addlw	6
  7257   002AD4  6F5B               	movwf	sem_post@sem& (0+255),b
  7258   002AD6  EC63  F014         	call	_sem_post	;wreg free
  7259   002ADA  0012               	return		;funcret
  7260   002ADC                     __end_of_pipe_read:
  7261                           	callstack 0
  7262                           
  7263 ;; *************** function _ISR *****************
  7264 ;; Defined at:
  7265 ;;		line 23 in file "hw.c"
  7266 ;; Parameters:    Size  Location     Type
  7267 ;;		None
  7268 ;; Auto vars:     Size  Location     Type
  7269 ;;  i               2   29[COMRAM] int 
  7270 ;; Return value:  Size  Location     Type
  7271 ;;                  1    wreg      void 
  7272 ;; Registers used:
  7273 ;;		wreg, fsr1l, fsr1h, fsr2l, fsr2h, status,2, status,0, prodl, prodh, cstack
  7274 ;; Tracked objects:
  7275 ;;		On entry : 0/0
  7276 ;;		On exit  : 0/0
  7277 ;;		Unchanged: 0/0
  7278 ;; Data sizes:     COMRAM   BANK0   BANK1   BANK2   BANK3   BANK4   BANK5   BANK6   BANK7   BANK8   BANK9  BANK10  BANK1
      +1  BANK12  BANK13  BANK14  BANK15
  7279 ;;      Params:         0       0       0       0       0       0       0       0       0       0       0       0       
      +0       0       0       0       0
  7280 ;;      Locals:         2       0       0       0       0       0       0       0       0       0       0       0       
      +0       0       0       0       0
  7281 ;;      Temps:         13       0       0       0       0       0       0       0       0       0       0       0       
      +0       0       0       0       0
  7282 ;;      Totals:        15       0       0       0       0       0       0       0       0       0       0       0       
      +0       0       0       0       0
  7283 ;;Total ram usage:       15 bytes
  7284 ;; Hardware stack levels used: 1
  7285 ;; Hardware stack levels required when called: 3
  7286 ;; This function calls:
  7287 ;;		_ext_int_isr_handler
  7288 ;;		i2_scheduler
  7289 ;; This function is called by:
  7290 ;;		Interrupt level 2
  7291 ;; This function uses a non-reentrant model
  7292 ;;
  7293                           
  7294                           	psect	intcode
  7295   000008                     __pintcode:
  7296                           	callstack 0
  7297   000008                     _ISR:
  7298                           	callstack 17
  7299                           
  7300                           ;incstack = 0
  7301   000008  8201               	bsf	int$flags,1,c	;set compiler interrupt flag (level 2)
  7302   00000A  CFE1 F019          	movff	fsr1l,??_ISR+7
  7303   00000E  CFE2 F01A          	movff	fsr1h,??_ISR+8
  7304   000012  CFD9 F01B          	movff	fsr2l,??_ISR+9
  7305   000016  CFDA F01C          	movff	fsr2h,??_ISR+10
  7306   00001A  CFF3 F01D          	movff	prodl,??_ISR+11
  7307   00001E  CFF4 F01E          	movff	prodh,??_ISR+12
  7308   000022                     
  7309                           ;hw.c: 25:     if (INTCONbits.TMR0IF) {
  7310   000022  A4F2               	btfss	242,2,c	;volatile
  7311   000024  EF16  F000         	goto	i2u242_41
  7312   000028  EF18  F000         	goto	i2u242_40
  7313   00002C                     i2u242_41:
  7314   00002C  EF7F  F003         	goto	i2l3094
  7315   000030                     i2u242_40:
  7316   000030                     
  7317                           ;hw.c: 26:         INTCONbits.TMR0IF = 0;
  7318   000030  94F2               	bcf	242,2,c	;volatile
  7319   000032                     
  7320                           ;hw.c: 29:         for (int i = 0; i < r_queue.size; i++) {
  7321   000032  6A20               	clrf	(ISR@i+1)^0,c
  7322   000034  0E00               	movlw	0
  7323   000036  6E1F               	movwf	ISR@i^0,c
  7324   000038  EF6E  F000         	goto	i2l3054
  7325   00003C                     i2l3046:
  7326                           
  7327                           ;hw.c: 30:             if (r_queue.TASKS[i].task_delay > 0) {
  7328   00003C  0E36               	movlw	54
  7329   00003E  021F               	mulwf	ISR@i^0,c
  7330   000040  CFF3 F012          	movff	prodl,??_ISR
  7331   000044  CFF4 F013          	movff	prodh,??_ISR+1
  7332   000048  0220               	mulwf	(ISR@i+1)^0,c
  7333   00004A  50F3               	movf	prodl,w,c
  7334   00004C  2613               	addwf	(??_ISR+1)^0,f,c
  7335   00004E  0E3B               	movlw	low (_r_queue+4)
  7336   000050  2412               	addwf	??_ISR^0,w,c
  7337   000052  6ED9               	movwf	fsr2l,c
  7338   000054  0E04               	movlw	high (_r_queue+4)
  7339   000056  2013               	addwfc	(??_ISR+1)^0,w,c
  7340   000058  6EDA               	movwf	fsr2h,c
  7341   00005A  50DF               	movf	indf2,w,c
  7342   00005C  B4D8               	btfsc	status,2,c
  7343   00005E  EF33  F000         	goto	i2u243_41
  7344   000062  EF35  F000         	goto	i2u243_40
  7345   000066                     i2u243_41:
  7346   000066  EF6C  F000         	goto	i2l3052
  7347   00006A                     i2u243_40:
  7348   00006A                     
  7349                           ;hw.c: 31:                 r_queue.TASKS[i].task_delay--;
  7350   00006A  0E36               	movlw	54
  7351   00006C  021F               	mulwf	ISR@i^0,c
  7352   00006E  CFF3 F012          	movff	prodl,??_ISR
  7353   000072  CFF4 F013          	movff	prodh,??_ISR+1
  7354   000076  0220               	mulwf	(ISR@i+1)^0,c
  7355   000078  50F3               	movf	prodl,w,c
  7356   00007A  2613               	addwf	(??_ISR+1)^0,f,c
  7357   00007C  0E3B               	movlw	low (_r_queue+4)
  7358   00007E  2412               	addwf	??_ISR^0,w,c
  7359   000080  6ED9               	movwf	fsr2l,c
  7360   000082  0E04               	movlw	high (_r_queue+4)
  7361   000084  2013               	addwfc	(??_ISR+1)^0,w,c
  7362   000086  6EDA               	movwf	fsr2h,c
  7363   000088  06DF               	decf	indf2,f,c
  7364                           
  7365                           ;hw.c: 32:                 if (r_queue.TASKS[i].task_delay == 0) {
  7366   00008A  0E36               	movlw	54
  7367   00008C  021F               	mulwf	ISR@i^0,c
  7368   00008E  CFF3 F012          	movff	prodl,??_ISR
  7369   000092  CFF4 F013          	movff	prodh,??_ISR+1
  7370   000096  0220               	mulwf	(ISR@i+1)^0,c
  7371   000098  50F3               	movf	prodl,w,c
  7372   00009A  2613               	addwf	(??_ISR+1)^0,f,c
  7373   00009C  0E3B               	movlw	low (_r_queue+4)
  7374   00009E  2412               	addwf	??_ISR^0,w,c
  7375   0000A0  6ED9               	movwf	fsr2l,c
  7376   0000A2  0E04               	movlw	high (_r_queue+4)
  7377   0000A4  2013               	addwfc	(??_ISR+1)^0,w,c
  7378   0000A6  6EDA               	movwf	fsr2h,c
  7379   0000A8  50DF               	movf	indf2,w,c
  7380   0000AA  A4D8               	btfss	status,2,c
  7381   0000AC  EF5A  F000         	goto	i2u244_41
  7382   0000B0  EF5C  F000         	goto	i2u244_40
  7383   0000B4                     i2u244_41:
  7384   0000B4  EF6C  F000         	goto	i2l3052
  7385   0000B8                     i2u244_40:
  7386   0000B8                     
  7387                           ;hw.c: 33:                     r_queue.TASKS[i].task_state = READY;
  7388   0000B8  0E36               	movlw	54
  7389   0000BA  021F               	mulwf	ISR@i^0,c
  7390   0000BC  CFF3 F012          	movff	prodl,??_ISR
  7391   0000C0  CFF4 F013          	movff	prodh,??_ISR+1
  7392   0000C4  0220               	mulwf	(ISR@i+1)^0,c
  7393   0000C6  50F3               	movf	prodl,w,c
  7394   0000C8  2613               	addwf	(??_ISR+1)^0,f,c
  7395   0000CA  0E38               	movlw	low (_r_queue+1)
  7396   0000CC  2412               	addwf	??_ISR^0,w,c
  7397   0000CE  6ED9               	movwf	fsr2l,c
  7398   0000D0  0E04               	movlw	high (_r_queue+1)
  7399   0000D2  2013               	addwfc	(??_ISR+1)^0,w,c
  7400   0000D4  6EDA               	movwf	fsr2h,c
  7401   0000D6  6ADF               	clrf	indf2,c
  7402   0000D8                     i2l3052:
  7403                           
  7404                           ;hw.c: 36:         }
  7405   0000D8  4A1F               	infsnz	ISR@i^0,f,c
  7406   0000DA  2A20               	incf	(ISR@i+1)^0,f,c
  7407   0000DC                     i2l3054:
  7408   0000DC  EE25  F045         	lfsr	2,_r_queue+270
  7409   0000E0  50DF               	movf	indf2,w,c
  7410   0000E2  6E12               	movwf	??_ISR^0,c
  7411   0000E4  6A13               	clrf	(??_ISR+1)^0,c
  7412   0000E6  5012               	movf	??_ISR^0,w,c
  7413   0000E8  5C1F               	subwf	ISR@i^0,w,c
  7414   0000EA  5020               	movf	(ISR@i+1)^0,w,c
  7415   0000EC  0A80               	xorlw	128
  7416   0000EE  6E14               	movwf	(??_ISR+2)^0,c
  7417   0000F0  5013               	movf	(??_ISR+1)^0,w,c
  7418   0000F2  0A80               	xorlw	128
  7419   0000F4  5814               	subwfb	(??_ISR+2)^0,w,c
  7420   0000F6  A0D8               	btfss	status,0,c
  7421   0000F8  EF80  F000         	goto	i2u245_41
  7422   0000FC  EF82  F000         	goto	i2u245_40
  7423   000100                     i2u245_41:
  7424   000100  EF1E  F000         	goto	i2l3046
  7425   000104                     i2u245_40:
  7426   000104                     
  7427                           ;hw.c: 37:         rr_quantum--;
  7428   000104  0623               	decf	_rr_quantum^0,f,c
  7429   000106                     
  7430                           ;hw.c: 38:         if (rr_quantum == 0) {
  7431   000106  5023               	movf	_rr_quantum^0,w,c
  7432   000108  A4D8               	btfss	status,2,c
  7433   00010A  EF89  F000         	goto	i2u246_41
  7434   00010E  EF8B  F000         	goto	i2u246_40
  7435   000112                     i2u246_41:
  7436   000112  EF7F  F003         	goto	i2l3094
  7437   000116                     i2u246_40:
  7438   000116                     
  7439                           ;hw.c: 39:             rr_quantum = 5;
  7440   000116  0E05               	movlw	5
  7441   000118  6E23               	movwf	_rr_quantum^0,c
  7442   00011A  EE25  F046         	lfsr	2,_r_queue+271
  7443   00011E  EE10 F001          	lfsr	1,1
  7444   000122  50DE               	movf	postinc2,w,c
  7445   000124  26E1               	addwf	fsr1l,f,c
  7446   000126  50DD               	movf	postdec2,w,c
  7447   000128  22E2               	addwfc	fsr1h,f,c
  7448   00012A  0E02               	movlw	2
  7449   00012C  18E6               	xorwf	postinc1,w,c
  7450   00012E  A4D8               	btfss	status,2,c
  7451   000130  EF9C  F000         	goto	i2u247_41
  7452   000134  EF9E  F000         	goto	i2u247_40
  7453   000138                     i2u247_41:
  7454   000138  EFDA  F001         	goto	i2l3072
  7455   00013C                     i2u247_40:
  7456   00013C  EE25  F046         	lfsr	2,_r_queue+271
  7457   000140  EE10 F001          	lfsr	1,1
  7458   000144  50DE               	movf	postinc2,w,c
  7459   000146  26E1               	addwf	fsr1l,f,c
  7460   000148  50DD               	movf	postdec2,w,c
  7461   00014A  22E2               	addwfc	fsr1h,f,c
  7462   00014C  6AE7               	clrf	indf1,c
  7463   00014E  EE25  F046         	lfsr	2,_r_queue+271
  7464   000152  EE10 F008          	lfsr	1,8
  7465   000156  50DE               	movf	postinc2,w,c
  7466   000158  26E1               	addwf	fsr1l,f,c
  7467   00015A  50DD               	movf	postdec2,w,c
  7468   00015C  22E2               	addwfc	fsr1h,f,c
  7469   00015E  CFE0 FFE7          	movff	bsr,indf1	;volatile
  7470   000162  EE25  F046         	lfsr	2,_r_queue+271
  7471   000166  EE10 F00C          	lfsr	1,12
  7472   00016A  50DE               	movf	postinc2,w,c
  7473   00016C  26E1               	addwf	fsr1l,f,c
  7474   00016E  50DD               	movf	postdec2,w,c
  7475   000170  22E2               	addwfc	fsr1h,f,c
  7476   000172  CFEA FFE7          	movff	fsr0h,indf1	;volatile
  7477   000176  EE25  F046         	lfsr	2,_r_queue+271
  7478   00017A  EE10 F00B          	lfsr	1,11
  7479   00017E  50DE               	movf	postinc2,w,c
  7480   000180  26E1               	addwf	fsr1l,f,c
  7481   000182  50DD               	movf	postdec2,w,c
  7482   000184  22E2               	addwfc	fsr1h,f,c
  7483   000186  CFE9 FFE7          	movff	fsr0l,indf1	;volatile
  7484   00018A  EE25  F046         	lfsr	2,_r_queue+271
  7485   00018E  EE10 F00E          	lfsr	1,14
  7486   000192  50DE               	movf	postinc2,w,c
  7487   000194  26E1               	addwf	fsr1l,f,c
  7488   000196  50DD               	movf	postdec2,w,c
  7489   000198  22E2               	addwfc	fsr1h,f,c
  7490   00019A  CFE2 FFE7          	movff	fsr1h,indf1	;volatile
  7491   00019E  EE25  F046         	lfsr	2,_r_queue+271
  7492   0001A2  EE10 F00D          	lfsr	1,13
  7493   0001A6  50DE               	movf	postinc2,w,c
  7494   0001A8  26E1               	addwf	fsr1l,f,c
  7495   0001AA  50DD               	movf	postdec2,w,c
  7496   0001AC  22E2               	addwfc	fsr1h,f,c
  7497   0001AE  CFE1 FFE7          	movff	fsr1l,indf1	;volatile
  7498   0001B2  EE25  F046         	lfsr	2,_r_queue+271
  7499   0001B6  EE10 F010          	lfsr	1,16
  7500   0001BA  50DE               	movf	postinc2,w,c
  7501   0001BC  26E1               	addwf	fsr1l,f,c
  7502   0001BE  50DD               	movf	postdec2,w,c
  7503   0001C0  22E2               	addwfc	fsr1h,f,c
  7504   0001C2  CFDA FFE7          	movff	fsr2h,indf1	;volatile
  7505   0001C6  EE25  F046         	lfsr	2,_r_queue+271
  7506   0001CA  EE10 F00F          	lfsr	1,15
  7507   0001CE  50DE               	movf	postinc2,w,c
  7508   0001D0  26E1               	addwf	fsr1l,f,c
  7509   0001D2  50DD               	movf	postdec2,w,c
  7510   0001D4  22E2               	addwfc	fsr1h,f,c
  7511   0001D6  CFD9 FFE7          	movff	fsr2l,indf1	;volatile
  7512   0001DA  EE25  F046         	lfsr	2,_r_queue+271
  7513   0001DE  EE10 F015          	lfsr	1,21
  7514   0001E2  50DE               	movf	postinc2,w,c
  7515   0001E4  26E1               	addwf	fsr1l,f,c
  7516   0001E6  50DD               	movf	postdec2,w,c
  7517   0001E8  22E2               	addwfc	fsr1h,f,c
  7518   0001EA  CFFA FFE7          	movff	pclath,indf1	;volatile
  7519   0001EE  EE25  F046         	lfsr	2,_r_queue+271
  7520   0001F2  EE10 F016          	lfsr	1,22
  7521   0001F6  50DE               	movf	postinc2,w,c
  7522   0001F8  26E1               	addwf	fsr1l,f,c
  7523   0001FA  50DD               	movf	postdec2,w,c
  7524   0001FC  22E2               	addwfc	fsr1h,f,c
  7525   0001FE  CFFB FFE7          	movff	pclatu,indf1	;volatile
  7526   000202  EE25  F046         	lfsr	2,_r_queue+271
  7527   000206  EE10 F00A          	lfsr	1,10
  7528   00020A  50DE               	movf	postinc2,w,c
  7529   00020C  26E1               	addwf	fsr1l,f,c
  7530   00020E  50DD               	movf	postdec2,w,c
  7531   000210  22E2               	addwfc	fsr1h,f,c
  7532   000212  CFF4 FFE7          	movff	prodh,indf1	;volatile
  7533   000216  EE25  F046         	lfsr	2,_r_queue+271
  7534   00021A  EE10 F009          	lfsr	1,9
  7535   00021E  50DE               	movf	postinc2,w,c
  7536   000220  26E1               	addwf	fsr1l,f,c
  7537   000222  50DD               	movf	postdec2,w,c
  7538   000224  22E2               	addwfc	fsr1h,f,c
  7539   000226  CFF3 FFE7          	movff	prodl,indf1	;volatile
  7540   00022A  EE25  F046         	lfsr	2,_r_queue+271
  7541   00022E  EE10 F011          	lfsr	1,17
  7542   000232  50DE               	movf	postinc2,w,c
  7543   000234  26E1               	addwf	fsr1l,f,c
  7544   000236  50DD               	movf	postdec2,w,c
  7545   000238  22E2               	addwfc	fsr1h,f,c
  7546   00023A  CFF5 FFE7          	movff	tablat,indf1	;volatile
  7547   00023E  EE25  F046         	lfsr	2,_r_queue+271
  7548   000242  EE10 F013          	lfsr	1,19
  7549   000246  50DE               	movf	postinc2,w,c
  7550   000248  26E1               	addwf	fsr1l,f,c
  7551   00024A  50DD               	movf	postdec2,w,c
  7552   00024C  22E2               	addwfc	fsr1h,f,c
  7553   00024E  CFF7 FFE7          	movff	tblptrh,indf1	;volatile
  7554   000252  EE25  F046         	lfsr	2,_r_queue+271
  7555   000256  EE10 F012          	lfsr	1,18
  7556   00025A  50DE               	movf	postinc2,w,c
  7557   00025C  26E1               	addwf	fsr1l,f,c
  7558   00025E  50DD               	movf	postdec2,w,c
  7559   000260  22E2               	addwfc	fsr1h,f,c
  7560   000262  CFF6 FFE7          	movff	tblptrl,indf1	;volatile
  7561   000266  EE25  F046         	lfsr	2,_r_queue+271
  7562   00026A  EE10 F014          	lfsr	1,20
  7563   00026E  50DE               	movf	postinc2,w,c
  7564   000270  26E1               	addwf	fsr1l,f,c
  7565   000272  50DD               	movf	postdec2,w,c
  7566   000274  22E2               	addwfc	fsr1h,f,c
  7567   000276  CFF8 FFE7          	movff	tblptru,indf1	;volatile
  7568   00027A  EE25  F046         	lfsr	2,_r_queue+271
  7569   00027E  EE10 F006          	lfsr	1,6
  7570   000282  50DE               	movf	postinc2,w,c
  7571   000284  26E1               	addwf	fsr1l,f,c
  7572   000286  50DD               	movf	postdec2,w,c
  7573   000288  22E2               	addwfc	fsr1h,f,c
  7574   00028A  CFE8 FFE7          	movff	wreg,indf1	;volatile
  7575   00028E  EE25  F046         	lfsr	2,_r_queue+271
  7576   000292  EE10 F007          	lfsr	1,7
  7577   000296  50DE               	movf	postinc2,w,c
  7578   000298  26E1               	addwf	fsr1l,f,c
  7579   00029A  50DD               	movf	postdec2,w,c
  7580   00029C  22E2               	addwfc	fsr1h,f,c
  7581   00029E  CFD8 FFE7          	movff	status,indf1	;volatile
  7582   0002A2  EE25  F046         	lfsr	2,_r_queue+271
  7583   0002A6  EE10 F035          	lfsr	1,53
  7584   0002AA  50DE               	movf	postinc2,w,c
  7585   0002AC  26E1               	addwf	fsr1l,f,c
  7586   0002AE  50DD               	movf	postdec2,w,c
  7587   0002B0  22E2               	addwfc	fsr1h,f,c
  7588   0002B2  6AE7               	clrf	indf1,c
  7589   0002B4  EFD2  F001         	goto	i2l3070
  7590   0002B8                     i2l3066:
  7591   0002B8  EE25  F046         	lfsr	2,_r_queue+271
  7592   0002BC  EE10 F035          	lfsr	1,53
  7593   0002C0  50DE               	movf	postinc2,w,c
  7594   0002C2  26E1               	addwf	fsr1l,f,c
  7595   0002C4  50DD               	movf	postdec2,w,c
  7596   0002C6  22E2               	addwfc	fsr1h,f,c
  7597   0002C8  50E7               	movf	indf1,w,c
  7598   0002CA  6E12               	movwf	??_ISR^0,c
  7599   0002CC  5012               	movf	??_ISR^0,w,c
  7600   0002CE  0D03               	mullw	3
  7601   0002D0  CFF3 F013          	movff	prodl,??_ISR+1
  7602   0002D4  CFF4 F014          	movff	prodh,??_ISR+2
  7603   0002D8  EE25  F046         	lfsr	2,_r_queue+271
  7604   0002DC  CFDE F015          	movff	postinc2,??_ISR+3
  7605   0002E0  CFDD F016          	movff	postdec2,??_ISR+4
  7606   0002E4  5013               	movf	(??_ISR+1)^0,w,c
  7607   0002E6  2415               	addwf	(??_ISR+3)^0,w,c
  7608   0002E8  6E17               	movwf	(??_ISR+5)^0,c
  7609   0002EA  5014               	movf	(??_ISR+2)^0,w,c
  7610   0002EC  2016               	addwfc	(??_ISR+4)^0,w,c
  7611   0002EE  6E18               	movwf	(??_ISR+6)^0,c
  7612   0002F0  0E17               	movlw	23
  7613   0002F2  2417               	addwf	(??_ISR+5)^0,w,c
  7614   0002F4  6ED9               	movwf	fsr2l,c
  7615   0002F6  0E00               	movlw	0
  7616   0002F8  2018               	addwfc	(??_ISR+6)^0,w,c
  7617   0002FA  6EDA               	movwf	fsr2h,c
  7618   0002FC  CFFD FFDF          	movff	tosl,indf2	;volatile
  7619   000300  EE25  F046         	lfsr	2,_r_queue+271
  7620   000304  EE10 F035          	lfsr	1,53
  7621   000308  50DE               	movf	postinc2,w,c
  7622   00030A  26E1               	addwf	fsr1l,f,c
  7623   00030C  50DD               	movf	postdec2,w,c
  7624   00030E  22E2               	addwfc	fsr1h,f,c
  7625   000310  50E7               	movf	indf1,w,c
  7626   000312  6E12               	movwf	??_ISR^0,c
  7627   000314  5012               	movf	??_ISR^0,w,c
  7628   000316  0D03               	mullw	3
  7629   000318  CFF3 F013          	movff	prodl,??_ISR+1
  7630   00031C  CFF4 F014          	movff	prodh,??_ISR+2
  7631   000320  EE25  F046         	lfsr	2,_r_queue+271
  7632   000324  CFDE F015          	movff	postinc2,??_ISR+3
  7633   000328  CFDD F016          	movff	postdec2,??_ISR+4
  7634   00032C  5013               	movf	(??_ISR+1)^0,w,c
  7635   00032E  2415               	addwf	(??_ISR+3)^0,w,c
  7636   000330  6E17               	movwf	(??_ISR+5)^0,c
  7637   000332  5014               	movf	(??_ISR+2)^0,w,c
  7638   000334  2016               	addwfc	(??_ISR+4)^0,w,c
  7639   000336  6E18               	movwf	(??_ISR+6)^0,c
  7640   000338  0E18               	movlw	24
  7641   00033A  2417               	addwf	(??_ISR+5)^0,w,c
  7642   00033C  6ED9               	movwf	fsr2l,c
  7643   00033E  0E00               	movlw	0
  7644   000340  2018               	addwfc	(??_ISR+6)^0,w,c
  7645   000342  6EDA               	movwf	fsr2h,c
  7646   000344  CFFE FFDF          	movff	tosh,indf2	;volatile
  7647   000348  EE25  F046         	lfsr	2,_r_queue+271
  7648   00034C  EE10 F035          	lfsr	1,53
  7649   000350  50DE               	movf	postinc2,w,c
  7650   000352  26E1               	addwf	fsr1l,f,c
  7651   000354  50DD               	movf	postdec2,w,c
  7652   000356  22E2               	addwfc	fsr1h,f,c
  7653   000358  50E7               	movf	indf1,w,c
  7654   00035A  6E12               	movwf	??_ISR^0,c
  7655   00035C  5012               	movf	??_ISR^0,w,c
  7656   00035E  0D03               	mullw	3
  7657   000360  CFF3 F013          	movff	prodl,??_ISR+1
  7658   000364  CFF4 F014          	movff	prodh,??_ISR+2
  7659   000368  EE25  F046         	lfsr	2,_r_queue+271
  7660   00036C  CFDE F015          	movff	postinc2,??_ISR+3
  7661   000370  CFDD F016          	movff	postdec2,??_ISR+4
  7662   000374  5013               	movf	(??_ISR+1)^0,w,c
  7663   000376  2415               	addwf	(??_ISR+3)^0,w,c
  7664   000378  6E17               	movwf	(??_ISR+5)^0,c
  7665   00037A  5014               	movf	(??_ISR+2)^0,w,c
  7666   00037C  2016               	addwfc	(??_ISR+4)^0,w,c
  7667   00037E  6E18               	movwf	(??_ISR+6)^0,c
  7668   000380  0E19               	movlw	25
  7669   000382  2417               	addwf	(??_ISR+5)^0,w,c
  7670   000384  6ED9               	movwf	fsr2l,c
  7671   000386  0E00               	movlw	0
  7672   000388  2018               	addwfc	(??_ISR+6)^0,w,c
  7673   00038A  6EDA               	movwf	fsr2h,c
  7674   00038C  CFFF FFDF          	movff	tosu,indf2	;volatile
  7675   000390  EE25  F046         	lfsr	2,_r_queue+271
  7676   000394  EE10 F035          	lfsr	1,53
  7677   000398  50DE               	movf	postinc2,w,c
  7678   00039A  26E1               	addwf	fsr1l,f,c
  7679   00039C  50DD               	movf	postdec2,w,c
  7680   00039E  22E2               	addwfc	fsr1h,f,c
  7681   0003A0  2AE7               	incf	indf1,f,c
  7682   0003A2  0006               	pop		;# 
  7683   0003A4                     i2l3070:
  7684   0003A4  50FC               	movf	252,w,c	;volatile
  7685   0003A6  A4D8               	btfss	status,2,c
  7686   0003A8  EFD8  F001         	goto	i2u248_41
  7687   0003AC  EFDA  F001         	goto	i2u248_40
  7688   0003B0                     i2u248_41:
  7689   0003B0  EF5C  F001         	goto	i2l3066
  7690   0003B4                     i2u248_40:
  7691   0003B4                     i2l3072:
  7692                           
  7693                           ;hw.c: 41:             scheduler();
  7694   0003B4  ECB9  F016         	call	i2_scheduler	;wreg free
  7695   0003B8  EE25  F046         	lfsr	2,_r_queue+271
  7696   0003BC  EE10 F001          	lfsr	1,1
  7697   0003C0  50DE               	movf	postinc2,w,c
  7698   0003C2  26E1               	addwf	fsr1l,f,c
  7699   0003C4  50DD               	movf	postdec2,w,c
  7700   0003C6  22E2               	addwfc	fsr1h,f,c
  7701   0003C8  50E7               	movf	indf1,w,c
  7702   0003CA  A4D8               	btfss	status,2,c
  7703   0003CC  EFEA  F001         	goto	i2u249_41
  7704   0003D0  EFEC  F001         	goto	i2u249_40
  7705   0003D4                     i2u249_41:
  7706   0003D4  EF7F  F003         	goto	i2l3094
  7707   0003D8                     i2u249_40:
  7708   0003D8  EE25  F046         	lfsr	2,_r_queue+271
  7709   0003DC  EE10 F001          	lfsr	1,1
  7710   0003E0  50DE               	movf	postinc2,w,c
  7711   0003E2  26E1               	addwf	fsr1l,f,c
  7712   0003E4  50DD               	movf	postdec2,w,c
  7713   0003E6  22E2               	addwfc	fsr1h,f,c
  7714   0003E8  0E02               	movlw	2
  7715   0003EA  6EE7               	movwf	indf1,c
  7716   0003EC  EE25  F046         	lfsr	2,_r_queue+271
  7717   0003F0  EE10 F008          	lfsr	1,8
  7718   0003F4  50DE               	movf	postinc2,w,c
  7719   0003F6  26E1               	addwf	fsr1l,f,c
  7720   0003F8  50DD               	movf	postdec2,w,c
  7721   0003FA  22E2               	addwfc	fsr1h,f,c
  7722   0003FC  50E7               	movf	indf1,w,c
  7723   0003FE  6EE0               	movwf	224,c	;volatile
  7724   000400  EE25  F046         	lfsr	2,_r_queue+271
  7725   000404  EE10 F00C          	lfsr	1,12
  7726   000408  50DE               	movf	postinc2,w,c
  7727   00040A  26E1               	addwf	fsr1l,f,c
  7728   00040C  50DD               	movf	postdec2,w,c
  7729   00040E  22E2               	addwfc	fsr1h,f,c
  7730   000410  50E7               	movf	indf1,w,c
  7731   000412  6EEA               	movwf	234,c	;volatile
  7732   000414  EE25  F046         	lfsr	2,_r_queue+271
  7733   000418  EE10 F00B          	lfsr	1,11
  7734   00041C  50DE               	movf	postinc2,w,c
  7735   00041E  26E1               	addwf	fsr1l,f,c
  7736   000420  50DD               	movf	postdec2,w,c
  7737   000422  22E2               	addwfc	fsr1h,f,c
  7738   000424  50E7               	movf	indf1,w,c
  7739   000426  6EE9               	movwf	233,c	;volatile
  7740   000428  EE25  F046         	lfsr	2,_r_queue+271
  7741   00042C  EE10 F00E          	lfsr	1,14
  7742   000430  50DE               	movf	postinc2,w,c
  7743   000432  26E1               	addwf	fsr1l,f,c
  7744   000434  50DD               	movf	postdec2,w,c
  7745   000436  22E2               	addwfc	fsr1h,f,c
  7746   000438  50E7               	movf	indf1,w,c
  7747   00043A  6EE2               	movwf	226,c	;volatile
  7748   00043C  EE25  F046         	lfsr	2,_r_queue+271
  7749   000440  EE10 F00D          	lfsr	1,13
  7750   000444  50DE               	movf	postinc2,w,c
  7751   000446  26E1               	addwf	fsr1l,f,c
  7752   000448  50DD               	movf	postdec2,w,c
  7753   00044A  22E2               	addwfc	fsr1h,f,c
  7754   00044C  50E7               	movf	indf1,w,c
  7755   00044E  6EE1               	movwf	225,c	;volatile
  7756   000450  EE25  F046         	lfsr	2,_r_queue+271
  7757   000454  EE10 F010          	lfsr	1,16
  7758   000458  50DE               	movf	postinc2,w,c
  7759   00045A  26E1               	addwf	fsr1l,f,c
  7760   00045C  50DD               	movf	postdec2,w,c
  7761   00045E  22E2               	addwfc	fsr1h,f,c
  7762   000460  50E7               	movf	indf1,w,c
  7763   000462  6EDA               	movwf	218,c	;volatile
  7764   000464  EE25  F046         	lfsr	2,_r_queue+271
  7765   000468  EE10 F00F          	lfsr	1,15
  7766   00046C  50DE               	movf	postinc2,w,c
  7767   00046E  26E1               	addwf	fsr1l,f,c
  7768   000470  50DD               	movf	postdec2,w,c
  7769   000472  22E2               	addwfc	fsr1h,f,c
  7770   000474  50E7               	movf	indf1,w,c
  7771   000476  6ED9               	movwf	217,c	;volatile
  7772   000478  EE25  F046         	lfsr	2,_r_queue+271
  7773   00047C  EE10 F015          	lfsr	1,21
  7774   000480  50DE               	movf	postinc2,w,c
  7775   000482  26E1               	addwf	fsr1l,f,c
  7776   000484  50DD               	movf	postdec2,w,c
  7777   000486  22E2               	addwfc	fsr1h,f,c
  7778   000488  50E7               	movf	indf1,w,c
  7779   00048A  6EFA               	movwf	250,c	;volatile
  7780   00048C  EE25  F046         	lfsr	2,_r_queue+271
  7781   000490  EE10 F016          	lfsr	1,22
  7782   000494  50DE               	movf	postinc2,w,c
  7783   000496  26E1               	addwf	fsr1l,f,c
  7784   000498  50DD               	movf	postdec2,w,c
  7785   00049A  22E2               	addwfc	fsr1h,f,c
  7786   00049C  50E7               	movf	indf1,w,c
  7787   00049E  6EFB               	movwf	251,c	;volatile
  7788   0004A0  EE25  F046         	lfsr	2,_r_queue+271
  7789   0004A4  EE10 F00A          	lfsr	1,10
  7790   0004A8  50DE               	movf	postinc2,w,c
  7791   0004AA  26E1               	addwf	fsr1l,f,c
  7792   0004AC  50DD               	movf	postdec2,w,c
  7793   0004AE  22E2               	addwfc	fsr1h,f,c
  7794   0004B0  50E7               	movf	indf1,w,c
  7795   0004B2  6EF4               	movwf	244,c	;volatile
  7796   0004B4  EE25  F046         	lfsr	2,_r_queue+271
  7797   0004B8  EE10 F009          	lfsr	1,9
  7798   0004BC  50DE               	movf	postinc2,w,c
  7799   0004BE  26E1               	addwf	fsr1l,f,c
  7800   0004C0  50DD               	movf	postdec2,w,c
  7801   0004C2  22E2               	addwfc	fsr1h,f,c
  7802   0004C4  50E7               	movf	indf1,w,c
  7803   0004C6  6EF3               	movwf	243,c	;volatile
  7804   0004C8  EE25  F046         	lfsr	2,_r_queue+271
  7805   0004CC  EE10 F011          	lfsr	1,17
  7806   0004D0  50DE               	movf	postinc2,w,c
  7807   0004D2  26E1               	addwf	fsr1l,f,c
  7808   0004D4  50DD               	movf	postdec2,w,c
  7809   0004D6  22E2               	addwfc	fsr1h,f,c
  7810   0004D8  50E7               	movf	indf1,w,c
  7811   0004DA  6EF5               	movwf	245,c	;volatile
  7812   0004DC  EE25  F046         	lfsr	2,_r_queue+271
  7813   0004E0  EE10 F013          	lfsr	1,19
  7814   0004E4  50DE               	movf	postinc2,w,c
  7815   0004E6  26E1               	addwf	fsr1l,f,c
  7816   0004E8  50DD               	movf	postdec2,w,c
  7817   0004EA  22E2               	addwfc	fsr1h,f,c
  7818   0004EC  50E7               	movf	indf1,w,c
  7819   0004EE  6EF7               	movwf	247,c	;volatile
  7820   0004F0  EE25  F046         	lfsr	2,_r_queue+271
  7821   0004F4  EE10 F012          	lfsr	1,18
  7822   0004F8  50DE               	movf	postinc2,w,c
  7823   0004FA  26E1               	addwf	fsr1l,f,c
  7824   0004FC  50DD               	movf	postdec2,w,c
  7825   0004FE  22E2               	addwfc	fsr1h,f,c
  7826   000500  50E7               	movf	indf1,w,c
  7827   000502  6EF6               	movwf	246,c	;volatile
  7828   000504  EE25  F046         	lfsr	2,_r_queue+271
  7829   000508  EE10 F014          	lfsr	1,20
  7830   00050C  50DE               	movf	postinc2,w,c
  7831   00050E  26E1               	addwf	fsr1l,f,c
  7832   000510  50DD               	movf	postdec2,w,c
  7833   000512  22E2               	addwfc	fsr1h,f,c
  7834   000514  50E7               	movf	indf1,w,c
  7835   000516  6EF8               	movwf	248,c	;volatile
  7836   000518  EE25  F046         	lfsr	2,_r_queue+271
  7837   00051C  EE10 F007          	lfsr	1,7
  7838   000520  50DE               	movf	postinc2,w,c
  7839   000522  26E1               	addwf	fsr1l,f,c
  7840   000524  50DD               	movf	postdec2,w,c
  7841   000526  22E2               	addwfc	fsr1h,f,c
  7842   000528  50E7               	movf	indf1,w,c
  7843   00052A  6ED8               	movwf	216,c	;volatile
  7844   00052C  EE25  F046         	lfsr	2,_r_queue+271
  7845   000530  EE10 F006          	lfsr	1,6
  7846   000534  50DE               	movf	postinc2,w,c
  7847   000536  26E1               	addwf	fsr1l,f,c
  7848   000538  50DD               	movf	postdec2,w,c
  7849   00053A  22E2               	addwfc	fsr1h,f,c
  7850   00053C  50E7               	movf	indf1,w,c
  7851   00053E  6E12               	movwf	??_ISR^0,c
  7852   000540  5012               	movf	??_ISR^0,w,c
  7853   000542  6AFC               	clrf	252,c	;volatile
  7854   000544  EE25  F046         	lfsr	2,_r_queue+271
  7855   000548  EE10 F035          	lfsr	1,53
  7856   00054C  50DE               	movf	postinc2,w,c
  7857   00054E  26E1               	addwf	fsr1l,f,c
  7858   000550  50DD               	movf	postdec2,w,c
  7859   000552  22E2               	addwfc	fsr1h,f,c
  7860   000554  50E7               	movf	indf1,w,c
  7861   000556  B4D8               	btfsc	status,2,c
  7862   000558  EFB0  F002         	goto	i2u250_41
  7863   00055C  EFB2  F002         	goto	i2u250_40
  7864   000560                     i2u250_41:
  7865   000560  EF3A  F003         	goto	i2l570
  7866   000564                     i2u250_40:
  7867   000564                     i2l571:
  7868   000564  0005               	push		;# 
  7869   000566  EE25  F046         	lfsr	2,_r_queue+271
  7870   00056A  EE10 F035          	lfsr	1,53
  7871   00056E  50DE               	movf	postinc2,w,c
  7872   000570  26E1               	addwf	fsr1l,f,c
  7873   000572  50DD               	movf	postdec2,w,c
  7874   000574  22E2               	addwfc	fsr1h,f,c
  7875   000576  06E7               	decf	indf1,f,c
  7876   000578  EE25  F046         	lfsr	2,_r_queue+271
  7877   00057C  EE10 F035          	lfsr	1,53
  7878   000580  50DE               	movf	postinc2,w,c
  7879   000582  26E1               	addwf	fsr1l,f,c
  7880   000584  50DD               	movf	postdec2,w,c
  7881   000586  22E2               	addwfc	fsr1h,f,c
  7882   000588  50E7               	movf	indf1,w,c
  7883   00058A  6E12               	movwf	??_ISR^0,c
  7884   00058C  5012               	movf	??_ISR^0,w,c
  7885   00058E  0D03               	mullw	3
  7886   000590  CFF3 F013          	movff	prodl,??_ISR+1
  7887   000594  CFF4 F014          	movff	prodh,??_ISR+2
  7888   000598  EE25  F046         	lfsr	2,_r_queue+271
  7889   00059C  CFDE F015          	movff	postinc2,??_ISR+3
  7890   0005A0  CFDD F016          	movff	postdec2,??_ISR+4
  7891   0005A4  5013               	movf	(??_ISR+1)^0,w,c
  7892   0005A6  2415               	addwf	(??_ISR+3)^0,w,c
  7893   0005A8  6E17               	movwf	(??_ISR+5)^0,c
  7894   0005AA  5014               	movf	(??_ISR+2)^0,w,c
  7895   0005AC  2016               	addwfc	(??_ISR+4)^0,w,c
  7896   0005AE  6E18               	movwf	(??_ISR+6)^0,c
  7897   0005B0  0E17               	movlw	23
  7898   0005B2  2417               	addwf	(??_ISR+5)^0,w,c
  7899   0005B4  6ED9               	movwf	fsr2l,c
  7900   0005B6  0E00               	movlw	0
  7901   0005B8  2018               	addwfc	(??_ISR+6)^0,w,c
  7902   0005BA  6EDA               	movwf	fsr2h,c
  7903   0005BC  50DF               	movf	indf2,w,c
  7904   0005BE  6EFD               	movwf	253,c	;volatile
  7905   0005C0  EE25  F046         	lfsr	2,_r_queue+271
  7906   0005C4  EE10 F035          	lfsr	1,53
  7907   0005C8  50DE               	movf	postinc2,w,c
  7908   0005CA  26E1               	addwf	fsr1l,f,c
  7909   0005CC  50DD               	movf	postdec2,w,c
  7910   0005CE  22E2               	addwfc	fsr1h,f,c
  7911   0005D0  50E7               	movf	indf1,w,c
  7912   0005D2  6E12               	movwf	??_ISR^0,c
  7913   0005D4  5012               	movf	??_ISR^0,w,c
  7914   0005D6  0D03               	mullw	3
  7915   0005D8  CFF3 F013          	movff	prodl,??_ISR+1
  7916   0005DC  CFF4 F014          	movff	prodh,??_ISR+2
  7917   0005E0  EE25  F046         	lfsr	2,_r_queue+271
  7918   0005E4  CFDE F015          	movff	postinc2,??_ISR+3
  7919   0005E8  CFDD F016          	movff	postdec2,??_ISR+4
  7920   0005EC  5013               	movf	(??_ISR+1)^0,w,c
  7921   0005EE  2415               	addwf	(??_ISR+3)^0,w,c
  7922   0005F0  6E17               	movwf	(??_ISR+5)^0,c
  7923   0005F2  5014               	movf	(??_ISR+2)^0,w,c
  7924   0005F4  2016               	addwfc	(??_ISR+4)^0,w,c
  7925   0005F6  6E18               	movwf	(??_ISR+6)^0,c
  7926   0005F8  0E18               	movlw	24
  7927   0005FA  2417               	addwf	(??_ISR+5)^0,w,c
  7928   0005FC  6ED9               	movwf	fsr2l,c
  7929   0005FE  0E00               	movlw	0
  7930   000600  2018               	addwfc	(??_ISR+6)^0,w,c
  7931   000602  6EDA               	movwf	fsr2h,c
  7932   000604  50DF               	movf	indf2,w,c
  7933   000606  6EFE               	movwf	254,c	;volatile
  7934   000608  EE25  F046         	lfsr	2,_r_queue+271
  7935   00060C  EE10 F035          	lfsr	1,53
  7936   000610  50DE               	movf	postinc2,w,c
  7937   000612  26E1               	addwf	fsr1l,f,c
  7938   000614  50DD               	movf	postdec2,w,c
  7939   000616  22E2               	addwfc	fsr1h,f,c
  7940   000618  50E7               	movf	indf1,w,c
  7941   00061A  6E12               	movwf	??_ISR^0,c
  7942   00061C  5012               	movf	??_ISR^0,w,c
  7943   00061E  0D03               	mullw	3
  7944   000620  CFF3 F013          	movff	prodl,??_ISR+1
  7945   000624  CFF4 F014          	movff	prodh,??_ISR+2
  7946   000628  EE25  F046         	lfsr	2,_r_queue+271
  7947   00062C  CFDE F015          	movff	postinc2,??_ISR+3
  7948   000630  CFDD F016          	movff	postdec2,??_ISR+4
  7949   000634  5013               	movf	(??_ISR+1)^0,w,c
  7950   000636  2415               	addwf	(??_ISR+3)^0,w,c
  7951   000638  6E17               	movwf	(??_ISR+5)^0,c
  7952   00063A  5014               	movf	(??_ISR+2)^0,w,c
  7953   00063C  2016               	addwfc	(??_ISR+4)^0,w,c
  7954   00063E  6E18               	movwf	(??_ISR+6)^0,c
  7955   000640  0E19               	movlw	25
  7956   000642  2417               	addwf	(??_ISR+5)^0,w,c
  7957   000644  6ED9               	movwf	fsr2l,c
  7958   000646  0E00               	movlw	0
  7959   000648  2018               	addwfc	(??_ISR+6)^0,w,c
  7960   00064A  6EDA               	movwf	fsr2h,c
  7961   00064C  50DF               	movf	indf2,w,c
  7962   00064E  6EFF               	movwf	255,c	;volatile
  7963   000650  EE25  F046         	lfsr	2,_r_queue+271
  7964   000654  EE10 F035          	lfsr	1,53
  7965   000658  50DE               	movf	postinc2,w,c
  7966   00065A  26E1               	addwf	fsr1l,f,c
  7967   00065C  50DD               	movf	postdec2,w,c
  7968   00065E  22E2               	addwfc	fsr1h,f,c
  7969   000660  50E7               	movf	indf1,w,c
  7970   000662  A4D8               	btfss	status,2,c
  7971   000664  EF36  F003         	goto	i2u251_41
  7972   000668  EF38  F003         	goto	i2u251_40
  7973   00066C                     i2u251_41:
  7974   00066C  EFB2  F002         	goto	i2l571
  7975   000670                     i2u251_40:
  7976   000670  EF7D  F003         	goto	i2l3092
  7977   000674                     i2l570:
  7978   000674  0005               	push		;# 
  7979   000676  EE25  F046         	lfsr	2,_r_queue+271
  7980   00067A  EE10 F002          	lfsr	1,2
  7981   00067E  50DE               	movf	postinc2,w,c
  7982   000680  26E1               	addwf	fsr1l,f,c
  7983   000682  50DD               	movf	postdec2,w,c
  7984   000684  22E2               	addwfc	fsr1h,f,c
  7985   000686  50E7               	movf	indf1,w,c
  7986   000688  6EFD               	movwf	253,c	;volatile
  7987   00068A  EE25  F046         	lfsr	2,_r_queue+271
  7988   00068E  EE10 F002          	lfsr	1,2
  7989   000692  50DE               	movf	postinc2,w,c
  7990   000694  26E1               	addwf	fsr1l,f,c
  7991   000696  50DD               	movf	postdec2,w,c
  7992   000698  22E2               	addwfc	fsr1h,f,c
  7993   00069A  CFE6 F012          	movff	postinc1,??_ISR
  7994   00069E  CFE5 F013          	movff	postdec1,??_ISR+1
  7995   0006A2  C012  F014         	movff	??_ISR,??_ISR+2
  7996   0006A6  C013  F015         	movff	??_ISR+1,??_ISR+3
  7997   0006AA  6A16               	clrf	(??_ISR+4)^0,c
  7998   0006AC  C015  F014         	movff	??_ISR+3,??_ISR+2
  7999   0006B0  C016  F015         	movff	??_ISR+4,??_ISR+3
  8000   0006B4  6A16               	clrf	(??_ISR+4)^0,c
  8001   0006B6  5014               	movf	(??_ISR+2)^0,w,c
  8002   0006B8  6EFE               	movwf	254,c	;volatile
  8003   0006BA  0E10               	movlw	16
  8004   0006BC  6E12               	movwf	??_ISR^0,c
  8005   0006BE  EE25  F046         	lfsr	2,_r_queue+271
  8006   0006C2  EE10 F002          	lfsr	1,2
  8007   0006C6  50DE               	movf	postinc2,w,c
  8008   0006C8  26E1               	addwf	fsr1l,f,c
  8009   0006CA  50DD               	movf	postdec2,w,c
  8010   0006CC  22E2               	addwfc	fsr1h,f,c
  8011   0006CE  CFE6 F013          	movff	postinc1,??_ISR+1
  8012   0006D2  CFE5 F014          	movff	postdec1,??_ISR+2
  8013   0006D6  C013  F015         	movff	??_ISR+1,??_ISR+3
  8014   0006DA  C014  F016         	movff	??_ISR+2,??_ISR+4
  8015   0006DE  6A17               	clrf	(??_ISR+5)^0,c
  8016   0006E0  2812               	incf	??_ISR^0,w,c
  8017   0006E2  6E18               	movwf	(??_ISR+6)^0,c
  8018   0006E4  EF78  F003         	goto	i2u252_40
  8019   0006E8                     i2u252_45:
  8020   0006E8  90D8               	bcf	status,0,c
  8021   0006EA  3217               	rrcf	(??_ISR+5)^0,f,c
  8022   0006EC  3216               	rrcf	(??_ISR+4)^0,f,c
  8023   0006EE  3215               	rrcf	(??_ISR+3)^0,f,c
  8024   0006F0                     i2u252_40:
  8025   0006F0  2E18               	decfsz	(??_ISR+6)^0,f,c
  8026   0006F2  EF74  F003         	goto	i2u252_45
  8027   0006F6  5015               	movf	(??_ISR+3)^0,w,c
  8028   0006F8  6EFF               	movwf	255,c	;volatile
  8029   0006FA                     i2l3092:
  8030   0006FA  0E05               	movlw	5
  8031   0006FC  6E23               	movwf	_rr_quantum^0,c
  8032   0006FE                     i2l3094:
  8033                           
  8034                           ;hw.c: 46:     if (INTCONbits.INT0IE && INTCONbits.INT0IF) {
  8035   0006FE  A8F2               	btfss	242,4,c	;volatile
  8036   000700  EF84  F003         	goto	i2u253_41
  8037   000704  EF86  F003         	goto	i2u253_40
  8038   000708                     i2u253_41:
  8039   000708  EF8F  F003         	goto	i2l576
  8040   00070C                     i2u253_40:
  8041   00070C  A2F2               	btfss	242,1,c	;volatile
  8042   00070E  EF8B  F003         	goto	i2u254_41
  8043   000712  EF8D  F003         	goto	i2u254_40
  8044   000716                     i2u254_41:
  8045   000716  EF8F  F003         	goto	i2l576
  8046   00071A                     i2u254_40:
  8047   00071A                     
  8048                           ;hw.c: 47:         ext_int_isr_handler();
  8049   00071A  EC1B  F017         	call	_ext_int_isr_handler	;wreg free
  8050   00071E                     i2l576:
  8051   00071E  C01E  FFF4         	movff	??_ISR+12,prodh
  8052   000722  C01D  FFF3         	movff	??_ISR+11,prodl
  8053   000726  C01C  FFDA         	movff	??_ISR+10,fsr2h
  8054   00072A  C01B  FFD9         	movff	??_ISR+9,fsr2l
  8055   00072E  C01A  FFE2         	movff	??_ISR+8,fsr1h
  8056   000732  C019  FFE1         	movff	??_ISR+7,fsr1l
  8057   000736  9201               	bcf	int$flags,1,c	;clear compiler interrupt flag (level 2)
  8058   000738  0011               	retfie		f
  8059   00073A                     __end_of_ISR:
  8060                           	callstack 0
  8061                           
  8062 ;; *************** function i2_scheduler *****************
  8063 ;; Defined at:
  8064 ;;		line 10 in file "scheduler.c"
  8065 ;; Parameters:    Size  Location     Type
  8066 ;;		None
  8067 ;; Auto vars:     Size  Location     Type
  8068 ;;		None
  8069 ;; Return value:  Size  Location     Type
  8070 ;;                  1    wreg      void 
  8071 ;; Registers used:
  8072 ;;		wreg, fsr2l, fsr2h, status,2, status,0, prodl, prodh, cstack
  8073 ;; Tracked objects:
  8074 ;;		On entry : 0/0
  8075 ;;		On exit  : 0/0
  8076 ;;		Unchanged: 0/0
  8077 ;; Data sizes:     COMRAM   BANK0   BANK1   BANK2   BANK3   BANK4   BANK5   BANK6   BANK7   BANK8   BANK9  BANK10  BANK1
      +1  BANK12  BANK13  BANK14  BANK15
  8078 ;;      Params:         0       0       0       0       0       0       0       0       0       0       0       0       
      +0       0       0       0       0
  8079 ;;      Locals:         0       0       0       0       0       0       0       0       0       0       0       0       
      +0       0       0       0       0
  8080 ;;      Temps:          3       0       0       0       0       0       0       0       0       0       0       0       
      +0       0       0       0       0
  8081 ;;      Totals:         3       0       0       0       0       0       0       0       0       0       0       0       
      +0       0       0       0       0
  8082 ;;Total ram usage:        3 bytes
  8083 ;; Hardware stack levels used: 1
  8084 ;; Hardware stack levels required when called: 2
  8085 ;; This function calls:
  8086 ;;		i2_rr_priority_scheduler
  8087 ;; This function is called by:
  8088 ;;		_ISR
  8089 ;; This function uses a non-reentrant model
  8090 ;;
  8091                           
  8092                           	psect	text33
  8093   002D72                     __ptext33:
  8094                           	callstack 0
  8095   002D72                     i2_scheduler:
  8096                           	callstack 17
  8097   002D72                     
  8098                           ;scheduler.c: 17:     r_queue.pos_task_running = rr_priority_scheduler();
  8099   002D72  EC09  F012         	call	i2_rr_priority_scheduler	;wreg free
  8100   002D76  6E0F               	movwf	??i2_scheduler^0,c
  8101   002D78  C00F  F548         	movff	??i2_scheduler,_r_queue+273
  8102   002D7C                     
  8103                           ;scheduler.c: 19:   r_queue.task_running = &r_queue.TASKS[r_queue.pos_task_running];
  8104   002D7C  C548  F00F         	movff	_r_queue+273,??i2_scheduler
  8105   002D80  500F               	movf	??i2_scheduler^0,w,c
  8106   002D82  0D36               	mullw	54
  8107   002D84  0E37               	movlw	low _r_queue
  8108   002D86  24F3               	addwf	243,w,c
  8109   002D88  6E10               	movwf	(??i2_scheduler+1)^0,c
  8110   002D8A  0E04               	movlw	high _r_queue
  8111   002D8C  20F4               	addwfc	prodh,w,c
  8112   002D8E  6E11               	movwf	(??i2_scheduler+2)^0,c
  8113   002D90  C010  F546         	movff	??i2_scheduler+1,_r_queue+271
  8114   002D94  C011  F547         	movff	??i2_scheduler+2,_r_queue+272
  8115   002D98  0012               	return		;funcret
  8116   002D9A                     __end_ofi2_scheduler:
  8117                           	callstack 0
  8118                           
  8119 ;; *************** function i2_rr_priority_scheduler *****************
  8120 ;; Defined at:
  8121 ;;		line 56 in file "scheduler.c"
  8122 ;; Parameters:    Size  Location     Type
  8123 ;;		None
  8124 ;; Auto vars:     Size  Location     Type
  8125 ;;  i               1   12[COMRAM] unsigned char 
  8126 ;;  prox            1   11[COMRAM] unsigned char 
  8127 ;;  i               1   10[COMRAM] unsigned char 
  8128 ;;  max_priority    1    9[COMRAM] unsigned char 
  8129 ;;  tentativas      1    8[COMRAM] unsigned char 
  8130 ;; Return value:  Size  Location     Type
  8131 ;;                  1    wreg      unsigned char 
  8132 ;; Registers used:
  8133 ;;		wreg, fsr2l, fsr2h, status,2, status,0, prodl, prodh, cstack
  8134 ;; Tracked objects:
  8135 ;;		On entry : 0/0
  8136 ;;		On exit  : 0/0
  8137 ;;		Unchanged: 0/0
  8138 ;; Data sizes:     COMRAM   BANK0   BANK1   BANK2   BANK3   BANK4   BANK5   BANK6   BANK7   BANK8   BANK9  BANK10  BANK1
      +1  BANK12  BANK13  BANK14  BANK15
  8139 ;;      Params:         0       0       0       0       0       0       0       0       0       0       0       0       
      +0       0       0       0       0
  8140 ;;      Locals:         5       0       0       0       0       0       0       0       0       0       0       0       
      +0       0       0       0       0
  8141 ;;      Temps:          2       0       0       0       0       0       0       0       0       0       0       0       
      +0       0       0       0       0
  8142 ;;      Totals:         7       0       0       0       0       0       0       0       0       0       0       0       
      +0       0       0       0       0
  8143 ;;Total ram usage:        7 bytes
  8144 ;; Hardware stack levels used: 1
  8145 ;; Hardware stack levels required when called: 1
  8146 ;; This function calls:
  8147 ;;		i2___awmod
  8148 ;; This function is called by:
  8149 ;;		i2_scheduler
  8150 ;; This function uses a non-reentrant model
  8151 ;;
  8152                           
  8153                           	psect	text34
  8154   002412                     __ptext34:
  8155                           	callstack 0
  8156   002412                     i2_rr_priority_scheduler:
  8157                           	callstack 17
  8158   002412                     
  8159                           ;scheduler.c: 59:     uint8_t max_priority = 0;
  8160   002412  6A0B               	clrf	i2rr_priority_scheduler@max_priority^0,c
  8161                           
  8162                           ;scheduler.c: 60:     for (uint8_t i = 0; i < r_queue.size; i++) {
  8163   002414  6A0C               	clrf	i2rr_priority_scheduler@i^0,c
  8164   002416  EF4D  F012         	goto	i2l2688
  8165   00241A                     i2l2678:
  8166                           
  8167                           ;scheduler.c: 61:         if (r_queue.TASKS[i].task_state == READY && r_queue.TASKS[i].t
      +                          ask_ptr != idle) {
  8168   00241A  500C               	movf	i2rr_priority_scheduler@i^0,w,c
  8169   00241C  0D36               	mullw	54
  8170   00241E  0E38               	movlw	low (_r_queue+1)
  8171   002420  24F3               	addwf	243,w,c
  8172   002422  6ED9               	movwf	fsr2l,c
  8173   002424  0E04               	movlw	high (_r_queue+1)
  8174   002426  20F4               	addwfc	prodh,w,c
  8175   002428  6EDA               	movwf	fsr2h,c
  8176   00242A  50DF               	movf	indf2,w,c
  8177   00242C  A4D8               	btfss	status,2,c
  8178   00242E  EF1B  F012         	goto	i2u187_41
  8179   002432  EF1D  F012         	goto	i2u187_40
  8180   002436                     i2u187_41:
  8181   002436  EF4C  F012         	goto	i2l2686
  8182   00243A                     i2u187_40:
  8183   00243A  500C               	movf	i2rr_priority_scheduler@i^0,w,c
  8184   00243C  0D36               	mullw	54
  8185   00243E  0E39               	movlw	low (_r_queue+2)
  8186   002440  24F3               	addwf	243,w,c
  8187   002442  6ED9               	movwf	fsr2l,c
  8188   002444  0E04               	movlw	high (_r_queue+2)
  8189   002446  20F4               	addwfc	prodh,w,c
  8190   002448  6EDA               	movwf	fsr2h,c
  8191   00244A  0E4A               	movlw	low _idle
  8192   00244C  18DE               	xorwf	postinc2,w,c
  8193   00244E  E109               	bnz	i2u188_40
  8194   002450  0E2D               	movlw	high _idle
  8195   002452  18DE               	xorwf	postinc2,w,c
  8196   002454  B4D8               	btfsc	status,2,c
  8197   002456  EF2F  F012         	goto	i2u188_41
  8198   00245A  EF31  F012         	goto	i2u188_40
  8199   00245E                     i2u188_41:
  8200   00245E  EF4C  F012         	goto	i2l2686
  8201   002462                     i2u188_40:
  8202   002462                     
  8203                           ;scheduler.c: 62:             if (r_queue.TASKS[i].task_priority > max_priority) {
  8204   002462  500C               	movf	i2rr_priority_scheduler@i^0,w,c
  8205   002464  0D36               	mullw	54
  8206   002466  0E3C               	movlw	low (_r_queue+5)
  8207   002468  24F3               	addwf	243,w,c
  8208   00246A  6ED9               	movwf	fsr2l,c
  8209   00246C  0E04               	movlw	high (_r_queue+5)
  8210   00246E  20F4               	addwfc	prodh,w,c
  8211   002470  6EDA               	movwf	fsr2h,c
  8212   002472  50DE               	movf	postinc2,w,c
  8213   002474  5C0B               	subwf	i2rr_priority_scheduler@max_priority^0,w,c
  8214   002476  B0D8               	btfsc	status,0,c
  8215   002478  EF40  F012         	goto	i2u189_41
  8216   00247C  EF42  F012         	goto	i2u189_40
  8217   002480                     i2u189_41:
  8218   002480  EF4C  F012         	goto	i2l2686
  8219   002484                     i2u189_40:
  8220   002484                     
  8221                           ;scheduler.c: 63:                 max_priority = r_queue.TASKS[i].task_priority;
  8222   002484  500C               	movf	i2rr_priority_scheduler@i^0,w,c
  8223   002486  0D36               	mullw	54
  8224   002488  0E3C               	movlw	low (_r_queue+5)
  8225   00248A  24F3               	addwf	243,w,c
  8226   00248C  6ED9               	movwf	fsr2l,c
  8227   00248E  0E04               	movlw	high (_r_queue+5)
  8228   002490  20F4               	addwfc	prodh,w,c
  8229   002492  6EDA               	movwf	fsr2h,c
  8230   002494  50DF               	movf	indf2,w,c
  8231   002496  6E0B               	movwf	i2rr_priority_scheduler@max_priority^0,c
  8232   002498                     i2l2686:
  8233                           
  8234                           ;scheduler.c: 66:     }
  8235   002498  2A0C               	incf	i2rr_priority_scheduler@i^0,f,c
  8236   00249A                     i2l2688:
  8237   00249A  EE25  F045         	lfsr	2,_r_queue+270
  8238   00249E  50DE               	movf	postinc2,w,c
  8239   0024A0  5C0C               	subwf	i2rr_priority_scheduler@i^0,w,c
  8240   0024A2  A0D8               	btfss	status,0,c
  8241   0024A4  EF56  F012         	goto	i2u190_41
  8242   0024A8  EF58  F012         	goto	i2u190_40
  8243   0024AC                     i2u190_41:
  8244   0024AC  EF0D  F012         	goto	i2l2678
  8245   0024B0                     i2u190_40:
  8246   0024B0                     
  8247                           ;scheduler.c: 69:     uint8_t prox = r_queue.pos_task_running;
  8248   0024B0  C548  F00D         	movff	_r_queue+273,i2rr_priority_scheduler@prox
  8249                           
  8250                           ;scheduler.c: 70:     uint8_t tentativas = 0;
  8251   0024B4  6A0A               	clrf	i2rr_priority_scheduler@tentativas^0,c
  8252   0024B6                     i2l2690:
  8253                           
  8254                           ;scheduler.c: 73:         prox = (prox + 1) % r_queue.size;
  8255   0024B6  0E01               	movlw	1
  8256   0024B8  240D               	addwf	i2rr_priority_scheduler@prox^0,w,c
  8257   0024BA  6E02               	movwf	i2___awmod@dividend^0,c
  8258   0024BC  6A03               	clrf	(i2___awmod@dividend+1)^0,c
  8259   0024BE  0E00               	movlw	0
  8260   0024C0  2203               	addwfc	(i2___awmod@dividend+1)^0,f,c
  8261   0024C2  C545  F008         	movff	_r_queue+270,??i2_rr_priority_scheduler
  8262   0024C6  5008               	movf	??i2_rr_priority_scheduler^0,w,c
  8263   0024C8  6E04               	movwf	i2___awmod@divisor^0,c
  8264   0024CA  6A05               	clrf	(i2___awmod@divisor+1)^0,c
  8265   0024CC  EC0C  F014         	call	i2___awmod	;wreg free
  8266   0024D0  5002               	movf	?i2___awmod^0,w,c
  8267   0024D2  6E0D               	movwf	i2rr_priority_scheduler@prox^0,c
  8268   0024D4                     
  8269                           ;scheduler.c: 74:         tentativas++;
  8270   0024D4  2A0A               	incf	i2rr_priority_scheduler@tentativas^0,f,c
  8271   0024D6                     
  8272                           ;scheduler.c: 75:         if (tentativas >= r_queue.size) {
  8273   0024D6  EE25  F045         	lfsr	2,_r_queue+270
  8274   0024DA  50DE               	movf	postinc2,w,c
  8275   0024DC  5C0A               	subwf	i2rr_priority_scheduler@tentativas^0,w,c
  8276   0024DE  A0D8               	btfss	status,0,c
  8277   0024E0  EF74  F012         	goto	i2u191_41
  8278   0024E4  EF76  F012         	goto	i2u191_40
  8279   0024E8                     i2u191_41:
  8280   0024E8  EFC0  F012         	goto	i2l2716
  8281   0024EC                     i2u191_40:
  8282   0024EC                     
  8283                           ;scheduler.c: 77:             for (uint8_t i = 0; i < r_queue.size; i++) {
  8284   0024EC  6A0E               	clrf	i2rr_priority_scheduler@i_1520^0,c
  8285   0024EE  EFB2  F012         	goto	i2l2710
  8286   0024F2                     i2l2698:
  8287                           
  8288                           ;scheduler.c: 78:                 if (r_queue.TASKS[i].task_state == READY && r_queue.TA
      +                          SKS[i].task_priority == max_priority && r_queue.TASKS[i].task_ptr != idle) {
  8289   0024F2  500E               	movf	i2rr_priority_scheduler@i_1520^0,w,c
  8290   0024F4  0D36               	mullw	54
  8291   0024F6  0E38               	movlw	low (_r_queue+1)
  8292   0024F8  24F3               	addwf	243,w,c
  8293   0024FA  6ED9               	movwf	fsr2l,c
  8294   0024FC  0E04               	movlw	high (_r_queue+1)
  8295   0024FE  20F4               	addwfc	prodh,w,c
  8296   002500  6EDA               	movwf	fsr2h,c
  8297   002502  50DF               	movf	indf2,w,c
  8298   002504  A4D8               	btfss	status,2,c
  8299   002506  EF87  F012         	goto	i2u192_41
  8300   00250A  EF89  F012         	goto	i2u192_40
  8301   00250E                     i2u192_41:
  8302   00250E  EFB1  F012         	goto	i2l2708
  8303   002512                     i2u192_40:
  8304   002512  500E               	movf	i2rr_priority_scheduler@i_1520^0,w,c
  8305   002514  0D36               	mullw	54
  8306   002516  0E3C               	movlw	low (_r_queue+5)
  8307   002518  24F3               	addwf	243,w,c
  8308   00251A  6ED9               	movwf	fsr2l,c
  8309   00251C  0E04               	movlw	high (_r_queue+5)
  8310   00251E  20F4               	addwfc	prodh,w,c
  8311   002520  6EDA               	movwf	fsr2h,c
  8312   002522  500B               	movf	i2rr_priority_scheduler@max_priority^0,w,c
  8313   002524  18DE               	xorwf	postinc2,w,c
  8314   002526  A4D8               	btfss	status,2,c
  8315   002528  EF98  F012         	goto	i2u193_41
  8316   00252C  EF9A  F012         	goto	i2u193_40
  8317   002530                     i2u193_41:
  8318   002530  EFB1  F012         	goto	i2l2708
  8319   002534                     i2u193_40:
  8320   002534  500E               	movf	i2rr_priority_scheduler@i_1520^0,w,c
  8321   002536  0D36               	mullw	54
  8322   002538  0E39               	movlw	low (_r_queue+2)
  8323   00253A  24F3               	addwf	243,w,c
  8324   00253C  6ED9               	movwf	fsr2l,c
  8325   00253E  0E04               	movlw	high (_r_queue+2)
  8326   002540  20F4               	addwfc	prodh,w,c
  8327   002542  6EDA               	movwf	fsr2h,c
  8328   002544  0E4A               	movlw	low _idle
  8329   002546  18DE               	xorwf	postinc2,w,c
  8330   002548  E109               	bnz	i2u194_40
  8331   00254A  0E2D               	movlw	high _idle
  8332   00254C  18DE               	xorwf	postinc2,w,c
  8333   00254E  B4D8               	btfsc	status,2,c
  8334   002550  EFAC  F012         	goto	i2u194_41
  8335   002554  EFAE  F012         	goto	i2u194_40
  8336   002558                     i2u194_41:
  8337   002558  EFB1  F012         	goto	i2l2708
  8338   00255C                     i2u194_40:
  8339   00255C                     
  8340                           ;scheduler.c: 79:                     return i;
  8341   00255C  500E               	movf	i2rr_priority_scheduler@i_1520^0,w,c
  8342   00255E  EFF6  F012         	goto	i2l489
  8343   002562                     i2l2708:
  8344                           
  8345                           ;scheduler.c: 81:             }
  8346   002562  2A0E               	incf	i2rr_priority_scheduler@i_1520^0,f,c
  8347   002564                     i2l2710:
  8348   002564  EE25  F045         	lfsr	2,_r_queue+270
  8349   002568  50DE               	movf	postinc2,w,c
  8350   00256A  5C0E               	subwf	i2rr_priority_scheduler@i_1520^0,w,c
  8351   00256C  A0D8               	btfss	status,0,c
  8352   00256E  EFBB  F012         	goto	i2u195_41
  8353   002572  EFBD  F012         	goto	i2u195_40
  8354   002576                     i2u195_41:
  8355   002576  EF79  F012         	goto	i2l2698
  8356   00257A                     i2u195_40:
  8357   00257A                     
  8358                           ;scheduler.c: 82:             return 0;
  8359   00257A  0E00               	movlw	0
  8360   00257C  EFF6  F012         	goto	i2l489
  8361   002580                     i2l2716:
  8362                           
  8363                           ;scheduler.c: 84:     } while (!(r_queue.TASKS[prox].task_state == READY && r_queue.TASK
      +                          S[prox].task_priority == max_priority && r_queue.TASKS[prox].task_ptr != idle));
  8364   002580  500D               	movf	i2rr_priority_scheduler@prox^0,w,c
  8365   002582  0D36               	mullw	54
  8366   002584  0E38               	movlw	low (_r_queue+1)
  8367   002586  24F3               	addwf	243,w,c
  8368   002588  6ED9               	movwf	fsr2l,c
  8369   00258A  0E04               	movlw	high (_r_queue+1)
  8370   00258C  20F4               	addwfc	prodh,w,c
  8371   00258E  6EDA               	movwf	fsr2h,c
  8372   002590  50DF               	movf	indf2,w,c
  8373   002592  A4D8               	btfss	status,2,c
  8374   002594  EFCE  F012         	goto	i2u196_41
  8375   002598  EFD0  F012         	goto	i2u196_40
  8376   00259C                     i2u196_41:
  8377   00259C  EF5B  F012         	goto	i2l2690
  8378   0025A0                     i2u196_40:
  8379   0025A0  500D               	movf	i2rr_priority_scheduler@prox^0,w,c
  8380   0025A2  0D36               	mullw	54
  8381   0025A4  0E3C               	movlw	low (_r_queue+5)
  8382   0025A6  24F3               	addwf	243,w,c
  8383   0025A8  6ED9               	movwf	fsr2l,c
  8384   0025AA  0E04               	movlw	high (_r_queue+5)
  8385   0025AC  20F4               	addwfc	prodh,w,c
  8386   0025AE  6EDA               	movwf	fsr2h,c
  8387   0025B0  500B               	movf	i2rr_priority_scheduler@max_priority^0,w,c
  8388   0025B2  18DE               	xorwf	postinc2,w,c
  8389   0025B4  A4D8               	btfss	status,2,c
  8390   0025B6  EFDF  F012         	goto	i2u197_41
  8391   0025BA  EFE1  F012         	goto	i2u197_40
  8392   0025BE                     i2u197_41:
  8393   0025BE  EF5B  F012         	goto	i2l2690
  8394   0025C2                     i2u197_40:
  8395   0025C2  500D               	movf	i2rr_priority_scheduler@prox^0,w,c
  8396   0025C4  0D36               	mullw	54
  8397   0025C6  0E39               	movlw	low (_r_queue+2)
  8398   0025C8  24F3               	addwf	243,w,c
  8399   0025CA  6ED9               	movwf	fsr2l,c
  8400   0025CC  0E04               	movlw	high (_r_queue+2)
  8401   0025CE  20F4               	addwfc	prodh,w,c
  8402   0025D0  6EDA               	movwf	fsr2h,c
  8403   0025D2  0E4A               	movlw	low _idle
  8404   0025D4  18DE               	xorwf	postinc2,w,c
  8405   0025D6  E109               	bnz	i2u198_40
  8406   0025D8  0E2D               	movlw	high _idle
  8407   0025DA  18DE               	xorwf	postinc2,w,c
  8408   0025DC  B4D8               	btfsc	status,2,c
  8409   0025DE  EFF3  F012         	goto	i2u198_41
  8410   0025E2  EFF5  F012         	goto	i2u198_40
  8411   0025E6                     i2u198_41:
  8412   0025E6  EF5B  F012         	goto	i2l2690
  8413   0025EA                     i2u198_40:
  8414   0025EA                     
  8415                           ;scheduler.c: 86:     return prox;
  8416   0025EA  500D               	movf	i2rr_priority_scheduler@prox^0,w,c
  8417   0025EC                     i2l489:
  8418   0025EC  0012               	return		;funcret
  8419   0025EE                     __end_ofi2_rr_priority_scheduler:
  8420                           	callstack 0
  8421                           
  8422 ;; *************** function i2___awmod *****************
  8423 ;; Defined at:
  8424 ;;		line 7 in file "C:\Program Files\Microchip\xc8\v3.10\pic\sources\c99\common\awmod.c"
  8425 ;; Parameters:    Size  Location     Type
  8426 ;;  dividend        2    0[COMRAM] int 
  8427 ;;  divisor         2    2[COMRAM] int 
  8428 ;; Auto vars:     Size  Location     Type
  8429 ;;  sign            1    5[COMRAM] unsigned char 
  8430 ;;  counter         1    4[COMRAM] unsigned char 
  8431 ;; Return value:  Size  Location     Type
  8432 ;;                  2    0[COMRAM] int 
  8433 ;; Registers used:
  8434 ;;		wreg, status,2, status,0
  8435 ;; Tracked objects:
  8436 ;;		On entry : 0/0
  8437 ;;		On exit  : 0/0
  8438 ;;		Unchanged: 0/0
  8439 ;; Data sizes:     COMRAM   BANK0   BANK1   BANK2   BANK3   BANK4   BANK5   BANK6   BANK7   BANK8   BANK9  BANK10  BANK1
      +1  BANK12  BANK13  BANK14  BANK15
  8440 ;;      Params:         4       0       0       0       0       0       0       0       0       0       0       0       
      +0       0       0       0       0
  8441 ;;      Locals:         2       0       0       0       0       0       0       0       0       0       0       0       
      +0       0       0       0       0
  8442 ;;      Temps:          0       0       0       0       0       0       0       0       0       0       0       0       
      +0       0       0       0       0
  8443 ;;      Totals:         6       0       0       0       0       0       0       0       0       0       0       0       
      +0       0       0       0       0
  8444 ;;Total ram usage:        6 bytes
  8445 ;; Hardware stack levels used: 1
  8446 ;; This function calls:
  8447 ;;		Nothing
  8448 ;; This function is called by:
  8449 ;;		i2_rr_priority_scheduler
  8450 ;; This function uses a non-reentrant model
  8451 ;;
  8452                           
  8453                           	psect	text35
  8454   002818                     __ptext35:
  8455                           	callstack 0
  8456   002818                     i2___awmod:
  8457                           	callstack 17
  8458   002818  6A07               	clrf	i2___awmod@sign^0,c
  8459   00281A  BE03               	btfsc	(i2___awmod@dividend+1)^0,7,c
  8460   00281C  EF14  F014         	goto	i2u172_40
  8461   002820  EF12  F014         	goto	i2u172_41
  8462   002824                     i2u172_41:
  8463   002824  EF1A  F014         	goto	i2l2528
  8464   002828                     i2u172_40:
  8465   002828  6C02               	negf	i2___awmod@dividend^0,c
  8466   00282A  1E03               	comf	(i2___awmod@dividend+1)^0,f,c
  8467   00282C  B0D8               	btfsc	status,0,c
  8468   00282E  2A03               	incf	(i2___awmod@dividend+1)^0,f,c
  8469   002830  0E01               	movlw	1
  8470   002832  6E07               	movwf	i2___awmod@sign^0,c
  8471   002834                     i2l2528:
  8472   002834  BE05               	btfsc	(i2___awmod@divisor+1)^0,7,c
  8473   002836  EF21  F014         	goto	i2u173_40
  8474   00283A  EF1F  F014         	goto	i2u173_41
  8475   00283E                     i2u173_41:
  8476   00283E  EF25  F014         	goto	i2l2532
  8477   002842                     i2u173_40:
  8478   002842  6C04               	negf	i2___awmod@divisor^0,c
  8479   002844  1E05               	comf	(i2___awmod@divisor+1)^0,f,c
  8480   002846  B0D8               	btfsc	status,0,c
  8481   002848  2A05               	incf	(i2___awmod@divisor+1)^0,f,c
  8482   00284A                     i2l2532:
  8483   00284A  5004               	movf	i2___awmod@divisor^0,w,c
  8484   00284C  1005               	iorwf	(i2___awmod@divisor+1)^0,w,c
  8485   00284E  B4D8               	btfsc	status,2,c
  8486   002850  EF2C  F014         	goto	i2u174_41
  8487   002854  EF2E  F014         	goto	i2u174_40
  8488   002858                     i2u174_41:
  8489   002858  EF52  F014         	goto	i2l2548
  8490   00285C                     i2u174_40:
  8491   00285C  0E01               	movlw	1
  8492   00285E  6E06               	movwf	i2___awmod@counter^0,c
  8493   002860  EF36  F014         	goto	i2l2538
  8494   002864                     i2l2536:
  8495   002864  90D8               	bcf	status,0,c
  8496   002866  3604               	rlcf	i2___awmod@divisor^0,f,c
  8497   002868  3605               	rlcf	(i2___awmod@divisor+1)^0,f,c
  8498   00286A  2A06               	incf	i2___awmod@counter^0,f,c
  8499   00286C                     i2l2538:
  8500   00286C  AE05               	btfss	(i2___awmod@divisor+1)^0,7,c
  8501   00286E  EF3B  F014         	goto	i2u175_41
  8502   002872  EF3D  F014         	goto	i2u175_40
  8503   002876                     i2u175_41:
  8504   002876  EF32  F014         	goto	i2l2536
  8505   00287A                     i2u175_40:
  8506   00287A                     i2l2540:
  8507   00287A  5004               	movf	i2___awmod@divisor^0,w,c
  8508   00287C  5C02               	subwf	i2___awmod@dividend^0,w,c
  8509   00287E  5005               	movf	(i2___awmod@divisor+1)^0,w,c
  8510   002880  5803               	subwfb	(i2___awmod@dividend+1)^0,w,c
  8511   002882  A0D8               	btfss	status,0,c
  8512   002884  EF46  F014         	goto	i2u176_41
  8513   002888  EF48  F014         	goto	i2u176_40
  8514   00288C                     i2u176_41:
  8515   00288C  EF4C  F014         	goto	i2l2544
  8516   002890                     i2u176_40:
  8517   002890  5004               	movf	i2___awmod@divisor^0,w,c
  8518   002892  5E02               	subwf	i2___awmod@dividend^0,f,c
  8519   002894  5005               	movf	(i2___awmod@divisor+1)^0,w,c
  8520   002896  5A03               	subwfb	(i2___awmod@dividend+1)^0,f,c
  8521   002898                     i2l2544:
  8522   002898  90D8               	bcf	status,0,c
  8523   00289A  3205               	rrcf	(i2___awmod@divisor+1)^0,f,c
  8524   00289C  3204               	rrcf	i2___awmod@divisor^0,f,c
  8525   00289E  2E06               	decfsz	i2___awmod@counter^0,f,c
  8526   0028A0  EF3D  F014         	goto	i2l2540
  8527   0028A4                     i2l2548:
  8528   0028A4  5007               	movf	i2___awmod@sign^0,w,c
  8529   0028A6  B4D8               	btfsc	status,2,c
  8530   0028A8  EF58  F014         	goto	i2u177_41
  8531   0028AC  EF5A  F014         	goto	i2u177_40
  8532   0028B0                     i2u177_41:
  8533   0028B0  EF5E  F014         	goto	i2l2552
  8534   0028B4                     i2u177_40:
  8535   0028B4  6C02               	negf	i2___awmod@dividend^0,c
  8536   0028B6  1E03               	comf	(i2___awmod@dividend+1)^0,f,c
  8537   0028B8  B0D8               	btfsc	status,0,c
  8538   0028BA  2A03               	incf	(i2___awmod@dividend+1)^0,f,c
  8539   0028BC                     i2l2552:
  8540   0028BC  C002  F002         	movff	i2___awmod@dividend,?i2___awmod
  8541   0028C0  C003  F003         	movff	i2___awmod@dividend+1,?i2___awmod+1
  8542   0028C4  0012               	return		;funcret
  8543   0028C6                     __end_ofi2___awmod:
  8544                           	callstack 0
  8545                           
  8546 ;; *************** function _ext_int_isr_handler *****************
  8547 ;; Defined at:
  8548 ;;		line 113 in file "io.c"
  8549 ;; Parameters:    Size  Location     Type
  8550 ;;		None
  8551 ;; Auto vars:     Size  Location     Type
  8552 ;;		None
  8553 ;; Return value:  Size  Location     Type
  8554 ;;                  1    wreg      void 
  8555 ;; Registers used:
  8556 ;;		None
  8557 ;; Tracked objects:
  8558 ;;		On entry : 0/0
  8559 ;;		On exit  : 0/0
  8560 ;;		Unchanged: 0/0
  8561 ;; Data sizes:     COMRAM   BANK0   BANK1   BANK2   BANK3   BANK4   BANK5   BANK6   BANK7   BANK8   BANK9  BANK10  BANK1
      +1  BANK12  BANK13  BANK14  BANK15
  8562 ;;      Params:         0       0       0       0       0       0       0       0       0       0       0       0       
      +0       0       0       0       0
  8563 ;;      Locals:         0       0       0       0       0       0       0       0       0       0       0       0       
      +0       0       0       0       0
  8564 ;;      Temps:          0       0       0       0       0       0       0       0       0       0       0       0       
      +0       0       0       0       0
  8565 ;;      Totals:         0       0       0       0       0       0       0       0       0       0       0       0       
      +0       0       0       0       0
  8566 ;;Total ram usage:        0 bytes
  8567 ;; Hardware stack levels used: 1
  8568 ;; This function calls:
  8569 ;;		Nothing
  8570 ;; This function is called by:
  8571 ;;		_ISR
  8572 ;; This function uses a non-reentrant model
  8573 ;;
  8574                           
  8575                           	psect	text36
  8576   002E36                     __ptext36:
  8577                           	callstack 0
  8578   002E36                     _ext_int_isr_handler:
  8579                           	callstack 19
  8580   002E36                     
  8581                           ;io.c: 115:     INTCONbits.INT0IF = 0;
  8582   002E36  92F2               	bcf	242,1,c	;volatile
  8583   002E38  0012               	return		;funcret
  8584   002E3A                     __end_of_ext_int_isr_handler:
  8585                           	callstack 0
  8586                           
  8587                           	psect	smallconst
  8588   001000                     __psmallconst:
  8589                           	callstack 0
  8590   001000  00                 	db	0
  8591   001001  00                 	db	0	; dummy byte at the end
  8592   001000                     __smallconst    set	__psmallconst
  8593   001000                     __mediumconst   set	__psmallconst
  8594   000002                     __activetblptr  equ	2
  8595                           
  8596                           	psect	rparam
  8597   000001                     ___rparam_used  equ	1
  8598   000000                     ___param_bank   equ	0
  8599   000000                     __Lparam        equ	__Lrparam
  8600   000000                     __Hparam        equ	__Hrparam
  8601   000001                     btemp           set	1	;btemp
  8602   000001                     int$flags       set	1
  8603   000001                     btemp0          set	1
  8604   000002                     btemp1          set	2
  8605                           tosu	equ	0xFFF
  8606                           tosh	equ	0xFFE
  8607                           tosl	equ	0xFFD
  8608                           stkptr	equ	0xFFC
  8609                           pclatu	equ	0xFFB
  8610                           pclath	equ	0xFFA
  8611                           pcl	equ	0xFF9
  8612                           tblptru	equ	0xFF8
  8613                           tblptrh	equ	0xFF7
  8614                           tblptrl	equ	0xFF6
  8615                           tablat	equ	0xFF5
  8616                           prodh	equ	0xFF4
  8617                           prodl	equ	0xFF3
  8618                           indf0	equ	0xFEF
  8619                           postinc0	equ	0xFEE
  8620                           postdec0	equ	0xFED
  8621                           preinc0	equ	0xFEC
  8622                           plusw0	equ	0xFEB
  8623                           fsr0h	equ	0xFEA
  8624                           fsr0l	equ	0xFE9
  8625                           wreg	equ	0xFE8
  8626                           indf1	equ	0xFE7
  8627                           postinc1	equ	0xFE6
  8628                           postdec1	equ	0xFE5
  8629                           preinc1	equ	0xFE4
  8630                           plusw1	equ	0xFE3
  8631                           fsr1h	equ	0xFE2
  8632                           fsr1l	equ	0xFE1
  8633                           bsr	equ	0xFE0
  8634                           indf2	equ	0xFDF
  8635                           postinc2	equ	0xFDE
  8636                           postdec2	equ	0xFDD
  8637                           preinc2	equ	0xFDC
  8638                           plusw2	equ	0xFDB
  8639                           fsr2h	equ	0xFDA
  8640                           fsr2l	equ	0xFD9
  8641                           status	equ	0xFD8

Data Sizes:
    Strings     0
    Constant    0
    Data        1
    BSS         819
    Persistent  0
    Stack       0

Auto Spaces:
    Space          Size  Autos    Used
    COMRAM           94     32      35
    BANK0           160      8      39
    BANK1           256    136     136
    BANK2           256     55      55
    BANK3           256      0       0
    BANK4           256      0       0
    BANK5           256      0       0
    BANK6           256      0       0
    BANK7           256      0       0
    BANK8           256      0       0
    BANK9           256      0       0
    BANK10          256      0       0
    BANK11          256      0       0
    BANK12          256      0       0
    BANK13          256      0       0
    BANK14          256      0       0
    BANK15           56      0       0

Pointer List with Targets:

    ext_int_user_callback	PTR FTN()void  size(2) Largest target is 1
		 -> NULL(), 

    mutex_init@mutex	PTR struct mutex size(1) Largest target is 9
		 -> adc_mutex(BANK0[9]), 

    mutex_lock@mutex	PTR struct mutex size(1) Largest target is 9
		 -> adc_mutex(BANK0[9]), 

    mutex_unlock@mutex	PTR struct mutex size(1) Largest target is 9
		 -> adc_mutex(BANK0[9]), 

    new_task$task_ptr	PTR FTN()void  size(2) Largest target is 1
		 -> idle(), task_blink1(), task_blink2(), task_blink3(), 
		 -> task_blink4(), 

    os_create_task@func	PTR FTN()void  size(2) Largest target is 1
		 -> idle(), task_blink1(), task_blink2(), task_blink3(), 
		 -> task_blink4(), 

    os_task_change_state@task_handle$task_ptr	PTR FTN()void  size(2) Largest target is 1
		 -> idle(), task_blink1(), task_blink2(), task_blink3(), 
		 -> task_blink4(), 

    pipe_init@p	PTR struct pipe size(1) Largest target is 22
		 -> adc_pipe(BANK0[22]), 

    pipe_read@dado	PTR unsigned char  size(2) Largest target is 1
		 -> task_blink4@dado(BANK1[1]), 

    pipe_read@p	PTR struct pipe size(1) Largest target is 22
		 -> adc_pipe(BANK0[22]), 

    pipe_write@p	PTR struct pipe size(1) Largest target is 22
		 -> adc_pipe(BANK0[22]), 

    r_queue$task_ptr	PTR FTN()void  size(2) Largest target is 1
		 -> idle(), task_blink1(), task_blink2(), task_blink3(), 
		 -> task_blink4(), 

    r_queue$task_running	PTR struct tcb size(2) Largest target is 274
		 -> r_queue(BIGRAM[274]), r_queue$TASKS(BIGRAM[270]), 

    r_queue$task_running$task_ptr	PTR FTN()void  size(2) Largest target is 1
		 -> idle(), task_blink1(), task_blink2(), task_blink3(), 
		 -> task_blink4(), 

    r_queue$TASKS$task_ptr	PTR FTN()void  size(2) Largest target is 1
		 -> idle(), task_blink1(), task_blink2(), task_blink3(), 
		 -> task_blink4(), 

    S75tcb$task_ptr	PTR FTN()void  size(2) Largest target is 1
		 -> idle(), task_blink1(), task_blink2(), task_blink3(), 
		 -> task_blink4(), 

    S99ready_queue$task_running	PTR struct tcb size(2) Largest target is 274
		 -> r_queue(BIGRAM[274]), 

    sem_init@sem	PTR struct sem size(1) Largest target is 22
		 -> adc_pipe(BANK0[22]), 

    sem_post@sem	PTR struct sem size(1) Largest target is 22
		 -> adc_pipe(BANK0[22]), 

    sem_wait@sem	PTR struct sem size(1) Largest target is 22
		 -> adc_pipe(BANK0[22]), 

    sp__SRAMalloc	PTR unsigned char  size(2) Largest target is 512
		 -> _uDynamicHeap(BIGRAM[512]), NULL(NULL[0]), 


Critical Paths under _main in COMRAM

    None.

Critical Paths under _idle in COMRAM

    None.

Critical Paths under _idle in COMRAM

    None.

Critical Paths under _task_blink1 in COMRAM

    None.

Critical Paths under _task_blink2 in COMRAM

    None.

Critical Paths under _task_blink3 in COMRAM

    None.

Critical Paths under _task_blink4 in COMRAM

    None.

Critical Paths under _task_blink1 in COMRAM

    None.

Critical Paths under _task_blink2 in COMRAM

    None.

Critical Paths under _task_blink3 in COMRAM

    None.

Critical Paths under _task_blink4 in COMRAM

    None.

Critical Paths under _ISR in COMRAM

    _ISR->i2_scheduler
    i2_scheduler->i2_rr_priority_scheduler
    i2_rr_priority_scheduler->i2___awmod

Critical Paths under _main in BANK0

    None.

Critical Paths under _idle in BANK0

    None.

Critical Paths under _idle in BANK0

    None.

Critical Paths under _task_blink1 in BANK0

    None.

Critical Paths under _task_blink2 in BANK0

    None.

Critical Paths under _task_blink3 in BANK0

    _task_blink3->_adc_read
    _task_blink3->_mutex_unlock

Critical Paths under _task_blink4 in BANK0

    None.

Critical Paths under _task_blink1 in BANK0

    None.

Critical Paths under _task_blink2 in BANK0

    None.

Critical Paths under _task_blink3 in BANK0

    _task_blink3->_adc_read
    _task_blink3->_mutex_unlock

Critical Paths under _task_blink4 in BANK0

    None.

Critical Paths under _ISR in BANK0

    None.

Critical Paths under _main in BANK1

    _os_start->_scheduler
    _scheduler->_rr_priority_scheduler
    _rr_priority_scheduler->___awmod
    _config_user->_pipe_init
    _pipe_init->_sem_init

Critical Paths under _idle in BANK1

    None.

Critical Paths under _idle in BANK1

    None.

Critical Paths under _task_blink1 in BANK1

    None.

Critical Paths under _task_blink2 in BANK1

    None.

Critical Paths under _task_blink3 in BANK1

    _task_blink3->_pipe_write
    _sem_wait->i1_scheduler
    i1_scheduler->i1_rr_priority_scheduler
    i1_rr_priority_scheduler->i1___awmod

Critical Paths under _task_blink4 in BANK1

    _task_blink4->_pipe_read
    _pipe_read->_sem_wait
    _sem_wait->i1_scheduler
    i1_scheduler->i1_rr_priority_scheduler
    i1_rr_priority_scheduler->i1___awmod

Critical Paths under _task_blink1 in BANK1

    None.

Critical Paths under _task_blink2 in BANK1

    None.

Critical Paths under _task_blink3 in BANK1

    _task_blink3->_pipe_write
    _sem_wait->i1_scheduler
    i1_scheduler->i1_rr_priority_scheduler
    i1_rr_priority_scheduler->i1___awmod

Critical Paths under _task_blink4 in BANK1

    _task_blink4->_pipe_read
    _pipe_read->_sem_wait
    _sem_wait->i1_scheduler
    i1_scheduler->i1_rr_priority_scheduler
    i1_rr_priority_scheduler->i1___awmod

Critical Paths under _ISR in BANK1

    None.

Critical Paths under _main in BANK2

    _main->_os_create_task
    _os_config->_os_create_task

Critical Paths under _idle in BANK2

    None.

Critical Paths under _idle in BANK2

    None.

Critical Paths under _task_blink1 in BANK2

    None.

Critical Paths under _task_blink2 in BANK2

    None.

Critical Paths under _task_blink3 in BANK2

    None.

Critical Paths under _task_blink4 in BANK2

    None.

Critical Paths under _task_blink1 in BANK2

    None.

Critical Paths under _task_blink2 in BANK2

    None.

Critical Paths under _task_blink3 in BANK2

    None.

Critical Paths under _task_blink4 in BANK2

    None.

Critical Paths under _ISR in BANK2

    None.

Critical Paths under _main in BANK3

    None.

Critical Paths under _idle in BANK3

    None.

Critical Paths under _idle in BANK3

    None.

Critical Paths under _task_blink1 in BANK3

    None.

Critical Paths under _task_blink2 in BANK3

    None.

Critical Paths under _task_blink3 in BANK3

    None.

Critical Paths under _task_blink4 in BANK3

    None.

Critical Paths under _task_blink1 in BANK3

    None.

Critical Paths under _task_blink2 in BANK3

    None.

Critical Paths under _task_blink3 in BANK3

    None.

Critical Paths under _task_blink4 in BANK3

    None.

Critical Paths under _ISR in BANK3

    None.

Critical Paths under _main in BANK4

    None.

Critical Paths under _idle in BANK4

    None.

Critical Paths under _idle in BANK4

    None.

Critical Paths under _task_blink1 in BANK4

    None.

Critical Paths under _task_blink2 in BANK4

    None.

Critical Paths under _task_blink3 in BANK4

    None.

Critical Paths under _task_blink4 in BANK4

    None.

Critical Paths under _task_blink1 in BANK4

    None.

Critical Paths under _task_blink2 in BANK4

    None.

Critical Paths under _task_blink3 in BANK4

    None.

Critical Paths under _task_blink4 in BANK4

    None.

Critical Paths under _ISR in BANK4

    None.

Critical Paths under _main in BANK5

    None.

Critical Paths under _idle in BANK5

    None.

Critical Paths under _idle in BANK5

    None.

Critical Paths under _task_blink1 in BANK5

    None.

Critical Paths under _task_blink2 in BANK5

    None.

Critical Paths under _task_blink3 in BANK5

    None.

Critical Paths under _task_blink4 in BANK5

    None.

Critical Paths under _task_blink1 in BANK5

    None.

Critical Paths under _task_blink2 in BANK5

    None.

Critical Paths under _task_blink3 in BANK5

    None.

Critical Paths under _task_blink4 in BANK5

    None.

Critical Paths under _ISR in BANK5

    None.

Critical Paths under _main in BANK6

    None.

Critical Paths under _idle in BANK6

    None.

Critical Paths under _idle in BANK6

    None.

Critical Paths under _task_blink1 in BANK6

    None.

Critical Paths under _task_blink2 in BANK6

    None.

Critical Paths under _task_blink3 in BANK6

    None.

Critical Paths under _task_blink4 in BANK6

    None.

Critical Paths under _task_blink1 in BANK6

    None.

Critical Paths under _task_blink2 in BANK6

    None.

Critical Paths under _task_blink3 in BANK6

    None.

Critical Paths under _task_blink4 in BANK6

    None.

Critical Paths under _ISR in BANK6

    None.

Critical Paths under _main in BANK7

    None.

Critical Paths under _idle in BANK7

    None.

Critical Paths under _idle in BANK7

    None.

Critical Paths under _task_blink1 in BANK7

    None.

Critical Paths under _task_blink2 in BANK7

    None.

Critical Paths under _task_blink3 in BANK7

    None.

Critical Paths under _task_blink4 in BANK7

    None.

Critical Paths under _task_blink1 in BANK7

    None.

Critical Paths under _task_blink2 in BANK7

    None.

Critical Paths under _task_blink3 in BANK7

    None.

Critical Paths under _task_blink4 in BANK7

    None.

Critical Paths under _ISR in BANK7

    None.

Critical Paths under _main in BANK8

    None.

Critical Paths under _idle in BANK8

    None.

Critical Paths under _idle in BANK8

    None.

Critical Paths under _task_blink1 in BANK8

    None.

Critical Paths under _task_blink2 in BANK8

    None.

Critical Paths under _task_blink3 in BANK8

    None.

Critical Paths under _task_blink4 in BANK8

    None.

Critical Paths under _task_blink1 in BANK8

    None.

Critical Paths under _task_blink2 in BANK8

    None.

Critical Paths under _task_blink3 in BANK8

    None.

Critical Paths under _task_blink4 in BANK8

    None.

Critical Paths under _ISR in BANK8

    None.

Critical Paths under _main in BANK9

    None.

Critical Paths under _idle in BANK9

    None.

Critical Paths under _idle in BANK9

    None.

Critical Paths under _task_blink1 in BANK9

    None.

Critical Paths under _task_blink2 in BANK9

    None.

Critical Paths under _task_blink3 in BANK9

    None.

Critical Paths under _task_blink4 in BANK9

    None.

Critical Paths under _task_blink1 in BANK9

    None.

Critical Paths under _task_blink2 in BANK9

    None.

Critical Paths under _task_blink3 in BANK9

    None.

Critical Paths under _task_blink4 in BANK9

    None.

Critical Paths under _ISR in BANK9

    None.

Critical Paths under _main in BANK10

    None.

Critical Paths under _idle in BANK10

    None.

Critical Paths under _idle in BANK10

    None.

Critical Paths under _task_blink1 in BANK10

    None.

Critical Paths under _task_blink2 in BANK10

    None.

Critical Paths under _task_blink3 in BANK10

    None.

Critical Paths under _task_blink4 in BANK10

    None.

Critical Paths under _task_blink1 in BANK10

    None.

Critical Paths under _task_blink2 in BANK10

    None.

Critical Paths under _task_blink3 in BANK10

    None.

Critical Paths under _task_blink4 in BANK10

    None.

Critical Paths under _ISR in BANK10

    None.

Critical Paths under _main in BANK11

    None.

Critical Paths under _idle in BANK11

    None.

Critical Paths under _idle in BANK11

    None.

Critical Paths under _task_blink1 in BANK11

    None.

Critical Paths under _task_blink2 in BANK11

    None.

Critical Paths under _task_blink3 in BANK11

    None.

Critical Paths under _task_blink4 in BANK11

    None.

Critical Paths under _task_blink1 in BANK11

    None.

Critical Paths under _task_blink2 in BANK11

    None.

Critical Paths under _task_blink3 in BANK11

    None.

Critical Paths under _task_blink4 in BANK11

    None.

Critical Paths under _ISR in BANK11

    None.

Critical Paths under _main in BANK12

    None.

Critical Paths under _idle in BANK12

    None.

Critical Paths under _idle in BANK12

    None.

Critical Paths under _task_blink1 in BANK12

    None.

Critical Paths under _task_blink2 in BANK12

    None.

Critical Paths under _task_blink3 in BANK12

    None.

Critical Paths under _task_blink4 in BANK12

    None.

Critical Paths under _task_blink1 in BANK12

    None.

Critical Paths under _task_blink2 in BANK12

    None.

Critical Paths under _task_blink3 in BANK12

    None.

Critical Paths under _task_blink4 in BANK12

    None.

Critical Paths under _ISR in BANK12

    None.

Critical Paths under _main in BANK13

    None.

Critical Paths under _idle in BANK13

    None.

Critical Paths under _idle in BANK13

    None.

Critical Paths under _task_blink1 in BANK13

    None.

Critical Paths under _task_blink2 in BANK13

    None.

Critical Paths under _task_blink3 in BANK13

    None.

Critical Paths under _task_blink4 in BANK13

    None.

Critical Paths under _task_blink1 in BANK13

    None.

Critical Paths under _task_blink2 in BANK13

    None.

Critical Paths under _task_blink3 in BANK13

    None.

Critical Paths under _task_blink4 in BANK13

    None.

Critical Paths under _ISR in BANK13

    None.

Critical Paths under _main in BANK14

    None.

Critical Paths under _idle in BANK14

    None.

Critical Paths under _idle in BANK14

    None.

Critical Paths under _task_blink1 in BANK14

    None.

Critical Paths under _task_blink2 in BANK14

    None.

Critical Paths under _task_blink3 in BANK14

    None.

Critical Paths under _task_blink4 in BANK14

    None.

Critical Paths under _task_blink1 in BANK14

    None.

Critical Paths under _task_blink2 in BANK14

    None.

Critical Paths under _task_blink3 in BANK14

    None.

Critical Paths under _task_blink4 in BANK14

    None.

Critical Paths under _ISR in BANK14

    None.

Critical Paths under _main in BANK15

    None.

Critical Paths under _idle in BANK15

    None.

Critical Paths under _idle in BANK15

    None.

Critical Paths under _task_blink1 in BANK15

    None.

Critical Paths under _task_blink2 in BANK15

    None.

Critical Paths under _task_blink3 in BANK15

    None.

Critical Paths under _task_blink4 in BANK15

    None.

Critical Paths under _task_blink1 in BANK15

    None.

Critical Paths under _task_blink2 in BANK15

    None.

Critical Paths under _task_blink3 in BANK15

    None.

Critical Paths under _task_blink4 in BANK15

    None.

Critical Paths under _ISR in BANK15

    None.

Call Graph Tables:

 ---------------------------------------------------------------------------------
 (Depth) Function   	        Calls       Base Space   Used Autos Params    Refs
 ---------------------------------------------------------------------------------
 (0) _main                                                 0     0      0    4484
                          _os_config
                     _os_create_task
                           _os_start
 ---------------------------------------------------------------------------------
 (1) _os_start                                             7     7      0    1070
                                              0 BANK2      7     7      0
                          _scheduler
                     _setup_hardware
 ---------------------------------------------------------------------------------
 (2) _setup_hardware                                       0     0      0       0
 ---------------------------------------------------------------------------------
 (2) _scheduler                                            3     3      0    1070
                                            133 BANK1      3     3      0
              _rr_priority_scheduler
 ---------------------------------------------------------------------------------
 (3) _rr_priority_scheduler                                7     7      0    1070
                                            126 BANK1      7     7      0
                            ___awmod
 ---------------------------------------------------------------------------------
 (4) ___awmod                                              6     2      4     451
                                            120 BANK1      6     2      4
 ---------------------------------------------------------------------------------
 (1) _os_config                                            0     0      0    1941
                        _config_user
                     _os_create_task
 ---------------------------------------------------------------------------------
 (2) _os_create_task                                      59    56      3    1473
                                            120 BANK1      4     1      3
                                              0 BANK2     55    55      0
 ---------------------------------------------------------------------------------
 (2) _config_user                                          0     0      0     468
                         _adc_config
                             _adc_on
                         _mutex_init
                          _pipe_init
                         _pwm_config
                             _pwm_on
 ---------------------------------------------------------------------------------
 (3) _pwm_on                                               0     0      0       0
 ---------------------------------------------------------------------------------
 (3) _pwm_config                                           1     1      0      47
                                            120 BANK1      1     1      0
 ---------------------------------------------------------------------------------
 (3) _pipe_init                                            1     0      1     263
                                            124 BANK1      1     0      1
                           _sem_init
 ---------------------------------------------------------------------------------
 (4) _sem_init                                             4     2      2     136
                                            120 BANK1      4     2      2
 ---------------------------------------------------------------------------------
 (3) _mutex_init                                           1     0      1     158
                                            120 BANK1      1     0      1
 ---------------------------------------------------------------------------------
 (3) _adc_on                                               0     0      0       0
 ---------------------------------------------------------------------------------
 (3) _adc_config                                           0     0      0       0
 ---------------------------------------------------------------------------------
 Estimated maximum stack depth 4
 ---------------------------------------------------------------------------------
 (Depth) Function   	        Calls       Base Space   Used Autos Params    Refs
 ---------------------------------------------------------------------------------
 (5) _idle                                                 1     1      0       0
                                              0 COMRAM     1     1      0
 ---------------------------------------------------------------------------------
 Estimated maximum stack depth 5
 ---------------------------------------------------------------------------------
 (Depth) Function   	        Calls       Base Space   Used Autos Params    Refs
 ---------------------------------------------------------------------------------
 (5) _idle                                                 1     1      0       0
                                              0 COMRAM     1     1      0
 ---------------------------------------------------------------------------------
 Estimated maximum stack depth 5
 ---------------------------------------------------------------------------------
 (Depth) Function   	        Calls       Base Space   Used Autos Params    Refs
 ---------------------------------------------------------------------------------
 (5) _task_blink1                                          0     0      0       0
 ---------------------------------------------------------------------------------
 Estimated maximum stack depth 5
 ---------------------------------------------------------------------------------
 (Depth) Function   	        Calls       Base Space   Used Autos Params    Refs
 ---------------------------------------------------------------------------------
 (5) _task_blink2                                          0     0      0       0
 ---------------------------------------------------------------------------------
 Estimated maximum stack depth 5
 ---------------------------------------------------------------------------------
 (Depth) Function   	        Calls       Base Space   Used Autos Params    Refs
 ---------------------------------------------------------------------------------
 (5) _task_blink3                                          4     4      0    8245
                                             87 BANK1      4     4      0
                           _adc_read
                         _mutex_lock
                       _mutex_unlock
                         _pipe_write
 ---------------------------------------------------------------------------------
 (6) _pipe_write                                           3     1      2    3990
                                             84 BANK1      3     1      2
                           _sem_post
                           _sem_wait
 ---------------------------------------------------------------------------------
 (7) _sem_wait                                             8     7      1    3020
                                            107 BANK1      8     7      1
                        i1_scheduler
 ---------------------------------------------------------------------------------
 (7) _sem_post                                             3     2      1     450
                                             91 BANK1      3     2      1
 ---------------------------------------------------------------------------------
 (6) _mutex_unlock                                         4     3      1     870
                                              4 BANK0      4     3      1
 ---------------------------------------------------------------------------------
 (6) _mutex_lock                                           8     7      1    3215
                                             76 BANK1      8     7      1
                        i1_scheduler
 ---------------------------------------------------------------------------------
 (8) i1_scheduler                                          3     3      0    2570
                                            104 BANK1      3     3      0
            i1_rr_priority_scheduler
 ---------------------------------------------------------------------------------
 (9) i1_rr_priority_scheduler                              7     7      0    2570
                                             97 BANK1      7     7      0
                          i1___awmod
 ---------------------------------------------------------------------------------
 (10) i1___awmod                                           6     2      4    1090
                                             91 BANK1      6     2      4
 ---------------------------------------------------------------------------------
 (6) _adc_read                                             4     2      2      85
                                              4 BANK0      4     2      2
 ---------------------------------------------------------------------------------
 Estimated maximum stack depth 10
 ---------------------------------------------------------------------------------
 (Depth) Function   	        Calls       Base Space   Used Autos Params    Refs
 ---------------------------------------------------------------------------------
 (5) _task_blink4                                          1     1      0    4647
                                            119 BANK1      1     1      0
                          _pipe_read
                       _pwm_set_duty
 ---------------------------------------------------------------------------------
 (6) _pwm_set_duty                                         4     2      2     310
                                             91 BANK1      4     2      2
 ---------------------------------------------------------------------------------
 (6) _pipe_read                                            4     1      3    4121
                                            115 BANK1      4     1      3
                           _sem_post
                           _sem_wait
 ---------------------------------------------------------------------------------
 (7) _sem_wait                                             8     7      1    3020
                                            107 BANK1      8     7      1
                        i1_scheduler
 ---------------------------------------------------------------------------------
 (8) i1_scheduler                                          3     3      0    2570
                                            104 BANK1      3     3      0
            i1_rr_priority_scheduler
 ---------------------------------------------------------------------------------
 (9) i1_rr_priority_scheduler                              7     7      0    2570
                                             97 BANK1      7     7      0
                          i1___awmod
 ---------------------------------------------------------------------------------
 (10) i1___awmod                                           6     2      4    1090
                                             91 BANK1      6     2      4
 ---------------------------------------------------------------------------------
 (7) _sem_post                                             3     2      1     450
                                             91 BANK1      3     2      1
 ---------------------------------------------------------------------------------
 Estimated maximum stack depth 10
 ---------------------------------------------------------------------------------
 (Depth) Function   	        Calls       Base Space   Used Autos Params    Refs
 ---------------------------------------------------------------------------------
 (5) _task_blink1                                          0     0      0       0
 ---------------------------------------------------------------------------------
 Estimated maximum stack depth 5
 ---------------------------------------------------------------------------------
 (Depth) Function   	        Calls       Base Space   Used Autos Params    Refs
 ---------------------------------------------------------------------------------
 (5) _task_blink2                                          0     0      0       0
 ---------------------------------------------------------------------------------
 Estimated maximum stack depth 5
 ---------------------------------------------------------------------------------
 (Depth) Function   	        Calls       Base Space   Used Autos Params    Refs
 ---------------------------------------------------------------------------------
 (5) _task_blink3                                          4     4      0    8245
                                             87 BANK1      4     4      0
                           _adc_read
                         _mutex_lock
                       _mutex_unlock
                         _pipe_write
 ---------------------------------------------------------------------------------
 (6) _pipe_write                                           3     1      2    3990
                                             84 BANK1      3     1      2
                           _sem_post
                           _sem_wait
 ---------------------------------------------------------------------------------
 (7) _sem_wait                                             8     7      1    3020
                                            107 BANK1      8     7      1
                        i1_scheduler
 ---------------------------------------------------------------------------------
 (7) _sem_post                                             3     2      1     450
                                             91 BANK1      3     2      1
 ---------------------------------------------------------------------------------
 (6) _mutex_unlock                                         4     3      1     870
                                              4 BANK0      4     3      1
 ---------------------------------------------------------------------------------
 (6) _mutex_lock                                           8     7      1    3215
                                             76 BANK1      8     7      1
                        i1_scheduler
 ---------------------------------------------------------------------------------
 (8) i1_scheduler                                          3     3      0    2570
                                            104 BANK1      3     3      0
            i1_rr_priority_scheduler
 ---------------------------------------------------------------------------------
 (9) i1_rr_priority_scheduler                              7     7      0    2570
                                             97 BANK1      7     7      0
                          i1___awmod
 ---------------------------------------------------------------------------------
 (10) i1___awmod                                           6     2      4    1090
                                             91 BANK1      6     2      4
 ---------------------------------------------------------------------------------
 (6) _adc_read                                             4     2      2      85
                                              4 BANK0      4     2      2
 ---------------------------------------------------------------------------------
 Estimated maximum stack depth 10
 ---------------------------------------------------------------------------------
 (Depth) Function   	        Calls       Base Space   Used Autos Params    Refs
 ---------------------------------------------------------------------------------
 (5) _task_blink4                                          1     1      0    4647
                                            119 BANK1      1     1      0
                          _pipe_read
                       _pwm_set_duty
 ---------------------------------------------------------------------------------
 (6) _pwm_set_duty                                         4     2      2     310
                                             91 BANK1      4     2      2
 ---------------------------------------------------------------------------------
 (6) _pipe_read                                            4     1      3    4121
                                            115 BANK1      4     1      3
                           _sem_post
                           _sem_wait
 ---------------------------------------------------------------------------------
 (7) _sem_wait                                             8     7      1    3020
                                            107 BANK1      8     7      1
                        i1_scheduler
 ---------------------------------------------------------------------------------
 (8) i1_scheduler                                          3     3      0    2570
                                            104 BANK1      3     3      0
            i1_rr_priority_scheduler
 ---------------------------------------------------------------------------------
 (9) i1_rr_priority_scheduler                              7     7      0    2570
                                             97 BANK1      7     7      0
                          i1___awmod
 ---------------------------------------------------------------------------------
 (10) i1___awmod                                           6     2      4    1090
                                             91 BANK1      6     2      4
 ---------------------------------------------------------------------------------
 (7) _sem_post                                             3     2      1     450
                                             91 BANK1      3     2      1
 ---------------------------------------------------------------------------------
 Estimated maximum stack depth 10
 ---------------------------------------------------------------------------------
 (Depth) Function   	        Calls       Base Space   Used Autos Params    Refs
 ---------------------------------------------------------------------------------
 (11) _ISR                                                15    15      0     838
                                             16 COMRAM    15    15      0
                _ext_int_isr_handler
                        i2_scheduler
 ---------------------------------------------------------------------------------
 (12) i2_scheduler                                         3     3      0     726
                                             13 COMRAM     3     3      0
            i2_rr_priority_scheduler
 ---------------------------------------------------------------------------------
 (13) i2_rr_priority_scheduler                             7     7      0     726
                                              6 COMRAM     7     7      0
                          i2___awmod
 ---------------------------------------------------------------------------------
 (14) i2___awmod                                           6     2      4     298
                                              0 COMRAM     6     2      4
 ---------------------------------------------------------------------------------
 (12) _ext_int_isr_handler                                 0     0      0       0
 ---------------------------------------------------------------------------------
 Estimated maximum stack depth 14
 ---------------------------------------------------------------------------------

 Call Graph Graphs:

 _main (ROOT)
   _os_config
     _config_user
       _adc_config
       _adc_on
       _mutex_init
       _pipe_init
         _sem_init
       _pwm_config
       _pwm_on
     _os_create_task
   _os_create_task
   _os_start
     _scheduler
       _rr_priority_scheduler
         ___awmod
     _setup_hardware

 _idle (ROOT)

 _idle (ROOT)

 _task_blink1 (ROOT)

 _task_blink2 (ROOT)

 _task_blink3 (ROOT)
   _adc_read
   _mutex_lock
     i1_scheduler
       i1_rr_priority_scheduler
         i1___awmod
   _mutex_unlock
   _pipe_write
     _sem_post
     _sem_wait
       i1_scheduler

 _task_blink4 (ROOT)
   _pipe_read
     _sem_post
     _sem_wait
       i1_scheduler
         i1_rr_priority_scheduler
           i1___awmod
   _pwm_set_duty

 _task_blink1 (ROOT)

 _task_blink2 (ROOT)

 _task_blink3 (ROOT)
   _adc_read
   _mutex_lock
     i1_scheduler
       i1_rr_priority_scheduler
         i1___awmod
   _mutex_unlock
   _pipe_write
     _sem_post
     _sem_wait
       i1_scheduler

 _task_blink4 (ROOT)
   _pipe_read
     _sem_post
     _sem_wait
       i1_scheduler
         i1_rr_priority_scheduler
           i1___awmod
   _pwm_set_duty

 _ISR (ROOT)
   _ext_int_isr_handler
   i2_scheduler
     i2_rr_priority_scheduler
       i2___awmod

Address spaces:
Name               Size   Autos  Total    Usage
BIGRAM            3895      0     786     20.2%
BITBANK14          256      0       0      0.0%
BANK14             256      0       0      0.0%
BITBANK13          256      0       0      0.0%
BANK13             256      0       0      0.0%
BITBANK12          256      0       0      0.0%
BANK12             256      0       0      0.0%
BITBANK11          256      0       0      0.0%
BANK11             256      0       0      0.0%
BITBANK10          256      0       0      0.0%
BANK10             256      0       0      0.0%
BITBANK9           256      0       0      0.0%
BANK9              256      0       0      0.0%
BITBANK8           256      0       0      0.0%
BANK8              256      0       0      0.0%
BITBANK7           256      0       0      0.0%
BANK7              256      0       0      0.0%
BITBANK6           256      0       0      0.0%
BANK6              256      0       0      0.0%
BITBANK5           256      0       0      0.0%
BANK5              256      0       0      0.0%
BITBANK4           256      0       0      0.0%
BANK4              256      0       0      0.0%
BITBANK3           256      0       0      0.0%
BANK3              256      0       0      0.0%
BITBANK2           256      0       0      0.0%
BANK2              256     55      55     21.5%
BITBANK1           256      0       0      0.0%
BANK1              256    136     136     53.1%
BITBANK0           160      0       0      0.0%
BANK0              160      8      39     24.4%
BITCOMRAM           94      0       0      0.0%
COMRAM              94     32      35     37.2%
BITBIGSFRllll       72      0       0      0.0%
BITBIGSFRh          66      0       0      0.0%
BITBANK15           56      0       0      0.0%
BANK15              56      0       0      0.0%
BITBIGSFRlh         40      0       0      0.0%
BITBIGSFRlllh        8      0       0      0.0%
BITBIGSFRllh         8      0       0      0.0%
STACK                0      0       0      0.0%
DATA                 0      0    1010      0.0%


Microchip Technology PIC18 Macro Assembler V3.10 build 20250813170317 
Symbol Table                                                                                   Thu May  7 19:25:19 2026

                __end_ofi2_scheduler 2D9A                                   l20 2A7A  
                                 l19 2A7A                                  l101 29B8  
                                l120 2C9A                                  l130 2050  
                                l125 1FC0                                  l126 1EAE  
                                l231 2BF6                                  l207 2CCA  
                                l313 2DBE                                  l402 2B2E  
                                l316 2E34                                  l325 2E00  
                                l408 2D20                                  l328 2E20  
                                l268 2C30                                  l460 2CF4  
                                l390 2E22                                  l550 2E18  
                                l387 2C68                                  l483 20F2  
                                l396 2E2A                                  l489 2230  
                                l933 2766                                  _BSR 0FE0  
                                _PR2 0FBB                                  _ISR 0008  
                       ___awmod@sign 017D                         _pwm_set_duty 29BA  
                                prod 0FF3                                  wreg 0FE8  
                               ?_ISR 0002                                 ISR@i 001F  
                               l2056 2D4A                                 l2058 2D4C  
                               l2084 2E22                                 l3140 2CBE  
                               l3300 2206                                 l2086 2E2A  
                               l3230 2BC4                                 l3150 26D6  
                               l3142 26B8                                 l3302 222E  
                               l3232 2BD2                                 l3136 2C9C  
                               l3240 2C12                                 l3160 270E  
                               l3152 26E4                                 l3144 26BC  
                               l2442 2D9A                                 l2450 2E32  
                               l3234 2BDE                                 l3138 2CB2  
                               l3242 2C20                                 l3250 2DF2  
                               l3162 271C                                 l3170 2746  
                               l3154 26EC                                 l3146 26CA  
                               l2444 2DA6                                 l3236 2BEA  
                               l3228 2BBA                                 l3252 2DF4  
                               l3244 2DE6                                 l3172 2756  
                               l3164 2732                                 l3156 26FE  
                               l3148 26D2                                 l3260 207C  
                               l2446 2DB8                                 l3238 2BF8  
                               l3254 2DF8                                 l3246 2DEC  
                               l3174 275E                                 l3166 273A  
                               l3158 2706                                 l3270 20F8  
                               l3262 20A4                                 l2622 2E02  
                               l2448 2DBA                                 l3248 2DF0  
                               l2464 2E1A                                 l3168 2740  
                               l3280 2156                                 l3272 2118  
                               l3264 20C6                                 l3256 2052  
                               l3360 2CCC                                 l2624 2E0C  
                               l3370 2C4A                                 l3282 2178  
                               l3290 21A8                                 l3274 211A  
                               l3266 20DA                                 l3258 205C  
                               l3362 2CD8                                 l2626 2E10  
                               l3372 2C54                                 l3364 2C32  
                               l3292 21BE                                 l3284 21A0  
                               l3276 2130                                 l3268 20DC  
                               l4510 2B4E                                 l3374 2C5E  
                               l3366 2C42                                 l3278 2136  
                               l4504 2B2E                                 l3368 2C46  
                               l4520 2958                                 l3288 21A6  
                               l3296 21C4                                 l4506 2B38  
                               l4530 296A                                 l4522 295C  
                               l3298 21E4                                 l4508 2B44  
                               l4540 2974                                 l4532 296C  
                               l4524 2964                                 l4516 2950  
                               l4604 2A22                                 l4606 2D20  
                               l4550 297E                                 l4542 2976  
                               l4534 296E                                 l4526 2966  
                               l4518 2954                                 l4608 2D32  
                               l4560 2988                                 l4552 2980  
                               l4544 2978                                 l4536 2970  
                               l4528 2968                                 l4562 298A  
                               l4554 2982                                 l4546 297A  
                               l4538 2972                                 l4570 2C96  
                               l4564 29AE                                 l4556 2984  
                               l4548 297C                                 l4580 1E8C  
                               l4572 1CF8                                 l4558 2986  
                               l4566 2C6A                                 l4590 1F9C  
                               l4582 1EB0                                 l4574 1CFC  
                               l4568 2C82                                 l4592 1FC2  
                               l4584 1EC2                                 l4576 1D00  
                               l4594 204A                                 l4586 1F0C  
                               l4578 1D20                                 l4588 1F54  
                               l4596 204E      __end_ofi1_rr_priority_scheduler 2412  
                               u2610 26CA                                 u2611 26C6  
                               u2620 26E4                                 u2621 26E0  
                               u2630 26FE                                 u2631 26FA  
                               u2640 271C                                 u2800 20A4  
                               u2641 2718                                 u2801 20A0  
                               u2650 2732                                 u2810 20C6  
                               u2651 272E                                 u2811 20C2  
                               u2660 2756                                 u2900 222E  
                               u2820 20F2                                 u2661 2752  
                               u2901 222A                                 u2821 20EE  
                               u2830 2130                                 u2831 212C  
                               u2840 2156                                 u4601 29A6  
                               u2841 2152                                 u2850 2178  
                               u4610 1D20                                 u2851 2174  
                               u4611 1D1C                                 u2860 21A0  
                               u4620 1EAE                                 u2861 219C  
                               u4621 1EAA                                 u2870 21BE  
                               u2790 207C                                 u4630 1FBC  
                               u2871 21BA                                 u2791 2078  
                               u4631 1FB8                                 u2880 21E4  
                               u4640 203E                                 u2881 21E0  
                               u2890 2206                                 u2891 2202  
                               u4645 2036                                 _TMR0 0FD6  
                               _TMR2 0FBC                                 _TOSH 0FFE  
                               _TOSL 0FFD                                 _WREG 0FE8  
                               _TOSU 0FFF                                 _idle 2D4A  
                               _main 2A22                                 fsr1h 0FE2  
                               fsr2h 0FDA                                 indf1 0FE7  
                               indf2 0FDF                                 fsr1l 0FE1  
                               fsr2l 0FD9                                 btemp 0001  
                               prodh 0FF4                                 prodl 0FF3  
        i2rr_priority_scheduler@prox 000D                                 start 073A  
                   pwm_set_duty@duty 015B                         ___param_bank 0000  
                              ??_ISR 0012                                ?_idle 0002  
                              ?_main 0002                                _ADRES 0FC3  
                    __end_of___awmod 2768                                _FSR0H 0FEA  
                              _FSR1H 0FE2                                _FSR0L 0FE9  
                              _FSR2H 0FDA                                _FSR1L 0FE1  
                              _FSR2L 0FD9                                i1l211 1704  
                              i1l220 1B54                                i1l224 1CF6  
                              i1l321 2DD0                                i1l322 2DE0  
                              i1l235 169C                                i1l219 1C66  
                              i1l236 169A                                i1l228 294A  
                              i1l245 1606                                i1l253 26B6  
                              i1l246 14F4                                i1l319 2DC2  
                              i1l271 2B2C                                i1l337 2A20  
                              i1l274 2ADA                                i1l460 2D1E  
                              i1l483 22D2                                i2l352 2E38  
                              i1l489 2410                                i2l460 2D98  
                              i1l933 2816                                i2l570 0674  
                              i2l483 24B0                                i2l571 0564  
                              i2l576 071E                                i2l489 25EC  
                              i2l933 28C4                                _PRODH 0FF4  
                              _PRODL 0FF3                       pipe_write@dado 0155  
                     i1___awmod@sign 0160                          i1_scheduler 2CF6  
                              btemp0 0001                                btemp1 0002  
                              tablat 0FF5                                plusw1 0FE3  
                              plusw2 0FDB                                status 0FD8  
                        i2_scheduler 2D72                      __initialization 2B76  
                       __end_of_idle 2D72                         __end_of_main 2A82  
                             ??_idle 0002                               ??_main 0188  
                      __activetblptr 0002                               _CCPR1L 0FBE  
                   __end_of_adc_read 2DE2                               u100_20 2D5C  
                             u100_21 2D56                               u100_26 2D5E  
                             i1l4300 22BA                               i1l4310 2310  
                             i1l4302 22BC                               i1l4312 2316  
                             i1l4304 22D8                               i1l4400 1038  
                             i1l4314 2336                               i1l4322 2386  
                             i1l4330 23A4                               i1l4306 22F8  
                             i1l4410 10A4                               i1l4500 2A0C  
                             i1l4260 2782                               i1l4332 23C4  
                             i1l4316 2358                               i1l4324 2388  
                             i1l4308 22FA                               i1l4340 2CF6  
                             i1l4412 10C6                               i1l4420 1342  
                             i1l4404 103E                               i1l4270 27B6  
                             i1l4262 2786                               i1l4254 2768  
                             i1l4334 23E6                               i1l4326 239E  
                             i1l4318 2380                               i1l4342 2D02  
                             i1l4430 1508                               i1l4422 1346  
                             i1l4414 1244                               i1l4406 1058  
                             i1l4350 1726                               i1l4600 2A8E  
                             i1l4280 27F0                               i1l4272 27BE  
                             i1l4264 2794                               i1l4256 276C  
                             i1l4336 240E                               i1l4440 1690  
                             i1l4432 1552                               i1l4424 1366  
                             i1l4416 131E                               i1l4408 1098  
                             i1l4360 19A6                               i1l4352 18A4  
                             i1l4344 169E                               i1l4602 2AB2  
                             i1l4274 27CC                               i1l4282 27F6  
                             i1l4266 279C                               i1l4258 277A  
                             i1l4290 2232                               i1l4434 159A  
                             i1l4426 14D2                               i1l4442 1694  
                             i1l4418 1332                               i1l4450 2612  
                             i1l4370 1BB2                               i1l4362 19C6  
                             i1l4354 197E                               i1l4346 16A0  
                             i1l4284 2806                               i1l4276 27E2  
                             i1l4268 27AE                               i1l4292 223C  
                             i1l4436 15E2                               i1l4428 14F6  
                             i1l4460 267A                               i1l4452 2618  
                             i1l4372 1BFA                               i1l4364 1B32  
                             i1l4356 1992                               i1l4348 16C4  
                             i1l4380 1CF4                               i1l4286 280E  
                             i1l4278 27EA                               i1l4294 225C  
                             i1l4438 1608                               i1l4462 268C  
                             i1l4454 2632                               i1l4446 25EE  
                             i1l4390 2948                               i1l4382 28C6  
                             i1l4374 1C42                               i1l4366 1B56  
                             i1l4358 19A2                               i2l3040 0022  
                             i1l4296 2284                               i1l4392 1002  
                             i1l4456 2650                               i1l4464 269E  
                             i1l4448 25F0                               i1l4384 28C8  
                             i1l4376 1C68                               i1l4368 1B68  
                             i1l4472 2ADC                               i2l3050 00B8  
                             i2l3042 0030                               i1l4490 29CE  
                             i1l4298 22A6                               i1l4394 1004  
                             i1l4466 26A6                               i1l4458 266E  
                             i1l4386 28FA                               i1l4378 1CF0  
                             i1l4474 2AE8                               i2l3060 0116  
                             i2l3052 00D8                               i2l3044 0032  
                             i1l4492 29D4                               i1l4396 101C  
                             i1l4468 26B4                               i1l4388 292A  
                             i1l4476 2B04                               i2l3070 03A4  
                             i2l3062 011A                               i2l3046 003C  
                             i2l3054 00DC                               i1l4494 29E6  
                             i1l4486 2DC0                               i1l4398 1026  
                             i1l4478 2B22                               i2l2520 2818  
                             i2l3080 0566                               i2l3064 013C  
                             i2l3072 03B4                               i2l3056 0104  
                             i2l3048 006A                               i1l4496 29F0  
                             i1l4488 29BA                               i2l2530 2842  
                             i2l2522 281A                               i2l3090 0676  
                             i2l3082 0578                               i2l3074 03B8  
                             i2l3066 02B8                               i2l3058 0106  
                             i1l4498 29F4                               i2l2540 287A  
                             i2l2532 284A                               i2l2524 2828  
                             i2l2700 2512                               i2l3092 06FA  
                             i2l3084 05C0                               i2l3076 03D8  
                             i2l3068 0390                               i2l2550 28B4  
                             i2l2542 2890                               i2l2534 285C  
                             i2l2526 2830                               i2l2702 2534  
                             i2l2710 2564                               i2l3086 0608  
                             i2l3078 0542                               i2l3094 06FE  
                             i1l4598 2A82                               i2l2552 28BC  
                             i2l2544 2898                               i2l2536 2864  
                             i2l2528 2834                               i2l2720 25C2  
                             i2l2712 257A                               i2l2704 255C  
                             i2l3096 070C                               i2l3088 0650  
                             i2l2546 289E                               i2l2538 286C  
                             i2l2722 25EA                               i2l3098 071A  
                             i2l2548 28A4                               i2l2708 2562  
                             i2l2716 2580                               _PCLATH 0FFA  
                             i2l2718 25A0                               i2l2680 243A  
                             i2l2690 24B6                               i2l2682 2462  
                             i2l2692 24D4                               i2l2684 2484  
                             i2l2676 2412                               i2l2694 24D6  
                             i2l2686 2498                               i2l2678 241A  
                             i2l2696 24EC                               i2l2688 249A  
                             i2l2872 2D72                               _PCLATU 0FFB  
                             i2l2698 24F2                               i2l2874 2D7C  
                             i2l2868 2E36                               _TABLAT 0FF5  
                             _STATUS 0FD8                               _STKPTR 0FFC  
                       ?_task_blink1 0002                         ?_task_blink2 0002  
                       ?_task_blink3 0002                         ?_task_blink4 0002  
                             _adc_on 2E32                            ??___awmod 017C  
      __end_of_rr_priority_scheduler 2232                               clear_0 2B90  
                             clear_1 2BA2                     pwm_config@period 0178  
                    ___awmod@divisor 017A                   os_create_task@func 0178  
                   ??_setup_hardware 0178                               isa$std 0001  
           i1rr_priority_scheduler@i 0165                      ___awmod@counter 017C  
                             _pwm_on 2E1A                     __end_of_sem_init 2CCC  
                  __end_ofi1___awmod 2818                     __end_of_sem_wait 1CF8  
                   __end_of_sem_post 294C                         __pdataCOMRAM 0023  
                  __end_ofi2___awmod 28C6                     __end_of_os_start 2052  
                       __mediumconst 1000                  _ext_int_isr_handler 2E36  
                             tblptrh 0FF7                               tblptrl 0FF6  
                             tblptru 0FF8                       i2___awmod@sign 0007  
                         __accesstop 0060              __end_of__initialization 2BAC  
                      ___rparam_used 0001             ?i2_rr_priority_scheduler 0002  
               ?_ext_int_isr_handler 0002                       _os_create_task 294C  
                     __pcstackCOMRAM 0002                           _adc_config 2D9A  
                     task_blink3@adc 0159                     os_create_task@id 0200  
                         __pbssBANK0 0060                        __uDynamicHeap 0237  
             __end_of_os_create_task 29BA                ??_ext_int_isr_handler 0002  
                            ?_adc_on 0002                              _CCP1CON 0FBD  
                          ?_adc_read 0083                              ?_pwm_on 0002  
                            _TBLPTRH 0FF7                              _TBLPTRL 0FF6  
                            _TBLPTRU 0FF8                         ?i1_scheduler 0002  
                        sem_init@sem 0178      __end_ofi2_rr_priority_scheduler 25EE  
                       ?i2_scheduler 0002                          pipe_write@p 0154  
                        sem_wait@sem 016B                      ?_os_create_task 0178  
                            __Hparam 0000                          sem_post@sem 015B  
                          ?_sem_init 0178                            ?_sem_wait 016B  
                          ?_sem_post 015B                              __Lparam 0000  
                          ?_os_start 0002                          ?_adc_config 0002  
                            ___awmod 26B8                         __psmallconst 1000  
            i1_rr_priority_scheduler 2232                              __pcinit 2B76  
                            __ramtop 1000                           ??_adc_read 0085  
                            __ptext0 2A22                              __ptext1 1CF8  
                            __ptext2 2E02                              __ptext3 2CCC  
                            __ptext4 2052                              __ptext5 26B8  
                            __ptext6 2C6A                              __ptext7 294C  
                            __ptext8 2C32                              __ptext9 2E1A  
                          _T0CONbits 0FD5                    mutex_unlock@mutex 0083  
                          _T2CONbits 0FBA                     ___awmod@dividend 0178  
                            _r_queue 0437                  os_create_task@prior 017A  
                  __end_of_scheduler 2CF6                 end_of_initialization 2BAC  
                  __end_of_pipe_init 2C32                    __end_of_pipe_read 2ADC  
                  __end_of_os_config 2C9C                        __Lmediumconst 0000  
                         _pipe_write 2ADC               os_create_task@new_task 0201  
                         ??_sem_init 017A                           ??_sem_wait 016C  
                         ??_sem_post 015C                           ??_os_start 0200  
                            postdec1 0FE5                              postdec2 0FDD  
                            postinc0 0FEE                              postinc1 0FE6  
                            postinc2 0FDE                        pipe_read@dado 0174  
                          _PORTCbits 0F82               mutex_unlock@next_owner 0086  
                         _rr_quantum 0023                           _mutex_init 2BBA  
                         _mutex_lock 1002                            _TRISAbits 0F92  
                          _TRISBbits 0F93                            _TRISCbits 0F94  
             rr_priority_scheduler@i 0182                           _pwm_config 2DE2  
                      sem_init@valor 0179                            i1___awmod 2768  
                          i2___awmod 2818                    adc_read@dados_adc 0085  
                      ?_mutex_unlock 0083                          _CCP1CONbits 0FBD  
      i1rr_priority_scheduler@i_1520 0167                        ??_config_user 017D  
          ??i1_rr_priority_scheduler 0161          rr_priority_scheduler@i_1520 0184  
                     __end_of_adc_on 2E36                        __pidataCOMRAM 2E3A  
              _rr_priority_scheduler 2052                       __end_of_pwm_on 2E22  
                      ?_pwm_set_duty 015B                  start_initialization 2B76  
                        __end_of_ISR 073A                           ?i1___awmod 015B  
                         ?i2___awmod 0002                      task_blink4@dado 0177  
                     ??_mutex_unlock 0084                          ?_pipe_write 0154  
          rr_priority_scheduler@prox 0183                             ??_adc_on 0178  
                 i1___awmod@dividend 015B                  __end_of_config_user 2C6A  
                           ??_pwm_on 0178                       ??_pwm_set_duty 015D  
                        __pbssBIGRAM 0237                          ?_mutex_init 0178  
                        ?_mutex_lock 014C                          __pbssCOMRAM 0021  
                      __pcstackBANK0 007F                        __pcstackBANK1 0100  
                      __pcstackBANK2 0200                          ?_pwm_config 0002  
              _ext_int_user_callback 0021                            _adc_mutex 0076  
                   ??_os_create_task 017B          __end_of_ext_int_isr_handler 2E3A  
                          __pintcode 0008                         ??_adc_config 0178  
                           ?___awmod 0178               ?_rr_priority_scheduler 0002  
                         pipe_init@p 017C                           pipe_read@p 0173  
                        __smallconst 1000          i1rr_priority_scheduler@prox 0166  
                        ??i1___awmod 0087                          ??i2___awmod 0006  
                 __end_of_adc_config 2DC0                        ??_task_blink1 0083  
                      ??_task_blink2 0083                        ??_task_blink3 0157  
                      ??_task_blink4 0087                            _scheduler 2CCC  
                           _LATCbits 0F8B                            _pipe_init 2BF8  
                          _pipe_read 2A82                            _os_config 2C6A  
                           i1u421_20 277A                             i1u421_21 2776  
                           i1u422_20 2794                             i1u430_20 22D2  
                           i1u422_21 2790                             i1u430_21 22CE  
                           i1u423_20 27AE                             i1u431_20 2310  
                           i1u423_21 27AA                             i1u431_21 230C  
                           i1u424_20 27CC                             i1u432_20 2336  
                           i1u440_20 1726                             i1u424_21 27C8  
                           i1u432_21 2332                             i1u440_21 1722  
                           i1u425_20 27E2                             i1u433_20 2358  
                           i1u441_20 19A2                             i1u425_21 27DE  
                           i1u433_21 2354                             i1u441_21 199E  
                           i1u426_20 2806                             i1u434_20 2380  
                           i1u450_20 1342                             i1u442_20 19C6  
                           i1u426_21 2802                             i1u434_21 237C  
                           i1u450_21 133E                             i1u442_21 19C2  
                           i1u435_20 239E                             i1u427_20 225C  
                           i1u451_20 1366                             i1u443_20 1B54  
                           i1u435_21 239A                             i1u427_21 2258  
                           i1u451_21 1362                             i1u443_21 1B50  
                           i1u436_20 23C4                             i1u428_20 2284  
                           i1u452_20 14F4                             i1u444_20 1C62  
                           i1u436_21 23C0                             i1u428_21 2280  
                           i1u452_21 14F0                             i1u444_21 1C5E  
                           i1u437_20 23E6                             i1u429_20 22A6  
                           i1u453_20 1602                             i1u445_20 1CE4  
                           i1u437_21 23E2                             i1u429_21 22A2  
                           i1u453_21 15FE                             i1u445_25 1CDC  
                           i1u438_20 240E                             i1u454_20 1684  
                           i1u446_20 28FA                             i1u438_21 240A  
                           i1u446_21 28F6                             i1u454_25 167C  
                           i1u447_20 101C                             i1u455_20 2612  
                           i1u439_20 16C4                             i1u447_21 1018  
                           i1u455_21 260E                             i1u439_21 16C0  
                           i1u448_20 1058                             i1u456_20 2632  
                           i1u448_21 1054                             i1u456_21 262E  
                           i1u457_20 2DD0                             i1u449_20 10C6  
                           i1u457_21 2DCC                             i1u449_21 10C2  
                           i1u458_20 29CE                             i1u458_21 29CA  
                           i2u250_40 0564                             i2u242_40 0030  
                           i2u250_41 0560                             i2u242_41 002C  
                           i1u459_20 29E6                             i1u459_21 29E2  
                           i2u251_40 0670                             i2u243_40 006A  
                           i2u251_41 066C                             i2u243_41 0066  
                           i2u172_40 2828                             i2u252_40 06F0  
                           i2u244_40 00B8                             i2u172_41 2824  
                           i2u244_41 00B4                             i2u252_45 06E8  
                           i2u173_40 2842                             i2u253_40 070C  
                           i2u245_40 0104                             i2u173_41 283E  
                           i2u253_41 0708                             i2u245_41 0100  
                           i2u174_40 285C                             i2u190_40 24B0  
                           i2u254_40 071A                             i2u246_40 0116  
                           i2u174_41 2858                             i2u190_41 24AC  
                           i2u254_41 0716                             i2u246_41 0112  
                           i2u175_40 287A                             i2u191_40 24EC  
                           i2u247_40 013C                             i2u175_41 2876  
                           i2u191_41 24E8                             i2u247_41 0138  
                           i2u176_40 2890                             i2u192_40 2512  
                           i2u248_40 03B4                             i2u176_41 288C  
                           i2u192_41 250E                             i2u248_41 03B0  
                           i2u177_40 28B4                             i2u193_40 2534  
                           i2u249_40 03D8                             i2u177_41 28B0  
                           i2u193_41 2530                             i2u249_41 03D4  
                           i2u194_40 255C                             i2u194_41 2558  
                           i2u195_40 257A                             i2u187_40 243A  
                           i2u195_41 2576                             i2u187_41 2436  
                           i2u196_40 25A0                             i2u188_40 2462  
                           i2u196_41 259C                             i2u188_41 245E  
                           i2u197_40 25C2                             i2u189_40 2484  
                           i2u197_41 25BE                             i2u189_41 2480  
                           i2u198_40 25EA                             i2u198_41 25E6  
                        _config_user 2C32                      mutex_init@mutex 0178  
            i2_rr_priority_scheduler 2412                      mutex_lock@mutex 014C  
               __end_of_mutex_unlock 26B8                           _ADCON0bits 0FC2  
                         _ADCON1bits 0FC1                           _ADCON2bits 0FC0  
                        _INTCON2bits 0FF1                   i2___awmod@dividend 0002  
                         ?_scheduler 0002                           ?_pipe_init 017C  
                         ?_pipe_read 0173                 __end_of_pwm_set_duty 2A22  
                         ?_os_config 0002                             __Hrparam 0000  
                           __Lrparam 0000                  __end_of_task_blink1 2E2A  
                __end_of_task_blink2 2E32                  __end_of_task_blink3 2B76  
                __end_of_task_blink4 2D4A                    i1___awmod@divisor 015D  
                  i1___awmod@counter 015F                             _adc_read 2DC0  
                           _adc_pipe 0060                           _ANSELAbits 0F38  
                         _ANSELBbits 0F39  i2rr_priority_scheduler@max_priority 000B  
  rr_priority_scheduler@max_priority 0181  i1rr_priority_scheduler@max_priority 0164  
                           __ptext10 2DE2                             __ptext11 2BF8  
                           __ptext20 2ADC                             __ptext12 2C9C  
                           __ptext21 169E                             __ptext13 2BBA  
                           __ptext30 29BA                             __ptext22 28C6  
                           __ptext14 2E32                             __ptext31 2A82  
                           __ptext23 25EE                             __ptext15 2D9A  
                           __ptext24 1002                             __ptext16 2D4A  
                           __ptext33 2D72                             __ptext25 2CF6  
                           __ptext17 2E22                             __ptext34 2412  
                           __ptext26 2232                             __ptext18 2E2A  
                           __ptext35 2818                             __ptext27 2768  
                           __ptext19 2B2E                             __ptext36 2E36  
                           __ptext28 2DC0                             __ptext29 2D20  
                     _setup_hardware 2E02                         ??_pipe_write 0156  
                           _sem_init 2C9C                             _sem_wait 169E  
                           _sem_post 28C6                             _os_start 1CF8  
                           isa$xinst 0000            ??i2_rr_priority_scheduler 0008  
                           int$flags 0001    i2rr_priority_scheduler@tentativas 000A  
    rr_priority_scheduler@tentativas 0180    i1rr_priority_scheduler@tentativas 0163  
           i2rr_priority_scheduler@i 000C                    i2___awmod@divisor 0004  
                  i2___awmod@counter 0006                         ??_mutex_init 0179  
                       ??_mutex_lock 014D                           _INTCONbits 0FF2  
                 __end_of_pipe_write 2B2E               __end_of_setup_hardware 2E1A  
                       ??_pwm_config 0178                        ??i1_scheduler 0168  
                           intlevel1 0000                             intlevel2 0000  
                      ??i2_scheduler 000F                          ??_scheduler 0185  
                        _task_blink1 2E22                          _task_blink2 2E2A  
                        _task_blink3 2B2E                          _task_blink4 2D20  
           ?i1_rr_priority_scheduler 0002                          ??_pipe_init 017D  
                        ??_pipe_read 0176                          ??_os_config 017D  
                 __end_of_mutex_init 2BF8                   __end_of_mutex_lock 169E  
            ??_rr_priority_scheduler 017E                   __end_of_pwm_config 2E02  
                    ?_setup_hardware 0002        i2rr_priority_scheduler@i_1520 000E  
                __end_ofi1_scheduler 2D20                         _mutex_unlock 25EE  
                       ?_config_user 0002  
