

Microchip MPLAB XC8 Assembler V3.10 build 20250813170317 
                                                                                               Sun Apr  5 21:47:58 2026

Microchip MPLAB XC8 C Compiler v3.10 (Free license) build 20250813170317 Og1 
     1                           	processor	18F46K22
     2                           	fnconf	rparam,??,?,0
     3                           	pagewidth 120
     4                           	opt	flic
     5                           	psect	idataCOMRAM,global,class=CODE,space=0,delta=1,noexec
     6                           	psect	cinit,global,reloc=2,class=CODE,space=0,delta=1
     7                           	psect	dataCOMRAM,global,class=COMRAM,space=1,delta=1,lowdata,noexec
     8                           	psect	bssBIGRAM,global,class=BIGRAM,space=1,delta=1,noexec
     9                           	psect	cstackBANK0,global,class=BANK0,space=1,delta=1,lowdata,noexec
    10                           	psect	cstackCOMRAM,global,class=COMRAM,space=1,delta=1,lowdata,noexec
    11                           	psect	text0,global,reloc=2,class=CODE,space=0,delta=1
    12                           	psect	text1,global,reloc=2,class=CODE,space=0,delta=1
    13                           	psect	text2,global,reloc=2,class=CODE,space=0,delta=1
    14                           	psect	text3,global,reloc=2,class=CODE,space=0,delta=1
    15                           	psect	text4,global,reloc=2,class=CODE,space=0,delta=1
    16                           	psect	text5,global,reloc=2,class=CODE,space=0,delta=1
    17                           	psect	text6,global,reloc=2,class=CODE,space=0,delta=1
    18                           	psect	text7,global,reloc=2,class=CODE,space=0,delta=1
    19                           	psect	text8,global,reloc=2,class=CODE,space=0,delta=1
    20                           	psect	text9,global,reloc=2,class=CODE,space=0,delta=1
    21                           	psect	text10,global,reloc=2,class=CODE,space=0,delta=1
    22                           	psect	text11,global,reloc=2,class=CODE,space=0,delta=1
    23                           	psect	text12,global,reloc=2,class=CODE,space=0,delta=1,group=1
    24                           	psect	text13,global,reloc=2,class=CODE,space=0,delta=1
    25                           	psect	intcode,global,reloc=2,class=CODE,space=0,delta=1
    26                           	psect	text15,global,reloc=2,class=CODE,space=0,delta=1
    27                           	psect	text16,global,reloc=2,class=CODE,space=0,delta=1
    28                           	psect	text17,global,reloc=2,class=CODE,space=0,delta=1
    29                           	psect	smallconst,global,reloc=2,class=SMALLCONST,space=0,delta=1,noexec
    30                           	psect	intsave_regs,global,class=BIGRAM,space=1,delta=1,noexec
    31                           	psect	rparam,global,class=COMRAM,space=1,delta=1,noexec
    32                           	dabs	1,0x1,1
    33   000000                     
    34                           ; Generated 24/03/2025 GMT
    35                           ; 
    36                           ; Copyright © 2025, Microchip Technology Inc. and its subsidiaries ("Microchip")
    37                           ; All rights reserved.
    38                           ; 
    39                           ; This software is developed by Microchip Technology Inc. and its subsidiaries ("Microch
      +                          ip").
    40                           ; 
    41                           ; Redistribution and use in source and binary forms, with or without modification, are
    42                           ; permitted provided that the following conditions are met:
    43                           ; 
    44                           ;     1. Redistributions of source code must retain the above copyright notice, this lis
      +                          t of
    45                           ;        conditions and the following disclaimer.
    46                           ; 
    47                           ;     2. Redistributions in binary form must reproduce the above copyright notice, this 
      +                          list
    48                           ;        of conditions and the following disclaimer in the documentation and/or other
    49                           ;        materials provided with the distribution. Publication is not required when
    50                           ;        this file is used in an embedded application.
    51                           ; 
    52                           ;     3. Microchip's name may not be used to endorse or promote products derived from th
      +                          is
    53                           ;        software without specific prior written permission.
    54                           ; 
    55                           ; THIS SOFTWARE IS PROVIDED BY MICROCHIP "AS IS" AND ANY EXPRESS OR IMPLIED WARRANTIES,
    56                           ; INCLUDING, BUT NOT LIMITED TO, THE IMPLIED WARRANTIES OF MERCHANTABILITY AND FITNESS F
      +                          OR
    57                           ; PURPOSE ARE DISCLAIMED.  IN NO EVENT SHALL MICROCHIP BE LIABLE FOR ANY DIRECT, INDIREC
      +                          T,
    58                           ; INCIDENTAL, SPECIAL, EXEMPLARY, OR CONSEQUENTIAL DAMAGES (INCLUDING BUT NOT LIMITED TO
    59                           ; PROCUREMENT OF SUBSTITUTE GOODS OR SERVICES; LOSS OF USE, DATA OR PROFITS; OR BUSINESS
    60                           ; INTERRUPTION) HOWSOEVER CAUSED AND ON ANY THEORY OF LIABILITY, WHETHER IN CONTRACT, ST
      +                          RICT
    61                           ; LIABILITY, OR TORT (INCLUDING NEGLIGENCE OR OTHERWISE) ARISING IN ANY WAY OUT OF THE U
      +                          SE OF
    62                           ; THIS SOFTWARE, EVEN IF ADVISED OF THE POSSIBILITY OF SUCH DAMAGE.
    63                           ; 
    64                           ; 
    65                           ; Code-generator required, PIC18F46K22 Definitions
    66                           ; 
    67                           ; SFR Addresses
    68   000FE0                     bsr             equ	4064
    69   000FE9                     fsr0            equ	4073
    70   000FEA                     fsr0h           equ	4074
    71   000FE9                     fsr0l           equ	4073
    72   000FE1                     fsr1            equ	4065
    73   000FE2                     fsr1h           equ	4066
    74   000FE1                     fsr1l           equ	4065
    75   000FD9                     fsr2            equ	4057
    76   000FDA                     fsr2h           equ	4058
    77   000FD9                     fsr2l           equ	4057
    78   000FEF                     indf0           equ	4079
    79   000FE7                     indf1           equ	4071
    80   000FDF                     indf2           equ	4063
    81   000FF2                     intcon          equ	4082
    82   000000                     nvmcon          equ	0
    83   000FF9                     pcl             equ	4089
    84   000FFA                     pclath          equ	4090
    85   000FFB                     pclatu          equ	4091
    86   000FEB                     plusw0          equ	4075
    87   000FE3                     plusw1          equ	4067
    88   000FDB                     plusw2          equ	4059
    89   000FED                     postdec0        equ	4077
    90   000FE5                     postdec1        equ	4069
    91   000FDD                     postdec2        equ	4061
    92   000FEE                     postinc0        equ	4078
    93   000FE6                     postinc1        equ	4070
    94   000FDE                     postinc2        equ	4062
    95   000FEC                     preinc0         equ	4076
    96   000FE4                     preinc1         equ	4068
    97   000FDC                     preinc2         equ	4060
    98   000FF3                     prod            equ	4083
    99   000FF4                     prodh           equ	4084
   100   000FF3                     prodl           equ	4083
   101   000FD8                     status          equ	4056
   102   000FF5                     tablat          equ	4085
   103   000FF6                     tblptr          equ	4086
   104   000FF7                     tblptrh         equ	4087
   105   000FF6                     tblptrl         equ	4086
   106   000FF8                     tblptru         equ	4088
   107   000FFD                     tosl            equ	4093
   108   000FE8                     wreg            equ	4072
   109   000F38                     ANSELA          equ	3896	;# 
   110   000F39                     ANSELB          equ	3897	;# 
   111   000F3A                     ANSELC          equ	3898	;# 
   112   000F3B                     ANSELD          equ	3899	;# 
   113   000F3C                     ANSELE          equ	3900	;# 
   114   000F3D                     PMD2            equ	3901	;# 
   115   000F3E                     PMD1            equ	3902	;# 
   116   000F3F                     PMD0            equ	3903	;# 
   117   000F40                     VREFCON2        equ	3904	;# 
   118   000F40                     DACCON1         equ	3904	;# 
   119   000F41                     VREFCON1        equ	3905	;# 
   120   000F41                     DACCON0         equ	3905	;# 
   121   000F42                     VREFCON0        equ	3906	;# 
   122   000F42                     FVRCON          equ	3906	;# 
   123   000F43                     CTMUICON        equ	3907	;# 
   124   000F43                     CTMUICONH       equ	3907	;# 
   125   000F44                     CTMUCONL        equ	3908	;# 
   126   000F44                     CTMUCON1        equ	3908	;# 
   127   000F45                     CTMUCONH        equ	3909	;# 
   128   000F45                     CTMUCON0        equ	3909	;# 
   129   000F46                     SRCON1          equ	3910	;# 
   130   000F47                     SRCON0          equ	3911	;# 
   131   000F48                     CCPTMRS1        equ	3912	;# 
   132   000F49                     CCPTMRS0        equ	3913	;# 
   133   000F4A                     T6CON           equ	3914	;# 
   134   000F4B                     PR6             equ	3915	;# 
   135   000F4C                     TMR6            equ	3916	;# 
   136   000F4D                     T5GCON          equ	3917	;# 
   137   000F4E                     T5CON           equ	3918	;# 
   138   000F4F                     TMR5            equ	3919	;# 
   139   000F4F                     TMR5L           equ	3919	;# 
   140   000F50                     TMR5H           equ	3920	;# 
   141   000F51                     T4CON           equ	3921	;# 
   142   000F52                     PR4             equ	3922	;# 
   143   000F53                     TMR4            equ	3923	;# 
   144   000F54                     CCP5CON         equ	3924	;# 
   145   000F55                     CCPR5           equ	3925	;# 
   146   000F55                     CCPR5L          equ	3925	;# 
   147   000F56                     CCPR5H          equ	3926	;# 
   148   000F57                     CCP4CON         equ	3927	;# 
   149   000F58                     CCPR4           equ	3928	;# 
   150   000F58                     CCPR4L          equ	3928	;# 
   151   000F59                     CCPR4H          equ	3929	;# 
   152   000F5A                     PSTR3CON        equ	3930	;# 
   153   000F5B                     ECCP3AS         equ	3931	;# 
   154   000F5B                     CCP3AS          equ	3931	;# 
   155   000F5C                     PWM3CON         equ	3932	;# 
   156   000F5D                     CCP3CON         equ	3933	;# 
   157   000F5E                     CCPR3           equ	3934	;# 
   158   000F5E                     CCPR3L          equ	3934	;# 
   159   000F5F                     CCPR3H          equ	3935	;# 
   160   000F60                     SLRCON          equ	3936	;# 
   161   000F61                     WPUB            equ	3937	;# 
   162   000F62                     IOCB            equ	3938	;# 
   163   000F63                     PSTR2CON        equ	3939	;# 
   164   000F64                     ECCP2AS         equ	3940	;# 
   165   000F64                     CCP2AS          equ	3940	;# 
   166   000F65                     PWM2CON         equ	3941	;# 
   167   000F66                     CCP2CON         equ	3942	;# 
   168   000F67                     CCPR2           equ	3943	;# 
   169   000F67                     CCPR2L          equ	3943	;# 
   170   000F68                     CCPR2H          equ	3944	;# 
   171   000F69                     SSP2CON3        equ	3945	;# 
   172   000F6A                     SSP2MSK         equ	3946	;# 
   173   000F6B                     SSP2CON2        equ	3947	;# 
   174   000F6C                     SSP2CON1        equ	3948	;# 
   175   000F6D                     SSP2STAT        equ	3949	;# 
   176   000F6E                     SSP2ADD         equ	3950	;# 
   177   000F6F                     SSP2BUF         equ	3951	;# 
   178   000F70                     BAUDCON2        equ	3952	;# 
   179   000F70                     BAUD2CON        equ	3952	;# 
   180   000F71                     RCSTA2          equ	3953	;# 
   181   000F71                     RC2STA          equ	3953	;# 
   182   000F72                     TXSTA2          equ	3954	;# 
   183   000F72                     TX2STA          equ	3954	;# 
   184   000F73                     TXREG2          equ	3955	;# 
   185   000F73                     TX2REG          equ	3955	;# 
   186   000F74                     RCREG2          equ	3956	;# 
   187   000F74                     RC2REG          equ	3956	;# 
   188   000F75                     SPBRG2          equ	3957	;# 
   189   000F75                     SP2BRG          equ	3957	;# 
   190   000F76                     SPBRGH2         equ	3958	;# 
   191   000F76                     SP2BRGH         equ	3958	;# 
   192   000F77                     CM2CON1         equ	3959	;# 
   193   000F77                     CM12CON         equ	3959	;# 
   194   000F78                     CM2CON0         equ	3960	;# 
   195   000F78                     CM2CON          equ	3960	;# 
   196   000F79                     CM1CON0         equ	3961	;# 
   197   000F79                     CM1CON          equ	3961	;# 
   198   000F7A                     PIE4            equ	3962	;# 
   199   000F7B                     PIR4            equ	3963	;# 
   200   000F7C                     IPR4            equ	3964	;# 
   201   000F7D                     PIE5            equ	3965	;# 
   202   000F7E                     PIR5            equ	3966	;# 
   203   000F7F                     IPR5            equ	3967	;# 
   204   000F80                     PORTA           equ	3968	;# 
   205   000F81                     PORTB           equ	3969	;# 
   206   000F82                     PORTC           equ	3970	;# 
   207   000F83                     PORTD           equ	3971	;# 
   208   000F84                     PORTE           equ	3972	;# 
   209   000F89                     LATA            equ	3977	;# 
   210   000F8A                     LATB            equ	3978	;# 
   211   000F8B                     LATC            equ	3979	;# 
   212   000F8C                     LATD            equ	3980	;# 
   213   000F8D                     LATE            equ	3981	;# 
   214   000F92                     TRISA           equ	3986	;# 
   215   000F92                     DDRA            equ	3986	;# 
   216   000F93                     TRISB           equ	3987	;# 
   217   000F93                     DDRB            equ	3987	;# 
   218   000F94                     TRISC           equ	3988	;# 
   219   000F94                     DDRC            equ	3988	;# 
   220   000F95                     TRISD           equ	3989	;# 
   221   000F95                     DDRD            equ	3989	;# 
   222   000F96                     TRISE           equ	3990	;# 
   223   000F96                     DDRE            equ	3990	;# 
   224   000F9B                     OSCTUNE         equ	3995	;# 
   225   000F9C                     HLVDCON         equ	3996	;# 
   226   000F9C                     LVDCON          equ	3996	;# 
   227   000F9D                     PIE1            equ	3997	;# 
   228   000F9E                     PIR1            equ	3998	;# 
   229   000F9F                     IPR1            equ	3999	;# 
   230   000FA0                     PIE2            equ	4000	;# 
   231   000FA1                     PIR2            equ	4001	;# 
   232   000FA2                     IPR2            equ	4002	;# 
   233   000FA3                     PIE3            equ	4003	;# 
   234   000FA4                     PIR3            equ	4004	;# 
   235   000FA5                     IPR3            equ	4005	;# 
   236   000FA6                     EECON1          equ	4006	;# 
   237   000FA7                     EECON2          equ	4007	;# 
   238   000FA8                     EEDATA          equ	4008	;# 
   239   000FA9                     EEADR           equ	4009	;# 
   240   000FAA                     EEADRH          equ	4010	;# 
   241   000FAB                     RCSTA1          equ	4011	;# 
   242   000FAB                     RCSTA           equ	4011	;# 
   243   000FAB                     RC1STA          equ	4011	;# 
   244   000FAC                     TXSTA1          equ	4012	;# 
   245   000FAC                     TXSTA           equ	4012	;# 
   246   000FAC                     TX1STA          equ	4012	;# 
   247   000FAD                     TXREG1          equ	4013	;# 
   248   000FAD                     TXREG           equ	4013	;# 
   249   000FAD                     TX1REG          equ	4013	;# 
   250   000FAE                     RCREG1          equ	4014	;# 
   251   000FAE                     RCREG           equ	4014	;# 
   252   000FAE                     RC1REG          equ	4014	;# 
   253   000FAF                     SPBRG1          equ	4015	;# 
   254   000FAF                     SPBRG           equ	4015	;# 
   255   000FAF                     SP1BRG          equ	4015	;# 
   256   000FB0                     SPBRGH1         equ	4016	;# 
   257   000FB0                     SPBRGH          equ	4016	;# 
   258   000FB0                     SP1BRGH         equ	4016	;# 
   259   000FB1                     T3CON           equ	4017	;# 
   260   000FB2                     TMR3            equ	4018	;# 
   261   000FB2                     TMR3L           equ	4018	;# 
   262   000FB3                     TMR3H           equ	4019	;# 
   263   000FB4                     T3GCON          equ	4020	;# 
   264   000FB6                     ECCP1AS         equ	4022	;# 
   265   000FB6                     ECCPAS          equ	4022	;# 
   266   000FB7                     PWM1CON         equ	4023	;# 
   267   000FB7                     PWMCON          equ	4023	;# 
   268   000FB8                     BAUDCON1        equ	4024	;# 
   269   000FB8                     BAUDCON         equ	4024	;# 
   270   000FB8                     BAUDCTL         equ	4024	;# 
   271   000FB8                     BAUD1CON        equ	4024	;# 
   272   000FB9                     PSTR1CON        equ	4025	;# 
   273   000FB9                     PSTRCON         equ	4025	;# 
   274   000FBA                     T2CON           equ	4026	;# 
   275   000FBB                     PR2             equ	4027	;# 
   276   000FBC                     TMR2            equ	4028	;# 
   277   000FBD                     CCP1CON         equ	4029	;# 
   278   000FBE                     CCPR1           equ	4030	;# 
   279   000FBE                     CCPR1L          equ	4030	;# 
   280   000FBF                     CCPR1H          equ	4031	;# 
   281   000FC0                     ADCON2          equ	4032	;# 
   282   000FC1                     ADCON1          equ	4033	;# 
   283   000FC2                     ADCON0          equ	4034	;# 
   284   000FC3                     ADRES           equ	4035	;# 
   285   000FC3                     ADRESL          equ	4035	;# 
   286   000FC4                     ADRESH          equ	4036	;# 
   287   000FC5                     SSP1CON2        equ	4037	;# 
   288   000FC5                     SSPCON2         equ	4037	;# 
   289   000FC6                     SSP1CON1        equ	4038	;# 
   290   000FC6                     SSPCON1         equ	4038	;# 
   291   000FC7                     SSP1STAT        equ	4039	;# 
   292   000FC7                     SSPSTAT         equ	4039	;# 
   293   000FC8                     SSP1ADD         equ	4040	;# 
   294   000FC8                     SSPADD          equ	4040	;# 
   295   000FC9                     SSP1BUF         equ	4041	;# 
   296   000FC9                     SSPBUF          equ	4041	;# 
   297   000FCA                     SSP1MSK         equ	4042	;# 
   298   000FCA                     SSPMSK          equ	4042	;# 
   299   000FCB                     SSP1CON3        equ	4043	;# 
   300   000FCB                     SSPCON3         equ	4043	;# 
   301   000FCC                     T1GCON          equ	4044	;# 
   302   000FCD                     T1CON           equ	4045	;# 
   303   000FCE                     TMR1            equ	4046	;# 
   304   000FCE                     TMR1L           equ	4046	;# 
   305   000FCF                     TMR1H           equ	4047	;# 
   306   000FD0                     RCON            equ	4048	;# 
   307   000FD1                     WDTCON          equ	4049	;# 
   308   000FD2                     OSCCON2         equ	4050	;# 
   309   000FD3                     OSCCON          equ	4051	;# 
   310   000FD5                     T0CON           equ	4053	;# 
   311   000FD6                     TMR0            equ	4054	;# 
   312   000FD6                     TMR0L           equ	4054	;# 
   313   000FD7                     TMR0H           equ	4055	;# 
   314   000FD8                     STATUS          equ	4056	;# 
   315   000FD9                     FSR2            equ	4057	;# 
   316   000FD9                     FSR2L           equ	4057	;# 
   317   000FDA                     FSR2H           equ	4058	;# 
   318   000FDB                     PLUSW2          equ	4059	;# 
   319   000FDC                     PREINC2         equ	4060	;# 
   320   000FDD                     POSTDEC2        equ	4061	;# 
   321   000FDE                     POSTINC2        equ	4062	;# 
   322   000FDF                     INDF2           equ	4063	;# 
   323   000FE0                     BSR             equ	4064	;# 
   324   000FE1                     FSR1            equ	4065	;# 
   325   000FE1                     FSR1L           equ	4065	;# 
   326   000FE2                     FSR1H           equ	4066	;# 
   327   000FE3                     PLUSW1          equ	4067	;# 
   328   000FE4                     PREINC1         equ	4068	;# 
   329   000FE5                     POSTDEC1        equ	4069	;# 
   330   000FE6                     POSTINC1        equ	4070	;# 
   331   000FE7                     INDF1           equ	4071	;# 
   332   000FE8                     WREG            equ	4072	;# 
   333   000FE9                     FSR0            equ	4073	;# 
   334   000FE9                     FSR0L           equ	4073	;# 
   335   000FEA                     FSR0H           equ	4074	;# 
   336   000FEB                     PLUSW0          equ	4075	;# 
   337   000FEC                     PREINC0         equ	4076	;# 
   338   000FED                     POSTDEC0        equ	4077	;# 
   339   000FEE                     POSTINC0        equ	4078	;# 
   340   000FEF                     INDF0           equ	4079	;# 
   341   000FF0                     INTCON3         equ	4080	;# 
   342   000FF1                     INTCON2         equ	4081	;# 
   343   000FF2                     INTCON          equ	4082	;# 
   344   000FF3                     PROD            equ	4083	;# 
   345   000FF3                     PRODL           equ	4083	;# 
   346   000FF4                     PRODH           equ	4084	;# 
   347   000FF5                     TABLAT          equ	4085	;# 
   348   000FF6                     TBLPTR          equ	4086	;# 
   349   000FF6                     TBLPTRL         equ	4086	;# 
   350   000FF7                     TBLPTRH         equ	4087	;# 
   351   000FF8                     TBLPTRU         equ	4088	;# 
   352   000FF9                     PCLAT           equ	4089	;# 
   353   000FF9                     PC              equ	4089	;# 
   354   000FF9                     PCL             equ	4089	;# 
   355   000FFA                     PCLATH          equ	4090	;# 
   356   000FFB                     PCLATU          equ	4091	;# 
   357   000FFC                     STKPTR          equ	4092	;# 
   358   000FFD                     TOS             equ	4093	;# 
   359   000FFD                     TOSL            equ	4093	;# 
   360   000FFE                     TOSH            equ	4094	;# 
   361   000FFF                     TOSU            equ	4095	;# 
   362   000F38                     ANSELA          equ	3896	;# 
   363   000F39                     ANSELB          equ	3897	;# 
   364   000F3A                     ANSELC          equ	3898	;# 
   365   000F3B                     ANSELD          equ	3899	;# 
   366   000F3C                     ANSELE          equ	3900	;# 
   367   000F3D                     PMD2            equ	3901	;# 
   368   000F3E                     PMD1            equ	3902	;# 
   369   000F3F                     PMD0            equ	3903	;# 
   370   000F40                     VREFCON2        equ	3904	;# 
   371   000F40                     DACCON1         equ	3904	;# 
   372   000F41                     VREFCON1        equ	3905	;# 
   373   000F41                     DACCON0         equ	3905	;# 
   374   000F42                     VREFCON0        equ	3906	;# 
   375   000F42                     FVRCON          equ	3906	;# 
   376   000F43                     CTMUICON        equ	3907	;# 
   377   000F43                     CTMUICONH       equ	3907	;# 
   378   000F44                     CTMUCONL        equ	3908	;# 
   379   000F44                     CTMUCON1        equ	3908	;# 
   380   000F45                     CTMUCONH        equ	3909	;# 
   381   000F45                     CTMUCON0        equ	3909	;# 
   382   000F46                     SRCON1          equ	3910	;# 
   383   000F47                     SRCON0          equ	3911	;# 
   384   000F48                     CCPTMRS1        equ	3912	;# 
   385   000F49                     CCPTMRS0        equ	3913	;# 
   386   000F4A                     T6CON           equ	3914	;# 
   387   000F4B                     PR6             equ	3915	;# 
   388   000F4C                     TMR6            equ	3916	;# 
   389   000F4D                     T5GCON          equ	3917	;# 
   390   000F4E                     T5CON           equ	3918	;# 
   391   000F4F                     TMR5            equ	3919	;# 
   392   000F4F                     TMR5L           equ	3919	;# 
   393   000F50                     TMR5H           equ	3920	;# 
   394   000F51                     T4CON           equ	3921	;# 
   395   000F52                     PR4             equ	3922	;# 
   396   000F53                     TMR4            equ	3923	;# 
   397   000F54                     CCP5CON         equ	3924	;# 
   398   000F55                     CCPR5           equ	3925	;# 
   399   000F55                     CCPR5L          equ	3925	;# 
   400   000F56                     CCPR5H          equ	3926	;# 
   401   000F57                     CCP4CON         equ	3927	;# 
   402   000F58                     CCPR4           equ	3928	;# 
   403   000F58                     CCPR4L          equ	3928	;# 
   404   000F59                     CCPR4H          equ	3929	;# 
   405   000F5A                     PSTR3CON        equ	3930	;# 
   406   000F5B                     ECCP3AS         equ	3931	;# 
   407   000F5B                     CCP3AS          equ	3931	;# 
   408   000F5C                     PWM3CON         equ	3932	;# 
   409   000F5D                     CCP3CON         equ	3933	;# 
   410   000F5E                     CCPR3           equ	3934	;# 
   411   000F5E                     CCPR3L          equ	3934	;# 
   412   000F5F                     CCPR3H          equ	3935	;# 
   413   000F60                     SLRCON          equ	3936	;# 
   414   000F61                     WPUB            equ	3937	;# 
   415   000F62                     IOCB            equ	3938	;# 
   416   000F63                     PSTR2CON        equ	3939	;# 
   417   000F64                     ECCP2AS         equ	3940	;# 
   418   000F64                     CCP2AS          equ	3940	;# 
   419   000F65                     PWM2CON         equ	3941	;# 
   420   000F66                     CCP2CON         equ	3942	;# 
   421   000F67                     CCPR2           equ	3943	;# 
   422   000F67                     CCPR2L          equ	3943	;# 
   423   000F68                     CCPR2H          equ	3944	;# 
   424   000F69                     SSP2CON3        equ	3945	;# 
   425   000F6A                     SSP2MSK         equ	3946	;# 
   426   000F6B                     SSP2CON2        equ	3947	;# 
   427   000F6C                     SSP2CON1        equ	3948	;# 
   428   000F6D                     SSP2STAT        equ	3949	;# 
   429   000F6E                     SSP2ADD         equ	3950	;# 
   430   000F6F                     SSP2BUF         equ	3951	;# 
   431   000F70                     BAUDCON2        equ	3952	;# 
   432   000F70                     BAUD2CON        equ	3952	;# 
   433   000F71                     RCSTA2          equ	3953	;# 
   434   000F71                     RC2STA          equ	3953	;# 
   435   000F72                     TXSTA2          equ	3954	;# 
   436   000F72                     TX2STA          equ	3954	;# 
   437   000F73                     TXREG2          equ	3955	;# 
   438   000F73                     TX2REG          equ	3955	;# 
   439   000F74                     RCREG2          equ	3956	;# 
   440   000F74                     RC2REG          equ	3956	;# 
   441   000F75                     SPBRG2          equ	3957	;# 
   442   000F75                     SP2BRG          equ	3957	;# 
   443   000F76                     SPBRGH2         equ	3958	;# 
   444   000F76                     SP2BRGH         equ	3958	;# 
   445   000F77                     CM2CON1         equ	3959	;# 
   446   000F77                     CM12CON         equ	3959	;# 
   447   000F78                     CM2CON0         equ	3960	;# 
   448   000F78                     CM2CON          equ	3960	;# 
   449   000F79                     CM1CON0         equ	3961	;# 
   450   000F79                     CM1CON          equ	3961	;# 
   451   000F7A                     PIE4            equ	3962	;# 
   452   000F7B                     PIR4            equ	3963	;# 
   453   000F7C                     IPR4            equ	3964	;# 
   454   000F7D                     PIE5            equ	3965	;# 
   455   000F7E                     PIR5            equ	3966	;# 
   456   000F7F                     IPR5            equ	3967	;# 
   457   000F80                     PORTA           equ	3968	;# 
   458   000F81                     PORTB           equ	3969	;# 
   459   000F82                     PORTC           equ	3970	;# 
   460   000F83                     PORTD           equ	3971	;# 
   461   000F84                     PORTE           equ	3972	;# 
   462   000F89                     LATA            equ	3977	;# 
   463   000F8A                     LATB            equ	3978	;# 
   464   000F8B                     LATC            equ	3979	;# 
   465   000F8C                     LATD            equ	3980	;# 
   466   000F8D                     LATE            equ	3981	;# 
   467   000F92                     TRISA           equ	3986	;# 
   468   000F92                     DDRA            equ	3986	;# 
   469   000F93                     TRISB           equ	3987	;# 
   470   000F93                     DDRB            equ	3987	;# 
   471   000F94                     TRISC           equ	3988	;# 
   472   000F94                     DDRC            equ	3988	;# 
   473   000F95                     TRISD           equ	3989	;# 
   474   000F95                     DDRD            equ	3989	;# 
   475   000F96                     TRISE           equ	3990	;# 
   476   000F96                     DDRE            equ	3990	;# 
   477   000F9B                     OSCTUNE         equ	3995	;# 
   478   000F9C                     HLVDCON         equ	3996	;# 
   479   000F9C                     LVDCON          equ	3996	;# 
   480   000F9D                     PIE1            equ	3997	;# 
   481   000F9E                     PIR1            equ	3998	;# 
   482   000F9F                     IPR1            equ	3999	;# 
   483   000FA0                     PIE2            equ	4000	;# 
   484   000FA1                     PIR2            equ	4001	;# 
   485   000FA2                     IPR2            equ	4002	;# 
   486   000FA3                     PIE3            equ	4003	;# 
   487   000FA4                     PIR3            equ	4004	;# 
   488   000FA5                     IPR3            equ	4005	;# 
   489   000FA6                     EECON1          equ	4006	;# 
   490   000FA7                     EECON2          equ	4007	;# 
   491   000FA8                     EEDATA          equ	4008	;# 
   492   000FA9                     EEADR           equ	4009	;# 
   493   000FAA                     EEADRH          equ	4010	;# 
   494   000FAB                     RCSTA1          equ	4011	;# 
   495   000FAB                     RCSTA           equ	4011	;# 
   496   000FAB                     RC1STA          equ	4011	;# 
   497   000FAC                     TXSTA1          equ	4012	;# 
   498   000FAC                     TXSTA           equ	4012	;# 
   499   000FAC                     TX1STA          equ	4012	;# 
   500   000FAD                     TXREG1          equ	4013	;# 
   501   000FAD                     TXREG           equ	4013	;# 
   502   000FAD                     TX1REG          equ	4013	;# 
   503   000FAE                     RCREG1          equ	4014	;# 
   504   000FAE                     RCREG           equ	4014	;# 
   505   000FAE                     RC1REG          equ	4014	;# 
   506   000FAF                     SPBRG1          equ	4015	;# 
   507   000FAF                     SPBRG           equ	4015	;# 
   508   000FAF                     SP1BRG          equ	4015	;# 
   509   000FB0                     SPBRGH1         equ	4016	;# 
   510   000FB0                     SPBRGH          equ	4016	;# 
   511   000FB0                     SP1BRGH         equ	4016	;# 
   512   000FB1                     T3CON           equ	4017	;# 
   513   000FB2                     TMR3            equ	4018	;# 
   514   000FB2                     TMR3L           equ	4018	;# 
   515   000FB3                     TMR3H           equ	4019	;# 
   516   000FB4                     T3GCON          equ	4020	;# 
   517   000FB6                     ECCP1AS         equ	4022	;# 
   518   000FB6                     ECCPAS          equ	4022	;# 
   519   000FB7                     PWM1CON         equ	4023	;# 
   520   000FB7                     PWMCON          equ	4023	;# 
   521   000FB8                     BAUDCON1        equ	4024	;# 
   522   000FB8                     BAUDCON         equ	4024	;# 
   523   000FB8                     BAUDCTL         equ	4024	;# 
   524   000FB8                     BAUD1CON        equ	4024	;# 
   525   000FB9                     PSTR1CON        equ	4025	;# 
   526   000FB9                     PSTRCON         equ	4025	;# 
   527   000FBA                     T2CON           equ	4026	;# 
   528   000FBB                     PR2             equ	4027	;# 
   529   000FBC                     TMR2            equ	4028	;# 
   530   000FBD                     CCP1CON         equ	4029	;# 
   531   000FBE                     CCPR1           equ	4030	;# 
   532   000FBE                     CCPR1L          equ	4030	;# 
   533   000FBF                     CCPR1H          equ	4031	;# 
   534   000FC0                     ADCON2          equ	4032	;# 
   535   000FC1                     ADCON1          equ	4033	;# 
   536   000FC2                     ADCON0          equ	4034	;# 
   537   000FC3                     ADRES           equ	4035	;# 
   538   000FC3                     ADRESL          equ	4035	;# 
   539   000FC4                     ADRESH          equ	4036	;# 
   540   000FC5                     SSP1CON2        equ	4037	;# 
   541   000FC5                     SSPCON2         equ	4037	;# 
   542   000FC6                     SSP1CON1        equ	4038	;# 
   543   000FC6                     SSPCON1         equ	4038	;# 
   544   000FC7                     SSP1STAT        equ	4039	;# 
   545   000FC7                     SSPSTAT         equ	4039	;# 
   546   000FC8                     SSP1ADD         equ	4040	;# 
   547   000FC8                     SSPADD          equ	4040	;# 
   548   000FC9                     SSP1BUF         equ	4041	;# 
   549   000FC9                     SSPBUF          equ	4041	;# 
   550   000FCA                     SSP1MSK         equ	4042	;# 
   551   000FCA                     SSPMSK          equ	4042	;# 
   552   000FCB                     SSP1CON3        equ	4043	;# 
   553   000FCB                     SSPCON3         equ	4043	;# 
   554   000FCC                     T1GCON          equ	4044	;# 
   555   000FCD                     T1CON           equ	4045	;# 
   556   000FCE                     TMR1            equ	4046	;# 
   557   000FCE                     TMR1L           equ	4046	;# 
   558   000FCF                     TMR1H           equ	4047	;# 
   559   000FD0                     RCON            equ	4048	;# 
   560   000FD1                     WDTCON          equ	4049	;# 
   561   000FD2                     OSCCON2         equ	4050	;# 
   562   000FD3                     OSCCON          equ	4051	;# 
   563   000FD5                     T0CON           equ	4053	;# 
   564   000FD6                     TMR0            equ	4054	;# 
   565   000FD6                     TMR0L           equ	4054	;# 
   566   000FD7                     TMR0H           equ	4055	;# 
   567   000FD8                     STATUS          equ	4056	;# 
   568   000FD9                     FSR2            equ	4057	;# 
   569   000FD9                     FSR2L           equ	4057	;# 
   570   000FDA                     FSR2H           equ	4058	;# 
   571   000FDB                     PLUSW2          equ	4059	;# 
   572   000FDC                     PREINC2         equ	4060	;# 
   573   000FDD                     POSTDEC2        equ	4061	;# 
   574   000FDE                     POSTINC2        equ	4062	;# 
   575   000FDF                     INDF2           equ	4063	;# 
   576   000FE0                     BSR             equ	4064	;# 
   577   000FE1                     FSR1            equ	4065	;# 
   578   000FE1                     FSR1L           equ	4065	;# 
   579   000FE2                     FSR1H           equ	4066	;# 
   580   000FE3                     PLUSW1          equ	4067	;# 
   581   000FE4                     PREINC1         equ	4068	;# 
   582   000FE5                     POSTDEC1        equ	4069	;# 
   583   000FE6                     POSTINC1        equ	4070	;# 
   584   000FE7                     INDF1           equ	4071	;# 
   585   000FE8                     WREG            equ	4072	;# 
   586   000FE9                     FSR0            equ	4073	;# 
   587   000FE9                     FSR0L           equ	4073	;# 
   588   000FEA                     FSR0H           equ	4074	;# 
   589   000FEB                     PLUSW0          equ	4075	;# 
   590   000FEC                     PREINC0         equ	4076	;# 
   591   000FED                     POSTDEC0        equ	4077	;# 
   592   000FEE                     POSTINC0        equ	4078	;# 
   593   000FEF                     INDF0           equ	4079	;# 
   594   000FF0                     INTCON3         equ	4080	;# 
   595   000FF1                     INTCON2         equ	4081	;# 
   596   000FF2                     INTCON          equ	4082	;# 
   597   000FF3                     PROD            equ	4083	;# 
   598   000FF3                     PRODL           equ	4083	;# 
   599   000FF4                     PRODH           equ	4084	;# 
   600   000FF5                     TABLAT          equ	4085	;# 
   601   000FF6                     TBLPTR          equ	4086	;# 
   602   000FF6                     TBLPTRL         equ	4086	;# 
   603   000FF7                     TBLPTRH         equ	4087	;# 
   604   000FF8                     TBLPTRU         equ	4088	;# 
   605   000FF9                     PCLAT           equ	4089	;# 
   606   000FF9                     PC              equ	4089	;# 
   607   000FF9                     PCL             equ	4089	;# 
   608   000FFA                     PCLATH          equ	4090	;# 
   609   000FFB                     PCLATU          equ	4091	;# 
   610   000FFC                     STKPTR          equ	4092	;# 
   611   000FFD                     TOS             equ	4093	;# 
   612   000FFD                     TOSL            equ	4093	;# 
   613   000FFE                     TOSH            equ	4094	;# 
   614   000FFF                     TOSU            equ	4095	;# 
   615   000F38                     ANSELA          equ	3896	;# 
   616   000F39                     ANSELB          equ	3897	;# 
   617   000F3A                     ANSELC          equ	3898	;# 
   618   000F3B                     ANSELD          equ	3899	;# 
   619   000F3C                     ANSELE          equ	3900	;# 
   620   000F3D                     PMD2            equ	3901	;# 
   621   000F3E                     PMD1            equ	3902	;# 
   622   000F3F                     PMD0            equ	3903	;# 
   623   000F40                     VREFCON2        equ	3904	;# 
   624   000F40                     DACCON1         equ	3904	;# 
   625   000F41                     VREFCON1        equ	3905	;# 
   626   000F41                     DACCON0         equ	3905	;# 
   627   000F42                     VREFCON0        equ	3906	;# 
   628   000F42                     FVRCON          equ	3906	;# 
   629   000F43                     CTMUICON        equ	3907	;# 
   630   000F43                     CTMUICONH       equ	3907	;# 
   631   000F44                     CTMUCONL        equ	3908	;# 
   632   000F44                     CTMUCON1        equ	3908	;# 
   633   000F45                     CTMUCONH        equ	3909	;# 
   634   000F45                     CTMUCON0        equ	3909	;# 
   635   000F46                     SRCON1          equ	3910	;# 
   636   000F47                     SRCON0          equ	3911	;# 
   637   000F48                     CCPTMRS1        equ	3912	;# 
   638   000F49                     CCPTMRS0        equ	3913	;# 
   639   000F4A                     T6CON           equ	3914	;# 
   640   000F4B                     PR6             equ	3915	;# 
   641   000F4C                     TMR6            equ	3916	;# 
   642   000F4D                     T5GCON          equ	3917	;# 
   643   000F4E                     T5CON           equ	3918	;# 
   644   000F4F                     TMR5            equ	3919	;# 
   645   000F4F                     TMR5L           equ	3919	;# 
   646   000F50                     TMR5H           equ	3920	;# 
   647   000F51                     T4CON           equ	3921	;# 
   648   000F52                     PR4             equ	3922	;# 
   649   000F53                     TMR4            equ	3923	;# 
   650   000F54                     CCP5CON         equ	3924	;# 
   651   000F55                     CCPR5           equ	3925	;# 
   652   000F55                     CCPR5L          equ	3925	;# 
   653   000F56                     CCPR5H          equ	3926	;# 
   654   000F57                     CCP4CON         equ	3927	;# 
   655   000F58                     CCPR4           equ	3928	;# 
   656   000F58                     CCPR4L          equ	3928	;# 
   657   000F59                     CCPR4H          equ	3929	;# 
   658   000F5A                     PSTR3CON        equ	3930	;# 
   659   000F5B                     ECCP3AS         equ	3931	;# 
   660   000F5B                     CCP3AS          equ	3931	;# 
   661   000F5C                     PWM3CON         equ	3932	;# 
   662   000F5D                     CCP3CON         equ	3933	;# 
   663   000F5E                     CCPR3           equ	3934	;# 
   664   000F5E                     CCPR3L          equ	3934	;# 
   665   000F5F                     CCPR3H          equ	3935	;# 
   666   000F60                     SLRCON          equ	3936	;# 
   667   000F61                     WPUB            equ	3937	;# 
   668   000F62                     IOCB            equ	3938	;# 
   669   000F63                     PSTR2CON        equ	3939	;# 
   670   000F64                     ECCP2AS         equ	3940	;# 
   671   000F64                     CCP2AS          equ	3940	;# 
   672   000F65                     PWM2CON         equ	3941	;# 
   673   000F66                     CCP2CON         equ	3942	;# 
   674   000F67                     CCPR2           equ	3943	;# 
   675   000F67                     CCPR2L          equ	3943	;# 
   676   000F68                     CCPR2H          equ	3944	;# 
   677   000F69                     SSP2CON3        equ	3945	;# 
   678   000F6A                     SSP2MSK         equ	3946	;# 
   679   000F6B                     SSP2CON2        equ	3947	;# 
   680   000F6C                     SSP2CON1        equ	3948	;# 
   681   000F6D                     SSP2STAT        equ	3949	;# 
   682   000F6E                     SSP2ADD         equ	3950	;# 
   683   000F6F                     SSP2BUF         equ	3951	;# 
   684   000F70                     BAUDCON2        equ	3952	;# 
   685   000F70                     BAUD2CON        equ	3952	;# 
   686   000F71                     RCSTA2          equ	3953	;# 
   687   000F71                     RC2STA          equ	3953	;# 
   688   000F72                     TXSTA2          equ	3954	;# 
   689   000F72                     TX2STA          equ	3954	;# 
   690   000F73                     TXREG2          equ	3955	;# 
   691   000F73                     TX2REG          equ	3955	;# 
   692   000F74                     RCREG2          equ	3956	;# 
   693   000F74                     RC2REG          equ	3956	;# 
   694   000F75                     SPBRG2          equ	3957	;# 
   695   000F75                     SP2BRG          equ	3957	;# 
   696   000F76                     SPBRGH2         equ	3958	;# 
   697   000F76                     SP2BRGH         equ	3958	;# 
   698   000F77                     CM2CON1         equ	3959	;# 
   699   000F77                     CM12CON         equ	3959	;# 
   700   000F78                     CM2CON0         equ	3960	;# 
   701   000F78                     CM2CON          equ	3960	;# 
   702   000F79                     CM1CON0         equ	3961	;# 
   703   000F79                     CM1CON          equ	3961	;# 
   704   000F7A                     PIE4            equ	3962	;# 
   705   000F7B                     PIR4            equ	3963	;# 
   706   000F7C                     IPR4            equ	3964	;# 
   707   000F7D                     PIE5            equ	3965	;# 
   708   000F7E                     PIR5            equ	3966	;# 
   709   000F7F                     IPR5            equ	3967	;# 
   710   000F80                     PORTA           equ	3968	;# 
   711   000F81                     PORTB           equ	3969	;# 
   712   000F82                     PORTC           equ	3970	;# 
   713   000F83                     PORTD           equ	3971	;# 
   714   000F84                     PORTE           equ	3972	;# 
   715   000F89                     LATA            equ	3977	;# 
   716   000F8A                     LATB            equ	3978	;# 
   717   000F8B                     LATC            equ	3979	;# 
   718   000F8C                     LATD            equ	3980	;# 
   719   000F8D                     LATE            equ	3981	;# 
   720   000F92                     TRISA           equ	3986	;# 
   721   000F92                     DDRA            equ	3986	;# 
   722   000F93                     TRISB           equ	3987	;# 
   723   000F93                     DDRB            equ	3987	;# 
   724   000F94                     TRISC           equ	3988	;# 
   725   000F94                     DDRC            equ	3988	;# 
   726   000F95                     TRISD           equ	3989	;# 
   727   000F95                     DDRD            equ	3989	;# 
   728   000F96                     TRISE           equ	3990	;# 
   729   000F96                     DDRE            equ	3990	;# 
   730   000F9B                     OSCTUNE         equ	3995	;# 
   731   000F9C                     HLVDCON         equ	3996	;# 
   732   000F9C                     LVDCON          equ	3996	;# 
   733   000F9D                     PIE1            equ	3997	;# 
   734   000F9E                     PIR1            equ	3998	;# 
   735   000F9F                     IPR1            equ	3999	;# 
   736   000FA0                     PIE2            equ	4000	;# 
   737   000FA1                     PIR2            equ	4001	;# 
   738   000FA2                     IPR2            equ	4002	;# 
   739   000FA3                     PIE3            equ	4003	;# 
   740   000FA4                     PIR3            equ	4004	;# 
   741   000FA5                     IPR3            equ	4005	;# 
   742   000FA6                     EECON1          equ	4006	;# 
   743   000FA7                     EECON2          equ	4007	;# 
   744   000FA8                     EEDATA          equ	4008	;# 
   745   000FA9                     EEADR           equ	4009	;# 
   746   000FAA                     EEADRH          equ	4010	;# 
   747   000FAB                     RCSTA1          equ	4011	;# 
   748   000FAB                     RCSTA           equ	4011	;# 
   749   000FAB                     RC1STA          equ	4011	;# 
   750   000FAC                     TXSTA1          equ	4012	;# 
   751   000FAC                     TXSTA           equ	4012	;# 
   752   000FAC                     TX1STA          equ	4012	;# 
   753   000FAD                     TXREG1          equ	4013	;# 
   754   000FAD                     TXREG           equ	4013	;# 
   755   000FAD                     TX1REG          equ	4013	;# 
   756   000FAE                     RCREG1          equ	4014	;# 
   757   000FAE                     RCREG           equ	4014	;# 
   758   000FAE                     RC1REG          equ	4014	;# 
   759   000FAF                     SPBRG1          equ	4015	;# 
   760   000FAF                     SPBRG           equ	4015	;# 
   761   000FAF                     SP1BRG          equ	4015	;# 
   762   000FB0                     SPBRGH1         equ	4016	;# 
   763   000FB0                     SPBRGH          equ	4016	;# 
   764   000FB0                     SP1BRGH         equ	4016	;# 
   765   000FB1                     T3CON           equ	4017	;# 
   766   000FB2                     TMR3            equ	4018	;# 
   767   000FB2                     TMR3L           equ	4018	;# 
   768   000FB3                     TMR3H           equ	4019	;# 
   769   000FB4                     T3GCON          equ	4020	;# 
   770   000FB6                     ECCP1AS         equ	4022	;# 
   771   000FB6                     ECCPAS          equ	4022	;# 
   772   000FB7                     PWM1CON         equ	4023	;# 
   773   000FB7                     PWMCON          equ	4023	;# 
   774   000FB8                     BAUDCON1        equ	4024	;# 
   775   000FB8                     BAUDCON         equ	4024	;# 
   776   000FB8                     BAUDCTL         equ	4024	;# 
   777   000FB8                     BAUD1CON        equ	4024	;# 
   778   000FB9                     PSTR1CON        equ	4025	;# 
   779   000FB9                     PSTRCON         equ	4025	;# 
   780   000FBA                     T2CON           equ	4026	;# 
   781   000FBB                     PR2             equ	4027	;# 
   782   000FBC                     TMR2            equ	4028	;# 
   783   000FBD                     CCP1CON         equ	4029	;# 
   784   000FBE                     CCPR1           equ	4030	;# 
   785   000FBE                     CCPR1L          equ	4030	;# 
   786   000FBF                     CCPR1H          equ	4031	;# 
   787   000FC0                     ADCON2          equ	4032	;# 
   788   000FC1                     ADCON1          equ	4033	;# 
   789   000FC2                     ADCON0          equ	4034	;# 
   790   000FC3                     ADRES           equ	4035	;# 
   791   000FC3                     ADRESL          equ	4035	;# 
   792   000FC4                     ADRESH          equ	4036	;# 
   793   000FC5                     SSP1CON2        equ	4037	;# 
   794   000FC5                     SSPCON2         equ	4037	;# 
   795   000FC6                     SSP1CON1        equ	4038	;# 
   796   000FC6                     SSPCON1         equ	4038	;# 
   797   000FC7                     SSP1STAT        equ	4039	;# 
   798   000FC7                     SSPSTAT         equ	4039	;# 
   799   000FC8                     SSP1ADD         equ	4040	;# 
   800   000FC8                     SSPADD          equ	4040	;# 
   801   000FC9                     SSP1BUF         equ	4041	;# 
   802   000FC9                     SSPBUF          equ	4041	;# 
   803   000FCA                     SSP1MSK         equ	4042	;# 
   804   000FCA                     SSPMSK          equ	4042	;# 
   805   000FCB                     SSP1CON3        equ	4043	;# 
   806   000FCB                     SSPCON3         equ	4043	;# 
   807   000FCC                     T1GCON          equ	4044	;# 
   808   000FCD                     T1CON           equ	4045	;# 
   809   000FCE                     TMR1            equ	4046	;# 
   810   000FCE                     TMR1L           equ	4046	;# 
   811   000FCF                     TMR1H           equ	4047	;# 
   812   000FD0                     RCON            equ	4048	;# 
   813   000FD1                     WDTCON          equ	4049	;# 
   814   000FD2                     OSCCON2         equ	4050	;# 
   815   000FD3                     OSCCON          equ	4051	;# 
   816   000FD5                     T0CON           equ	4053	;# 
   817   000FD6                     TMR0            equ	4054	;# 
   818   000FD6                     TMR0L           equ	4054	;# 
   819   000FD7                     TMR0H           equ	4055	;# 
   820   000FD8                     STATUS          equ	4056	;# 
   821   000FD9                     FSR2            equ	4057	;# 
   822   000FD9                     FSR2L           equ	4057	;# 
   823   000FDA                     FSR2H           equ	4058	;# 
   824   000FDB                     PLUSW2          equ	4059	;# 
   825   000FDC                     PREINC2         equ	4060	;# 
   826   000FDD                     POSTDEC2        equ	4061	;# 
   827   000FDE                     POSTINC2        equ	4062	;# 
   828   000FDF                     INDF2           equ	4063	;# 
   829   000FE0                     BSR             equ	4064	;# 
   830   000FE1                     FSR1            equ	4065	;# 
   831   000FE1                     FSR1L           equ	4065	;# 
   832   000FE2                     FSR1H           equ	4066	;# 
   833   000FE3                     PLUSW1          equ	4067	;# 
   834   000FE4                     PREINC1         equ	4068	;# 
   835   000FE5                     POSTDEC1        equ	4069	;# 
   836   000FE6                     POSTINC1        equ	4070	;# 
   837   000FE7                     INDF1           equ	4071	;# 
   838   000FE8                     WREG            equ	4072	;# 
   839   000FE9                     FSR0            equ	4073	;# 
   840   000FE9                     FSR0L           equ	4073	;# 
   841   000FEA                     FSR0H           equ	4074	;# 
   842   000FEB                     PLUSW0          equ	4075	;# 
   843   000FEC                     PREINC0         equ	4076	;# 
   844   000FED                     POSTDEC0        equ	4077	;# 
   845   000FEE                     POSTINC0        equ	4078	;# 
   846   000FEF                     INDF0           equ	4079	;# 
   847   000FF0                     INTCON3         equ	4080	;# 
   848   000FF1                     INTCON2         equ	4081	;# 
   849   000FF2                     INTCON          equ	4082	;# 
   850   000FF3                     PROD            equ	4083	;# 
   851   000FF3                     PRODL           equ	4083	;# 
   852   000FF4                     PRODH           equ	4084	;# 
   853   000FF5                     TABLAT          equ	4085	;# 
   854   000FF6                     TBLPTR          equ	4086	;# 
   855   000FF6                     TBLPTRL         equ	4086	;# 
   856   000FF7                     TBLPTRH         equ	4087	;# 
   857   000FF8                     TBLPTRU         equ	4088	;# 
   858   000FF9                     PCLAT           equ	4089	;# 
   859   000FF9                     PC              equ	4089	;# 
   860   000FF9                     PCL             equ	4089	;# 
   861   000FFA                     PCLATH          equ	4090	;# 
   862   000FFB                     PCLATU          equ	4091	;# 
   863   000FFC                     STKPTR          equ	4092	;# 
   864   000FFD                     TOS             equ	4093	;# 
   865   000FFD                     TOSL            equ	4093	;# 
   866   000FFE                     TOSH            equ	4094	;# 
   867   000FFF                     TOSU            equ	4095	;# 
   868   000F38                     ANSELA          equ	3896	;# 
   869   000F39                     ANSELB          equ	3897	;# 
   870   000F3A                     ANSELC          equ	3898	;# 
   871   000F3B                     ANSELD          equ	3899	;# 
   872   000F3C                     ANSELE          equ	3900	;# 
   873   000F3D                     PMD2            equ	3901	;# 
   874   000F3E                     PMD1            equ	3902	;# 
   875   000F3F                     PMD0            equ	3903	;# 
   876   000F40                     VREFCON2        equ	3904	;# 
   877   000F40                     DACCON1         equ	3904	;# 
   878   000F41                     VREFCON1        equ	3905	;# 
   879   000F41                     DACCON0         equ	3905	;# 
   880   000F42                     VREFCON0        equ	3906	;# 
   881   000F42                     FVRCON          equ	3906	;# 
   882   000F43                     CTMUICON        equ	3907	;# 
   883   000F43                     CTMUICONH       equ	3907	;# 
   884   000F44                     CTMUCONL        equ	3908	;# 
   885   000F44                     CTMUCON1        equ	3908	;# 
   886   000F45                     CTMUCONH        equ	3909	;# 
   887   000F45                     CTMUCON0        equ	3909	;# 
   888   000F46                     SRCON1          equ	3910	;# 
   889   000F47                     SRCON0          equ	3911	;# 
   890   000F48                     CCPTMRS1        equ	3912	;# 
   891   000F49                     CCPTMRS0        equ	3913	;# 
   892   000F4A                     T6CON           equ	3914	;# 
   893   000F4B                     PR6             equ	3915	;# 
   894   000F4C                     TMR6            equ	3916	;# 
   895   000F4D                     T5GCON          equ	3917	;# 
   896   000F4E                     T5CON           equ	3918	;# 
   897   000F4F                     TMR5            equ	3919	;# 
   898   000F4F                     TMR5L           equ	3919	;# 
   899   000F50                     TMR5H           equ	3920	;# 
   900   000F51                     T4CON           equ	3921	;# 
   901   000F52                     PR4             equ	3922	;# 
   902   000F53                     TMR4            equ	3923	;# 
   903   000F54                     CCP5CON         equ	3924	;# 
   904   000F55                     CCPR5           equ	3925	;# 
   905   000F55                     CCPR5L          equ	3925	;# 
   906   000F56                     CCPR5H          equ	3926	;# 
   907   000F57                     CCP4CON         equ	3927	;# 
   908   000F58                     CCPR4           equ	3928	;# 
   909   000F58                     CCPR4L          equ	3928	;# 
   910   000F59                     CCPR4H          equ	3929	;# 
   911   000F5A                     PSTR3CON        equ	3930	;# 
   912   000F5B                     ECCP3AS         equ	3931	;# 
   913   000F5B                     CCP3AS          equ	3931	;# 
   914   000F5C                     PWM3CON         equ	3932	;# 
   915   000F5D                     CCP3CON         equ	3933	;# 
   916   000F5E                     CCPR3           equ	3934	;# 
   917   000F5E                     CCPR3L          equ	3934	;# 
   918   000F5F                     CCPR3H          equ	3935	;# 
   919   000F60                     SLRCON          equ	3936	;# 
   920   000F61                     WPUB            equ	3937	;# 
   921   000F62                     IOCB            equ	3938	;# 
   922   000F63                     PSTR2CON        equ	3939	;# 
   923   000F64                     ECCP2AS         equ	3940	;# 
   924   000F64                     CCP2AS          equ	3940	;# 
   925   000F65                     PWM2CON         equ	3941	;# 
   926   000F66                     CCP2CON         equ	3942	;# 
   927   000F67                     CCPR2           equ	3943	;# 
   928   000F67                     CCPR2L          equ	3943	;# 
   929   000F68                     CCPR2H          equ	3944	;# 
   930   000F69                     SSP2CON3        equ	3945	;# 
   931   000F6A                     SSP2MSK         equ	3946	;# 
   932   000F6B                     SSP2CON2        equ	3947	;# 
   933   000F6C                     SSP2CON1        equ	3948	;# 
   934   000F6D                     SSP2STAT        equ	3949	;# 
   935   000F6E                     SSP2ADD         equ	3950	;# 
   936   000F6F                     SSP2BUF         equ	3951	;# 
   937   000F70                     BAUDCON2        equ	3952	;# 
   938   000F70                     BAUD2CON        equ	3952	;# 
   939   000F71                     RCSTA2          equ	3953	;# 
   940   000F71                     RC2STA          equ	3953	;# 
   941   000F72                     TXSTA2          equ	3954	;# 
   942   000F72                     TX2STA          equ	3954	;# 
   943   000F73                     TXREG2          equ	3955	;# 
   944   000F73                     TX2REG          equ	3955	;# 
   945   000F74                     RCREG2          equ	3956	;# 
   946   000F74                     RC2REG          equ	3956	;# 
   947   000F75                     SPBRG2          equ	3957	;# 
   948   000F75                     SP2BRG          equ	3957	;# 
   949   000F76                     SPBRGH2         equ	3958	;# 
   950   000F76                     SP2BRGH         equ	3958	;# 
   951   000F77                     CM2CON1         equ	3959	;# 
   952   000F77                     CM12CON         equ	3959	;# 
   953   000F78                     CM2CON0         equ	3960	;# 
   954   000F78                     CM2CON          equ	3960	;# 
   955   000F79                     CM1CON0         equ	3961	;# 
   956   000F79                     CM1CON          equ	3961	;# 
   957   000F7A                     PIE4            equ	3962	;# 
   958   000F7B                     PIR4            equ	3963	;# 
   959   000F7C                     IPR4            equ	3964	;# 
   960   000F7D                     PIE5            equ	3965	;# 
   961   000F7E                     PIR5            equ	3966	;# 
   962   000F7F                     IPR5            equ	3967	;# 
   963   000F80                     PORTA           equ	3968	;# 
   964   000F81                     PORTB           equ	3969	;# 
   965   000F82                     PORTC           equ	3970	;# 
   966   000F83                     PORTD           equ	3971	;# 
   967   000F84                     PORTE           equ	3972	;# 
   968   000F89                     LATA            equ	3977	;# 
   969   000F8A                     LATB            equ	3978	;# 
   970   000F8B                     LATC            equ	3979	;# 
   971   000F8C                     LATD            equ	3980	;# 
   972   000F8D                     LATE            equ	3981	;# 
   973   000F92                     TRISA           equ	3986	;# 
   974   000F92                     DDRA            equ	3986	;# 
   975   000F93                     TRISB           equ	3987	;# 
   976   000F93                     DDRB            equ	3987	;# 
   977   000F94                     TRISC           equ	3988	;# 
   978   000F94                     DDRC            equ	3988	;# 
   979   000F95                     TRISD           equ	3989	;# 
   980   000F95                     DDRD            equ	3989	;# 
   981   000F96                     TRISE           equ	3990	;# 
   982   000F96                     DDRE            equ	3990	;# 
   983   000F9B                     OSCTUNE         equ	3995	;# 
   984   000F9C                     HLVDCON         equ	3996	;# 
   985   000F9C                     LVDCON          equ	3996	;# 
   986   000F9D                     PIE1            equ	3997	;# 
   987   000F9E                     PIR1            equ	3998	;# 
   988   000F9F                     IPR1            equ	3999	;# 
   989   000FA0                     PIE2            equ	4000	;# 
   990   000FA1                     PIR2            equ	4001	;# 
   991   000FA2                     IPR2            equ	4002	;# 
   992   000FA3                     PIE3            equ	4003	;# 
   993   000FA4                     PIR3            equ	4004	;# 
   994   000FA5                     IPR3            equ	4005	;# 
   995   000FA6                     EECON1          equ	4006	;# 
   996   000FA7                     EECON2          equ	4007	;# 
   997   000FA8                     EEDATA          equ	4008	;# 
   998   000FA9                     EEADR           equ	4009	;# 
   999   000FAA                     EEADRH          equ	4010	;# 
  1000   000FAB                     RCSTA1          equ	4011	;# 
  1001   000FAB                     RCSTA           equ	4011	;# 
  1002   000FAB                     RC1STA          equ	4011	;# 
  1003   000FAC                     TXSTA1          equ	4012	;# 
  1004   000FAC                     TXSTA           equ	4012	;# 
  1005   000FAC                     TX1STA          equ	4012	;# 
  1006   000FAD                     TXREG1          equ	4013	;# 
  1007   000FAD                     TXREG           equ	4013	;# 
  1008   000FAD                     TX1REG          equ	4013	;# 
  1009   000FAE                     RCREG1          equ	4014	;# 
  1010   000FAE                     RCREG           equ	4014	;# 
  1011   000FAE                     RC1REG          equ	4014	;# 
  1012   000FAF                     SPBRG1          equ	4015	;# 
  1013   000FAF                     SPBRG           equ	4015	;# 
  1014   000FAF                     SP1BRG          equ	4015	;# 
  1015   000FB0                     SPBRGH1         equ	4016	;# 
  1016   000FB0                     SPBRGH          equ	4016	;# 
  1017   000FB0                     SP1BRGH         equ	4016	;# 
  1018   000FB1                     T3CON           equ	4017	;# 
  1019   000FB2                     TMR3            equ	4018	;# 
  1020   000FB2                     TMR3L           equ	4018	;# 
  1021   000FB3                     TMR3H           equ	4019	;# 
  1022   000FB4                     T3GCON          equ	4020	;# 
  1023   000FB6                     ECCP1AS         equ	4022	;# 
  1024   000FB6                     ECCPAS          equ	4022	;# 
  1025   000FB7                     PWM1CON         equ	4023	;# 
  1026   000FB7                     PWMCON          equ	4023	;# 
  1027   000FB8                     BAUDCON1        equ	4024	;# 
  1028   000FB8                     BAUDCON         equ	4024	;# 
  1029   000FB8                     BAUDCTL         equ	4024	;# 
  1030   000FB8                     BAUD1CON        equ	4024	;# 
  1031   000FB9                     PSTR1CON        equ	4025	;# 
  1032   000FB9                     PSTRCON         equ	4025	;# 
  1033   000FBA                     T2CON           equ	4026	;# 
  1034   000FBB                     PR2             equ	4027	;# 
  1035   000FBC                     TMR2            equ	4028	;# 
  1036   000FBD                     CCP1CON         equ	4029	;# 
  1037   000FBE                     CCPR1           equ	4030	;# 
  1038   000FBE                     CCPR1L          equ	4030	;# 
  1039   000FBF                     CCPR1H          equ	4031	;# 
  1040   000FC0                     ADCON2          equ	4032	;# 
  1041   000FC1                     ADCON1          equ	4033	;# 
  1042   000FC2                     ADCON0          equ	4034	;# 
  1043   000FC3                     ADRES           equ	4035	;# 
  1044   000FC3                     ADRESL          equ	4035	;# 
  1045   000FC4                     ADRESH          equ	4036	;# 
  1046   000FC5                     SSP1CON2        equ	4037	;# 
  1047   000FC5                     SSPCON2         equ	4037	;# 
  1048   000FC6                     SSP1CON1        equ	4038	;# 
  1049   000FC6                     SSPCON1         equ	4038	;# 
  1050   000FC7                     SSP1STAT        equ	4039	;# 
  1051   000FC7                     SSPSTAT         equ	4039	;# 
  1052   000FC8                     SSP1ADD         equ	4040	;# 
  1053   000FC8                     SSPADD          equ	4040	;# 
  1054   000FC9                     SSP1BUF         equ	4041	;# 
  1055   000FC9                     SSPBUF          equ	4041	;# 
  1056   000FCA                     SSP1MSK         equ	4042	;# 
  1057   000FCA                     SSPMSK          equ	4042	;# 
  1058   000FCB                     SSP1CON3        equ	4043	;# 
  1059   000FCB                     SSPCON3         equ	4043	;# 
  1060   000FCC                     T1GCON          equ	4044	;# 
  1061   000FCD                     T1CON           equ	4045	;# 
  1062   000FCE                     TMR1            equ	4046	;# 
  1063   000FCE                     TMR1L           equ	4046	;# 
  1064   000FCF                     TMR1H           equ	4047	;# 
  1065   000FD0                     RCON            equ	4048	;# 
  1066   000FD1                     WDTCON          equ	4049	;# 
  1067   000FD2                     OSCCON2         equ	4050	;# 
  1068   000FD3                     OSCCON          equ	4051	;# 
  1069   000FD5                     T0CON           equ	4053	;# 
  1070   000FD6                     TMR0            equ	4054	;# 
  1071   000FD6                     TMR0L           equ	4054	;# 
  1072   000FD7                     TMR0H           equ	4055	;# 
  1073   000FD8                     STATUS          equ	4056	;# 
  1074   000FD9                     FSR2            equ	4057	;# 
  1075   000FD9                     FSR2L           equ	4057	;# 
  1076   000FDA                     FSR2H           equ	4058	;# 
  1077   000FDB                     PLUSW2          equ	4059	;# 
  1078   000FDC                     PREINC2         equ	4060	;# 
  1079   000FDD                     POSTDEC2        equ	4061	;# 
  1080   000FDE                     POSTINC2        equ	4062	;# 
  1081   000FDF                     INDF2           equ	4063	;# 
  1082   000FE0                     BSR             equ	4064	;# 
  1083   000FE1                     FSR1            equ	4065	;# 
  1084   000FE1                     FSR1L           equ	4065	;# 
  1085   000FE2                     FSR1H           equ	4066	;# 
  1086   000FE3                     PLUSW1          equ	4067	;# 
  1087   000FE4                     PREINC1         equ	4068	;# 
  1088   000FE5                     POSTDEC1        equ	4069	;# 
  1089   000FE6                     POSTINC1        equ	4070	;# 
  1090   000FE7                     INDF1           equ	4071	;# 
  1091   000FE8                     WREG            equ	4072	;# 
  1092   000FE9                     FSR0            equ	4073	;# 
  1093   000FE9                     FSR0L           equ	4073	;# 
  1094   000FEA                     FSR0H           equ	4074	;# 
  1095   000FEB                     PLUSW0          equ	4075	;# 
  1096   000FEC                     PREINC0         equ	4076	;# 
  1097   000FED                     POSTDEC0        equ	4077	;# 
  1098   000FEE                     POSTINC0        equ	4078	;# 
  1099   000FEF                     INDF0           equ	4079	;# 
  1100   000FF0                     INTCON3         equ	4080	;# 
  1101   000FF1                     INTCON2         equ	4081	;# 
  1102   000FF2                     INTCON          equ	4082	;# 
  1103   000FF3                     PROD            equ	4083	;# 
  1104   000FF3                     PRODL           equ	4083	;# 
  1105   000FF4                     PRODH           equ	4084	;# 
  1106   000FF5                     TABLAT          equ	4085	;# 
  1107   000FF6                     TBLPTR          equ	4086	;# 
  1108   000FF6                     TBLPTRL         equ	4086	;# 
  1109   000FF7                     TBLPTRH         equ	4087	;# 
  1110   000FF8                     TBLPTRU         equ	4088	;# 
  1111   000FF9                     PCLAT           equ	4089	;# 
  1112   000FF9                     PC              equ	4089	;# 
  1113   000FF9                     PCL             equ	4089	;# 
  1114   000FFA                     PCLATH          equ	4090	;# 
  1115   000FFB                     PCLATU          equ	4091	;# 
  1116   000FFC                     STKPTR          equ	4092	;# 
  1117   000FFD                     TOS             equ	4093	;# 
  1118   000FFD                     TOSL            equ	4093	;# 
  1119   000FFE                     TOSH            equ	4094	;# 
  1120   000FFF                     TOSU            equ	4095	;# 
  1121   000F38                     ANSELA          equ	3896	;# 
  1122   000F39                     ANSELB          equ	3897	;# 
  1123   000F3A                     ANSELC          equ	3898	;# 
  1124   000F3B                     ANSELD          equ	3899	;# 
  1125   000F3C                     ANSELE          equ	3900	;# 
  1126   000F3D                     PMD2            equ	3901	;# 
  1127   000F3E                     PMD1            equ	3902	;# 
  1128   000F3F                     PMD0            equ	3903	;# 
  1129   000F40                     VREFCON2        equ	3904	;# 
  1130   000F40                     DACCON1         equ	3904	;# 
  1131   000F41                     VREFCON1        equ	3905	;# 
  1132   000F41                     DACCON0         equ	3905	;# 
  1133   000F42                     VREFCON0        equ	3906	;# 
  1134   000F42                     FVRCON          equ	3906	;# 
  1135   000F43                     CTMUICON        equ	3907	;# 
  1136   000F43                     CTMUICONH       equ	3907	;# 
  1137   000F44                     CTMUCONL        equ	3908	;# 
  1138   000F44                     CTMUCON1        equ	3908	;# 
  1139   000F45                     CTMUCONH        equ	3909	;# 
  1140   000F45                     CTMUCON0        equ	3909	;# 
  1141   000F46                     SRCON1          equ	3910	;# 
  1142   000F47                     SRCON0          equ	3911	;# 
  1143   000F48                     CCPTMRS1        equ	3912	;# 
  1144   000F49                     CCPTMRS0        equ	3913	;# 
  1145   000F4A                     T6CON           equ	3914	;# 
  1146   000F4B                     PR6             equ	3915	;# 
  1147   000F4C                     TMR6            equ	3916	;# 
  1148   000F4D                     T5GCON          equ	3917	;# 
  1149   000F4E                     T5CON           equ	3918	;# 
  1150   000F4F                     TMR5            equ	3919	;# 
  1151   000F4F                     TMR5L           equ	3919	;# 
  1152   000F50                     TMR5H           equ	3920	;# 
  1153   000F51                     T4CON           equ	3921	;# 
  1154   000F52                     PR4             equ	3922	;# 
  1155   000F53                     TMR4            equ	3923	;# 
  1156   000F54                     CCP5CON         equ	3924	;# 
  1157   000F55                     CCPR5           equ	3925	;# 
  1158   000F55                     CCPR5L          equ	3925	;# 
  1159   000F56                     CCPR5H          equ	3926	;# 
  1160   000F57                     CCP4CON         equ	3927	;# 
  1161   000F58                     CCPR4           equ	3928	;# 
  1162   000F58                     CCPR4L          equ	3928	;# 
  1163   000F59                     CCPR4H          equ	3929	;# 
  1164   000F5A                     PSTR3CON        equ	3930	;# 
  1165   000F5B                     ECCP3AS         equ	3931	;# 
  1166   000F5B                     CCP3AS          equ	3931	;# 
  1167   000F5C                     PWM3CON         equ	3932	;# 
  1168   000F5D                     CCP3CON         equ	3933	;# 
  1169   000F5E                     CCPR3           equ	3934	;# 
  1170   000F5E                     CCPR3L          equ	3934	;# 
  1171   000F5F                     CCPR3H          equ	3935	;# 
  1172   000F60                     SLRCON          equ	3936	;# 
  1173   000F61                     WPUB            equ	3937	;# 
  1174   000F62                     IOCB            equ	3938	;# 
  1175   000F63                     PSTR2CON        equ	3939	;# 
  1176   000F64                     ECCP2AS         equ	3940	;# 
  1177   000F64                     CCP2AS          equ	3940	;# 
  1178   000F65                     PWM2CON         equ	3941	;# 
  1179   000F66                     CCP2CON         equ	3942	;# 
  1180   000F67                     CCPR2           equ	3943	;# 
  1181   000F67                     CCPR2L          equ	3943	;# 
  1182   000F68                     CCPR2H          equ	3944	;# 
  1183   000F69                     SSP2CON3        equ	3945	;# 
  1184   000F6A                     SSP2MSK         equ	3946	;# 
  1185   000F6B                     SSP2CON2        equ	3947	;# 
  1186   000F6C                     SSP2CON1        equ	3948	;# 
  1187   000F6D                     SSP2STAT        equ	3949	;# 
  1188   000F6E                     SSP2ADD         equ	3950	;# 
  1189   000F6F                     SSP2BUF         equ	3951	;# 
  1190   000F70                     BAUDCON2        equ	3952	;# 
  1191   000F70                     BAUD2CON        equ	3952	;# 
  1192   000F71                     RCSTA2          equ	3953	;# 
  1193   000F71                     RC2STA          equ	3953	;# 
  1194   000F72                     TXSTA2          equ	3954	;# 
  1195   000F72                     TX2STA          equ	3954	;# 
  1196   000F73                     TXREG2          equ	3955	;# 
  1197   000F73                     TX2REG          equ	3955	;# 
  1198   000F74                     RCREG2          equ	3956	;# 
  1199   000F74                     RC2REG          equ	3956	;# 
  1200   000F75                     SPBRG2          equ	3957	;# 
  1201   000F75                     SP2BRG          equ	3957	;# 
  1202   000F76                     SPBRGH2         equ	3958	;# 
  1203   000F76                     SP2BRGH         equ	3958	;# 
  1204   000F77                     CM2CON1         equ	3959	;# 
  1205   000F77                     CM12CON         equ	3959	;# 
  1206   000F78                     CM2CON0         equ	3960	;# 
  1207   000F78                     CM2CON          equ	3960	;# 
  1208   000F79                     CM1CON0         equ	3961	;# 
  1209   000F79                     CM1CON          equ	3961	;# 
  1210   000F7A                     PIE4            equ	3962	;# 
  1211   000F7B                     PIR4            equ	3963	;# 
  1212   000F7C                     IPR4            equ	3964	;# 
  1213   000F7D                     PIE5            equ	3965	;# 
  1214   000F7E                     PIR5            equ	3966	;# 
  1215   000F7F                     IPR5            equ	3967	;# 
  1216   000F80                     PORTA           equ	3968	;# 
  1217   000F81                     PORTB           equ	3969	;# 
  1218   000F82                     PORTC           equ	3970	;# 
  1219   000F83                     PORTD           equ	3971	;# 
  1220   000F84                     PORTE           equ	3972	;# 
  1221   000F89                     LATA            equ	3977	;# 
  1222   000F8A                     LATB            equ	3978	;# 
  1223   000F8B                     LATC            equ	3979	;# 
  1224   000F8C                     LATD            equ	3980	;# 
  1225   000F8D                     LATE            equ	3981	;# 
  1226   000F92                     TRISA           equ	3986	;# 
  1227   000F92                     DDRA            equ	3986	;# 
  1228   000F93                     TRISB           equ	3987	;# 
  1229   000F93                     DDRB            equ	3987	;# 
  1230   000F94                     TRISC           equ	3988	;# 
  1231   000F94                     DDRC            equ	3988	;# 
  1232   000F95                     TRISD           equ	3989	;# 
  1233   000F95                     DDRD            equ	3989	;# 
  1234   000F96                     TRISE           equ	3990	;# 
  1235   000F96                     DDRE            equ	3990	;# 
  1236   000F9B                     OSCTUNE         equ	3995	;# 
  1237   000F9C                     HLVDCON         equ	3996	;# 
  1238   000F9C                     LVDCON          equ	3996	;# 
  1239   000F9D                     PIE1            equ	3997	;# 
  1240   000F9E                     PIR1            equ	3998	;# 
  1241   000F9F                     IPR1            equ	3999	;# 
  1242   000FA0                     PIE2            equ	4000	;# 
  1243   000FA1                     PIR2            equ	4001	;# 
  1244   000FA2                     IPR2            equ	4002	;# 
  1245   000FA3                     PIE3            equ	4003	;# 
  1246   000FA4                     PIR3            equ	4004	;# 
  1247   000FA5                     IPR3            equ	4005	;# 
  1248   000FA6                     EECON1          equ	4006	;# 
  1249   000FA7                     EECON2          equ	4007	;# 
  1250   000FA8                     EEDATA          equ	4008	;# 
  1251   000FA9                     EEADR           equ	4009	;# 
  1252   000FAA                     EEADRH          equ	4010	;# 
  1253   000FAB                     RCSTA1          equ	4011	;# 
  1254   000FAB                     RCSTA           equ	4011	;# 
  1255   000FAB                     RC1STA          equ	4011	;# 
  1256   000FAC                     TXSTA1          equ	4012	;# 
  1257   000FAC                     TXSTA           equ	4012	;# 
  1258   000FAC                     TX1STA          equ	4012	;# 
  1259   000FAD                     TXREG1          equ	4013	;# 
  1260   000FAD                     TXREG           equ	4013	;# 
  1261   000FAD                     TX1REG          equ	4013	;# 
  1262   000FAE                     RCREG1          equ	4014	;# 
  1263   000FAE                     RCREG           equ	4014	;# 
  1264   000FAE                     RC1REG          equ	4014	;# 
  1265   000FAF                     SPBRG1          equ	4015	;# 
  1266   000FAF                     SPBRG           equ	4015	;# 
  1267   000FAF                     SP1BRG          equ	4015	;# 
  1268   000FB0                     SPBRGH1         equ	4016	;# 
  1269   000FB0                     SPBRGH          equ	4016	;# 
  1270   000FB0                     SP1BRGH         equ	4016	;# 
  1271   000FB1                     T3CON           equ	4017	;# 
  1272   000FB2                     TMR3            equ	4018	;# 
  1273   000FB2                     TMR3L           equ	4018	;# 
  1274   000FB3                     TMR3H           equ	4019	;# 
  1275   000FB4                     T3GCON          equ	4020	;# 
  1276   000FB6                     ECCP1AS         equ	4022	;# 
  1277   000FB6                     ECCPAS          equ	4022	;# 
  1278   000FB7                     PWM1CON         equ	4023	;# 
  1279   000FB7                     PWMCON          equ	4023	;# 
  1280   000FB8                     BAUDCON1        equ	4024	;# 
  1281   000FB8                     BAUDCON         equ	4024	;# 
  1282   000FB8                     BAUDCTL         equ	4024	;# 
  1283   000FB8                     BAUD1CON        equ	4024	;# 
  1284   000FB9                     PSTR1CON        equ	4025	;# 
  1285   000FB9                     PSTRCON         equ	4025	;# 
  1286   000FBA                     T2CON           equ	4026	;# 
  1287   000FBB                     PR2             equ	4027	;# 
  1288   000FBC                     TMR2            equ	4028	;# 
  1289   000FBD                     CCP1CON         equ	4029	;# 
  1290   000FBE                     CCPR1           equ	4030	;# 
  1291   000FBE                     CCPR1L          equ	4030	;# 
  1292   000FBF                     CCPR1H          equ	4031	;# 
  1293   000FC0                     ADCON2          equ	4032	;# 
  1294   000FC1                     ADCON1          equ	4033	;# 
  1295   000FC2                     ADCON0          equ	4034	;# 
  1296   000FC3                     ADRES           equ	4035	;# 
  1297   000FC3                     ADRESL          equ	4035	;# 
  1298   000FC4                     ADRESH          equ	4036	;# 
  1299   000FC5                     SSP1CON2        equ	4037	;# 
  1300   000FC5                     SSPCON2         equ	4037	;# 
  1301   000FC6                     SSP1CON1        equ	4038	;# 
  1302   000FC6                     SSPCON1         equ	4038	;# 
  1303   000FC7                     SSP1STAT        equ	4039	;# 
  1304   000FC7                     SSPSTAT         equ	4039	;# 
  1305   000FC8                     SSP1ADD         equ	4040	;# 
  1306   000FC8                     SSPADD          equ	4040	;# 
  1307   000FC9                     SSP1BUF         equ	4041	;# 
  1308   000FC9                     SSPBUF          equ	4041	;# 
  1309   000FCA                     SSP1MSK         equ	4042	;# 
  1310   000FCA                     SSPMSK          equ	4042	;# 
  1311   000FCB                     SSP1CON3        equ	4043	;# 
  1312   000FCB                     SSPCON3         equ	4043	;# 
  1313   000FCC                     T1GCON          equ	4044	;# 
  1314   000FCD                     T1CON           equ	4045	;# 
  1315   000FCE                     TMR1            equ	4046	;# 
  1316   000FCE                     TMR1L           equ	4046	;# 
  1317   000FCF                     TMR1H           equ	4047	;# 
  1318   000FD0                     RCON            equ	4048	;# 
  1319   000FD1                     WDTCON          equ	4049	;# 
  1320   000FD2                     OSCCON2         equ	4050	;# 
  1321   000FD3                     OSCCON          equ	4051	;# 
  1322   000FD5                     T0CON           equ	4053	;# 
  1323   000FD6                     TMR0            equ	4054	;# 
  1324   000FD6                     TMR0L           equ	4054	;# 
  1325   000FD7                     TMR0H           equ	4055	;# 
  1326   000FD8                     STATUS          equ	4056	;# 
  1327   000FD9                     FSR2            equ	4057	;# 
  1328   000FD9                     FSR2L           equ	4057	;# 
  1329   000FDA                     FSR2H           equ	4058	;# 
  1330   000FDB                     PLUSW2          equ	4059	;# 
  1331   000FDC                     PREINC2         equ	4060	;# 
  1332   000FDD                     POSTDEC2        equ	4061	;# 
  1333   000FDE                     POSTINC2        equ	4062	;# 
  1334   000FDF                     INDF2           equ	4063	;# 
  1335   000FE0                     BSR             equ	4064	;# 
  1336   000FE1                     FSR1            equ	4065	;# 
  1337   000FE1                     FSR1L           equ	4065	;# 
  1338   000FE2                     FSR1H           equ	4066	;# 
  1339   000FE3                     PLUSW1          equ	4067	;# 
  1340   000FE4                     PREINC1         equ	4068	;# 
  1341   000FE5                     POSTDEC1        equ	4069	;# 
  1342   000FE6                     POSTINC1        equ	4070	;# 
  1343   000FE7                     INDF1           equ	4071	;# 
  1344   000FE8                     WREG            equ	4072	;# 
  1345   000FE9                     FSR0            equ	4073	;# 
  1346   000FE9                     FSR0L           equ	4073	;# 
  1347   000FEA                     FSR0H           equ	4074	;# 
  1348   000FEB                     PLUSW0          equ	4075	;# 
  1349   000FEC                     PREINC0         equ	4076	;# 
  1350   000FED                     POSTDEC0        equ	4077	;# 
  1351   000FEE                     POSTINC0        equ	4078	;# 
  1352   000FEF                     INDF0           equ	4079	;# 
  1353   000FF0                     INTCON3         equ	4080	;# 
  1354   000FF1                     INTCON2         equ	4081	;# 
  1355   000FF2                     INTCON          equ	4082	;# 
  1356   000FF3                     PROD            equ	4083	;# 
  1357   000FF3                     PRODL           equ	4083	;# 
  1358   000FF4                     PRODH           equ	4084	;# 
  1359   000FF5                     TABLAT          equ	4085	;# 
  1360   000FF6                     TBLPTR          equ	4086	;# 
  1361   000FF6                     TBLPTRL         equ	4086	;# 
  1362   000FF7                     TBLPTRH         equ	4087	;# 
  1363   000FF8                     TBLPTRU         equ	4088	;# 
  1364   000FF9                     PCLAT           equ	4089	;# 
  1365   000FF9                     PC              equ	4089	;# 
  1366   000FF9                     PCL             equ	4089	;# 
  1367   000FFA                     PCLATH          equ	4090	;# 
  1368   000FFB                     PCLATU          equ	4091	;# 
  1369   000FFC                     STKPTR          equ	4092	;# 
  1370   000FFD                     TOS             equ	4093	;# 
  1371   000FFD                     TOSL            equ	4093	;# 
  1372   000FFE                     TOSH            equ	4094	;# 
  1373   000FFF                     TOSU            equ	4095	;# 
  1374                           
  1375                           	psect	idataCOMRAM
  1376   001A84                     __pidataCOMRAM:
  1377                           	callstack 0
  1378                           
  1379                           ;initializer for _rr_quantum
  1380   001A84  32                 	db	50
  1381   000F3A                     _ANSELCbits     set	3898
  1382   000F3B                     _ANSELDbits     set	3899
  1383   000FD6                     _TMR0           set	4054
  1384   000FD5                     _T0CONbits      set	4053
  1385   000F83                     _PORTDbits      set	3971
  1386   000F95                     _TRISDbits      set	3989
  1387   000F82                     _PORTCbits      set	3970
  1388   000F94                     _TRISCbits      set	3988
  1389   000FFC                     _STKPTR         set	4092
  1390   000FFF                     _TOSU           set	4095
  1391   000FFE                     _TOSH           set	4094
  1392   000FFD                     _TOSL           set	4093
  1393   000FD8                     _STATUS         set	4056
  1394   000FE8                     _WREG           set	4072
  1395   000FF8                     _TBLPTRU        set	4088
  1396   000FF6                     _TBLPTRL        set	4086
  1397   000FF7                     _TBLPTRH        set	4087
  1398   000FF5                     _TABLAT         set	4085
  1399   000FF3                     _PRODL          set	4083
  1400   000FF4                     _PRODH          set	4084
  1401   000FFB                     _PCLATU         set	4091
  1402   000FFA                     _PCLATH         set	4090
  1403   000FD9                     _FSR2L          set	4057
  1404   000FDA                     _FSR2H          set	4058
  1405   000FE1                     _FSR1L          set	4065
  1406   000FE2                     _FSR1H          set	4066
  1407   000FE9                     _FSR0L          set	4073
  1408   000FEA                     _FSR0H          set	4074
  1409   000FE0                     _BSR            set	4064
  1410   000FF2                     _INTCONbits     set	4082
  1411                           
  1412                           ; #config settings
  1413                           
  1414                           	psect	cinit
  1415   0018F4                     __pcinit:
  1416                           	callstack 0
  1417   0018F4                     start_initialization:
  1418                           	callstack 0
  1419   0018F4                     __initialization:
  1420                           	callstack 0
  1421                           
  1422                           ; Initialize objects allocated to COMRAM (1 bytes)
  1423                           ; load TBLPTR registers with __pidataCOMRAM
  1424   0018F4  0E84               	movlw	low __pidataCOMRAM
  1425   0018F6  6EF6               	movwf	tblptrl,c
  1426   0018F8  0E1A               	movlw	high __pidataCOMRAM
  1427   0018FA  6EF7               	movwf	tblptrh,c
  1428   0018FC  0E00               	movlw	low (__pidataCOMRAM shr (0+16))
  1429   0018FE  6EF8               	movwf	tblptru,c
  1430   001900  0009               	tblrd		*+	;fetch initializer
  1431   001902  CFF5 F031          	movff	tablat,__pdataCOMRAM
  1432                           
  1433                           ; Clear objects allocated to BIGRAM (472 bytes)
  1434   001906  EE00  F0DA         	lfsr	0,__pbssBIGRAM
  1435   00190A  EE11 F0D8          	lfsr	1,472
  1436   00190E                     clear_0:
  1437   00190E  6AEE               	clrf	postinc0,c
  1438   001910  50E5               	movf	postdec1,w,c
  1439   001912  50E1               	movf	fsr1l,w,c
  1440   001914  E1FC               	bnz	clear_0
  1441   001916  50E2               	movf	fsr1h,w,c
  1442   001918  E1FA               	bnz	clear_0
  1443   00191A                     end_of_initialization:
  1444                           	callstack 0
  1445   00191A                     __end_of__initialization:
  1446                           	callstack 0
  1447   00191A  9001               	bcf	int$flags,0,c	;clear compiler interrupt flag (level 1)
  1448   00191C  9201               	bcf	int$flags,1,c	;clear compiler interrupt flag (level 2)
  1449   00191E  0E00               	movlw	low (__Lmediumconst shr (0+16))
  1450   001920  6EF8               	movwf	tblptru,c
  1451   001922  0100               	movlb	0
  1452   001924  EF54  F00C         	goto	_main	;jump to C main() function
  1453                           
  1454                           	psect	dataCOMRAM
  1455   000031                     __pdataCOMRAM:
  1456                           	callstack 0
  1457   000031                     _rr_quantum:
  1458                           	callstack 0
  1459   000031                     	ds	1
  1460                           
  1461                           	psect	bssBIGRAM
  1462   0000DA                     __pbssBIGRAM:
  1463                           	callstack 0
  1464   0000DA                     _r_queue:
  1465                           	callstack 0
  1466   0000DA                     	ds	472
  1467                           
  1468                           	psect	cstackBANK0
  1469   000060                     __pcstackBANK0:
  1470                           	callstack 0
  1471   000060                     os_create_task@func:
  1472                           	callstack 0
  1473   000060                     
  1474                           ; 1 bytes @ 0x0
  1475   000060                     	ds	2
  1476   000062                     os_create_task@prior:
  1477                           	callstack 0
  1478                           
  1479                           ; 1 bytes @ 0x2
  1480   000062                     	ds	1
  1481   000063                     ??_os_create_task:
  1482                           
  1483                           ; 1 bytes @ 0x3
  1484   000063                     	ds	1
  1485   000064                     os_create_task@id:
  1486                           	callstack 0
  1487                           
  1488                           ; 1 bytes @ 0x4
  1489   000064                     	ds	1
  1490   000065                     os_create_task@new_task:
  1491                           	callstack 0
  1492                           
  1493                           ; 117 bytes @ 0x5
  1494   000065                     	ds	117
  1495   0000DA                     
  1496                           ; 1 bytes @ 0x7A
  1497                           
  1498                           	psect	cstackCOMRAM
  1499   000002                     __pcstackCOMRAM:
  1500                           	callstack 0
  1501   000002                     ?i2___awmod:
  1502                           	callstack 0
  1503   000002                     i2___awmod@dividend:
  1504                           	callstack 0
  1505   000002                     ??_idle:
  1506                           
  1507                           ; 1 bytes @ 0x0
  1508   000002                     	ds	2
  1509   000004                     i2___awmod@divisor:
  1510                           	callstack 0
  1511                           
  1512                           ; 2 bytes @ 0x2
  1513   000004                     	ds	2
  1514   000006                     i2___awmod@counter:
  1515                           	callstack 0
  1516   000006                     
  1517                           ; 1 bytes @ 0x4
  1518   000006                     	ds	1
  1519   000007                     i2___awmod@sign:
  1520                           	callstack 0
  1521                           
  1522                           ; 1 bytes @ 0x5
  1523   000007                     	ds	1
  1524   000008                     ??i2_RR_scheduler:
  1525                           
  1526                           ; 1 bytes @ 0x6
  1527   000008                     	ds	2
  1528   00000A                     i2RR_scheduler@prox:
  1529                           	callstack 0
  1530                           
  1531                           ; 1 bytes @ 0x8
  1532   00000A                     	ds	1
  1533   00000B                     ??i2_scheduler:
  1534                           
  1535                           ; 1 bytes @ 0x9
  1536   00000B                     	ds	3
  1537   00000E                     ??_ISR:
  1538                           
  1539                           ; 1 bytes @ 0xC
  1540   00000E                     	ds	12
  1541   00001A                     ??_LED_1:
  1542                           
  1543                           ; 1 bytes @ 0x18
  1544   00001A                     	ds	1
  1545   00001B                     ?___awmod:
  1546                           	callstack 0
  1547   00001B                     ISR@i:
  1548                           	callstack 0
  1549   00001B                     ___awmod@dividend:
  1550                           	callstack 0
  1551                           
  1552                           ; 2 bytes @ 0x19
  1553   00001B                     	ds	2
  1554   00001D                     ___awmod@divisor:
  1555                           	callstack 0
  1556                           
  1557                           ; 2 bytes @ 0x1B
  1558   00001D                     	ds	2
  1559   00001F                     ___awmod@counter:
  1560                           	callstack 0
  1561   00001F                     
  1562                           ; 1 bytes @ 0x1D
  1563   00001F                     	ds	1
  1564   000020                     ___awmod@sign:
  1565                           	callstack 0
  1566                           
  1567                           ; 1 bytes @ 0x1E
  1568   000020                     	ds	1
  1569   000021                     ??_RR_scheduler:
  1570                           
  1571                           ; 1 bytes @ 0x1F
  1572   000021                     	ds	2
  1573   000023                     RR_scheduler@prox:
  1574                           	callstack 0
  1575                           
  1576                           ; 1 bytes @ 0x21
  1577   000023                     	ds	1
  1578   000024                     ??_scheduler:
  1579                           
  1580                           ; 1 bytes @ 0x22
  1581   000024                     	ds	3
  1582   000027                     ??_os_delay:
  1583                           
  1584                           ; 1 bytes @ 0x25
  1585   000027                     	ds	7
  1586   00002E                     os_delay@time:
  1587                           	callstack 0
  1588                           
  1589                           ; 1 bytes @ 0x2C
  1590   00002E                     	ds	1
  1591   00002F                     ??_LED_2:
  1592                           
  1593                           ; 1 bytes @ 0x2D
  1594   00002F                     	ds	1
  1595   000030                     ??_LED_3:
  1596                           
  1597                           ; 1 bytes @ 0x2E
  1598   000030                     	ds	1
  1599                           
  1600 ;;
  1601 ;;Main: autosize = 0, tempsize = 0, incstack = 0, save=0
  1602 ;;
  1603 ;; *************** function _main *****************
  1604 ;; Defined at:
  1605 ;;		line 8 in file "main.c"
  1606 ;; Parameters:    Size  Location     Type
  1607 ;;		None
  1608 ;; Auto vars:     Size  Location     Type
  1609 ;;		None
  1610 ;; Return value:  Size  Location     Type
  1611 ;;                  2   16[None  ] int 
  1612 ;; Registers used:
  1613 ;;		wreg, fsr1l, fsr1h, fsr2l, fsr2h, status,2, status,0, prodl, prodh, cstack
  1614 ;; Tracked objects:
  1615 ;;		On entry : 0/0
  1616 ;;		On exit  : 0/0
  1617 ;;		Unchanged: 0/0
  1618 ;; Data sizes:     COMRAM   BANK0   BANK1   BANK2   BANK3   BANK4   BANK5   BANK6   BANK7   BANK8   BANK9  BANK10  BANK1
      +1  BANK12  BANK13  BANK14  BANK15
  1619 ;;      Params:         0       0       0       0       0       0       0       0       0       0       0       0       
      +0       0       0       0       0
  1620 ;;      Locals:         0       0       0       0       0       0       0       0       0       0       0       0       
      +0       0       0       0       0
  1621 ;;      Temps:          0       0       0       0       0       0       0       0       0       0       0       0       
      +0       0       0       0       0
  1622 ;;      Totals:         0       0       0       0       0       0       0       0       0       0       0       0       
      +0       0       0       0       0
  1623 ;;Total ram usage:        0 bytes
  1624 ;; Hardware stack levels required when called: 11
  1625 ;; This function calls:
  1626 ;;		_os_config
  1627 ;;		_os_create_task
  1628 ;;		_os_start
  1629 ;; This function is called by:
  1630 ;;		Startup code after reset
  1631 ;; This function uses a non-reentrant model
  1632 ;;
  1633                           
  1634                           	psect	text0
  1635   0018A8                     __ptext0:
  1636                           	callstack 0
  1637   0018A8                     _main:
  1638                           	callstack 20
  1639   0018A8                     
  1640                           ;main.c: 10:     os_config();
  1641   0018A8  EC94  F00C         	call	_os_config	;wreg free
  1642                           
  1643                           ;main.c: 16:     os_create_task(2, LED_1, 5);
  1644   0018AC  0E8A               	movlw	low _LED_1
  1645   0018AE  0100               	movlb	0	; () banked
  1646   0018B0  6F60               	movwf	os_create_task@func& (0+255),b
  1647   0018B2  0E19               	movlw	high _LED_1
  1648   0018B4  6F61               	movwf	(os_create_task@func+1)& (0+255),b
  1649   0018B6  0E05               	movlw	5
  1650   0018B8  6F62               	movwf	os_create_task@prior& (0+255),b
  1651   0018BA  0E02               	movlw	2
  1652   0018BC  EC1E  F00C         	call	_os_create_task
  1653                           
  1654                           ;main.c: 17:     os_create_task(3, LED_2, 5);
  1655   0018C0  0E5A               	movlw	low _LED_2
  1656   0018C2  0100               	movlb	0	; () banked
  1657   0018C4  6F60               	movwf	os_create_task@func& (0+255),b
  1658   0018C6  0E19               	movlw	high _LED_2
  1659   0018C8  6F61               	movwf	(os_create_task@func+1)& (0+255),b
  1660   0018CA  0E05               	movlw	5
  1661   0018CC  6F62               	movwf	os_create_task@prior& (0+255),b
  1662   0018CE  0E03               	movlw	3
  1663   0018D0  EC1E  F00C         	call	_os_create_task
  1664                           
  1665                           ;main.c: 18:     os_create_task(4, LED_3, 5);
  1666   0018D4  0E2E               	movlw	low _LED_3
  1667   0018D6  0100               	movlb	0	; () banked
  1668   0018D8  6F60               	movwf	os_create_task@func& (0+255),b
  1669   0018DA  0E1A               	movlw	high _LED_3
  1670   0018DC  6F61               	movwf	(os_create_task@func+1)& (0+255),b
  1671   0018DE  0E05               	movlw	5
  1672   0018E0  6F62               	movwf	os_create_task@prior& (0+255),b
  1673   0018E2  0E04               	movlw	4
  1674   0018E4  EC1E  F00C         	call	_os_create_task
  1675   0018E8                     
  1676                           ;main.c: 20:     os_start();
  1677   0018E8  EC3E  F00D         	call	_os_start	;wreg free
  1678   0018EC                     l17:
  1679   0018EC  EF76  F00C         	goto	l17
  1680   0018F0  EF8D  F003         	goto	start
  1681   0018F4                     __end_of_main:
  1682                           	callstack 0
  1683                           
  1684 ;; *************** function _os_start *****************
  1685 ;; Defined at:
  1686 ;;		line 79 in file "kernel.c"
  1687 ;; Parameters:    Size  Location     Type
  1688 ;;		None
  1689 ;; Auto vars:     Size  Location     Type
  1690 ;;		None
  1691 ;; Return value:  Size  Location     Type
  1692 ;;                  1    wreg      void 
  1693 ;; Registers used:
  1694 ;;		wreg, status,2, cstack
  1695 ;; Tracked objects:
  1696 ;;		On entry : 0/0
  1697 ;;		On exit  : 0/0
  1698 ;;		Unchanged: 0/0
  1699 ;; Data sizes:     COMRAM   BANK0   BANK1   BANK2   BANK3   BANK4   BANK5   BANK6   BANK7   BANK8   BANK9  BANK10  BANK1
      +1  BANK12  BANK13  BANK14  BANK15
  1700 ;;      Params:         0       0       0       0       0       0       0       0       0       0       0       0       
      +0       0       0       0       0
  1701 ;;      Locals:         0       0       0       0       0       0       0       0       0       0       0       0       
      +0       0       0       0       0
  1702 ;;      Temps:          0       0       0       0       0       0       0       0       0       0       0       0       
      +0       0       0       0       0
  1703 ;;      Totals:         0       0       0       0       0       0       0       0       0       0       0       0       
      +0       0       0       0       0
  1704 ;;Total ram usage:        0 bytes
  1705 ;; Hardware stack levels used: 1
  1706 ;; Hardware stack levels required when called: 10
  1707 ;; This function calls:
  1708 ;;		_setup_hardware
  1709 ;; This function is called by:
  1710 ;;		_main
  1711 ;; This function uses a non-reentrant model
  1712 ;;
  1713                           
  1714                           	psect	text1
  1715   001A7C                     __ptext1:
  1716                           	callstack 0
  1717   001A7C                     _os_start:
  1718                           	callstack 20
  1719   001A7C                     
  1720                           ;kernel.c: 81:     setup_hardware();
  1721   001A7C  EC2A  F00D         	call	_setup_hardware	;wreg free
  1722   001A80                     
  1723                           ;kernel.c: 82:     INTCONbits.GIE = 1;;
  1724   001A80  8EF2               	bsf	242,7,c	;volatile
  1725   001A82  0012               	return		;funcret
  1726   001A84                     __end_of_os_start:
  1727                           	callstack 0
  1728                           
  1729 ;; *************** function _setup_hardware *****************
  1730 ;; Defined at:
  1731 ;;		line 10 in file "hw.c"
  1732 ;; Parameters:    Size  Location     Type
  1733 ;;		None
  1734 ;; Auto vars:     Size  Location     Type
  1735 ;;		None
  1736 ;; Return value:  Size  Location     Type
  1737 ;;                  1    wreg      void 
  1738 ;; Registers used:
  1739 ;;		wreg, status,2
  1740 ;; Tracked objects:
  1741 ;;		On entry : 0/0
  1742 ;;		On exit  : 0/0
  1743 ;;		Unchanged: 0/0
  1744 ;; Data sizes:     COMRAM   BANK0   BANK1   BANK2   BANK3   BANK4   BANK5   BANK6   BANK7   BANK8   BANK9  BANK10  BANK1
      +1  BANK12  BANK13  BANK14  BANK15
  1745 ;;      Params:         0       0       0       0       0       0       0       0       0       0       0       0       
      +0       0       0       0       0
  1746 ;;      Locals:         0       0       0       0       0       0       0       0       0       0       0       0       
      +0       0       0       0       0
  1747 ;;      Temps:          0       0       0       0       0       0       0       0       0       0       0       0       
      +0       0       0       0       0
  1748 ;;      Totals:         0       0       0       0       0       0       0       0       0       0       0       0       
      +0       0       0       0       0
  1749 ;;Total ram usage:        0 bytes
  1750 ;; Hardware stack levels used: 1
  1751 ;; Hardware stack levels required when called: 9
  1752 ;; This function calls:
  1753 ;;		Nothing
  1754 ;; This function is called by:
  1755 ;;		_os_start
  1756 ;; This function uses a non-reentrant model
  1757 ;;
  1758                           
  1759                           	psect	text2
  1760   001A54                     __ptext2:
  1761                           	callstack 0
  1762   001A54                     _setup_hardware:
  1763                           	callstack 20
  1764   001A54                     
  1765                           ;hw.c: 13:     INTCONbits.TMR0IE = 1;
  1766   001A54  8AF2               	bsf	242,5,c	;volatile
  1767                           
  1768                           ;hw.c: 14:     INTCONbits.TMR0IF = 0;
  1769   001A56  94F2               	bcf	242,2,c	;volatile
  1770                           
  1771                           ;hw.c: 15:     T0CONbits.T08BIT = 1;
  1772   001A58  8CD5               	bsf	213,6,c	;volatile
  1773                           
  1774                           ;hw.c: 16:     T0CONbits.T0CS = 0;
  1775   001A5A  9AD5               	bcf	213,5,c	;volatile
  1776                           
  1777                           ;hw.c: 17:     T0CONbits.PSA = 0;
  1778   001A5C  96D5               	bcf	213,3,c	;volatile
  1779   001A5E                     
  1780                           ;hw.c: 18:     T0CONbits.T0PS = 0b111;
  1781   001A5E  0E07               	movlw	7
  1782   001A60  12D5               	iorwf	213,f,c	;volatile
  1783   001A62                     
  1784                           ;hw.c: 19:     T0CONbits.TMR0ON = 1;
  1785   001A62  8ED5               	bsf	213,7,c	;volatile
  1786                           
  1787                           ;hw.c: 20:     TMR0 = 0;
  1788   001A64  6AD7               	clrf	215,c	;volatile
  1789   001A66  0E00               	movlw	0
  1790   001A68  6ED6               	movwf	214,c	;volatile
  1791   001A6A  0012               	return		;funcret
  1792   001A6C                     __end_of_setup_hardware:
  1793                           	callstack 0
  1794                           
  1795 ;; *************** function _os_config *****************
  1796 ;; Defined at:
  1797 ;;		line 66 in file "kernel.c"
  1798 ;; Parameters:    Size  Location     Type
  1799 ;;		None
  1800 ;; Auto vars:     Size  Location     Type
  1801 ;;		None
  1802 ;; Return value:  Size  Location     Type
  1803 ;;                  1    wreg      void 
  1804 ;; Registers used:
  1805 ;;		wreg, fsr1l, fsr1h, fsr2l, fsr2h, status,2, status,0, prodl, prodh, cstack
  1806 ;; Tracked objects:
  1807 ;;		On entry : 0/0
  1808 ;;		On exit  : 0/0
  1809 ;;		Unchanged: 0/0
  1810 ;; Data sizes:     COMRAM   BANK0   BANK1   BANK2   BANK3   BANK4   BANK5   BANK6   BANK7   BANK8   BANK9  BANK10  BANK1
      +1  BANK12  BANK13  BANK14  BANK15
  1811 ;;      Params:         0       0       0       0       0       0       0       0       0       0       0       0       
      +0       0       0       0       0
  1812 ;;      Locals:         0       0       0       0       0       0       0       0       0       0       0       0       
      +0       0       0       0       0
  1813 ;;      Temps:          0       0       0       0       0       0       0       0       0       0       0       0       
      +0       0       0       0       0
  1814 ;;      Totals:         0       0       0       0       0       0       0       0       0       0       0       0       
      +0       0       0       0       0
  1815 ;;Total ram usage:        0 bytes
  1816 ;; Hardware stack levels used: 1
  1817 ;; Hardware stack levels required when called: 10
  1818 ;; This function calls:
  1819 ;;		_config_user
  1820 ;;		_os_create_task
  1821 ;; This function is called by:
  1822 ;;		_main
  1823 ;; This function uses a non-reentrant model
  1824 ;;
  1825                           
  1826                           	psect	text3
  1827   001928                     __ptext3:
  1828                           	callstack 0
  1829   001928                     _os_config:
  1830                           	callstack 20
  1831   001928                     
  1832                           ;kernel.c: 68:     r_queue.size = 0;
  1833   001928  0E00               	movlw	0
  1834   00192A  CFE8 F2AE          	movff	wreg,_r_queue+468
  1835                           
  1836                           ;kernel.c: 69:     r_queue.task_running = &r_queue.TASKS[0];
  1837   00192E  0EDA               	movlw	low _r_queue
  1838   001930  CFE8 F2AF          	movff	wreg,_r_queue+469
  1839   001934  0E00               	movlw	high _r_queue
  1840   001936  CFE8 F2B0          	movff	wreg,_r_queue+470
  1841                           
  1842                           ;kernel.c: 70:     r_queue.pos_task_running = 0;
  1843   00193A  0E00               	movlw	0
  1844   00193C  CFE8 F2B1          	movff	wreg,_r_queue+471
  1845   001940                     
  1846                           ;kernel.c: 73:     os_create_task(1, idle, 0);
  1847   001940  0EB6               	movlw	low _idle
  1848   001942  0100               	movlb	0	; () banked
  1849   001944  6F60               	movwf	os_create_task@func& (0+255),b
  1850   001946  0E19               	movlw	high _idle
  1851   001948  6F61               	movwf	(os_create_task@func+1)& (0+255),b
  1852   00194A  0E00               	movlw	0
  1853   00194C  6F62               	movwf	os_create_task@prior& (0+255),b
  1854   00194E  0E01               	movlw	1
  1855   001950  EC1E  F00C         	call	_os_create_task	;# 
  1856   001954                     
  1857                           ;kernel.c: 76:     config_user();
  1858   001954  EC36  F00D         	call	_config_user	;wreg free
  1859   001958  0012               	return		;funcret
  1860   00195A                     __end_of_os_config:
  1861                           	callstack 0
  1862                           
  1863 ;; *************** function _os_create_task *****************
  1864 ;; Defined at:
  1865 ;;		line 22 in file "kernel.c"
  1866 ;; Parameters:    Size  Location     Type
  1867 ;;  id              1    wreg     unsigned char 
  1868 ;;  func            2    0[BANK0 ] PTR FTN()void 
  1869 ;;		 -> idle(1), LED_3(1), LED_2(1), LED_1(1), 
  1870 ;;  prior           1    2[BANK0 ] unsigned char 
  1871 ;; Auto vars:     Size  Location     Type
  1872 ;;  id              1    4[BANK0 ] unsigned char 
  1873 ;;  new_task      117    5[BANK0 ] struct tcb
  1874 ;; Return value:  Size  Location     Type
  1875 ;;                  1    wreg      void 
  1876 ;; Registers used:
  1877 ;;		wreg, fsr1l, fsr1h, fsr2l, fsr2h, status,2, status,0, prodl, prodh
  1878 ;; Tracked objects:
  1879 ;;		On entry : 0/0
  1880 ;;		On exit  : 0/0
  1881 ;;		Unchanged: 0/0
  1882 ;; Data sizes:     COMRAM   BANK0   BANK1   BANK2   BANK3   BANK4   BANK5   BANK6   BANK7   BANK8   BANK9  BANK10  BANK1
      +1  BANK12  BANK13  BANK14  BANK15
  1883 ;;      Params:         0       3       0       0       0       0       0       0       0       0       0       0       
      +0       0       0       0       0
  1884 ;;      Locals:         0     118       0       0       0       0       0       0       0       0       0       0       
      +0       0       0       0       0
  1885 ;;      Temps:          0       1       0       0       0       0       0       0       0       0       0       0       
      +0       0       0       0       0
  1886 ;;      Totals:         0     122       0       0       0       0       0       0       0       0       0       0       
      +0       0       0       0       0
  1887 ;;Total ram usage:      122 bytes
  1888 ;; Hardware stack levels used: 1
  1889 ;; Hardware stack levels required when called: 9
  1890 ;; This function calls:
  1891 ;;		Nothing
  1892 ;; This function is called by:
  1893 ;;		_main
  1894 ;;		_os_config
  1895 ;; This function uses a non-reentrant model
  1896 ;;
  1897                           
  1898                           	psect	text4
  1899   00183C                     __ptext4:
  1900                           	callstack 0
  1901   00183C                     _os_create_task:
  1902                           	callstack 20
  1903                           
  1904                           ;incstack = 0
  1905                           ;os_create_task@id stored from wreg
  1906   00183C  0100               	movlb	0	; () banked
  1907   00183E  6F64               	movwf	os_create_task@id& (0+255),b
  1908   001840                     
  1909                           ;kernel.c: 22: void os_create_task(uint8_t id, f_ptr func, uint8_t prior);kernel.c: 23: 
      +                          {;kernel.c: 24:     tcb_t new_task;;kernel.c: 26:     new_task.task_id = id;
  1910   001840  C064  F065         	movff	os_create_task@id,os_create_task@new_task
  1911   001844                     
  1912                           ;kernel.c: 27:     new_task.task_delay = 0;
  1913   001844  0100               	movlb	0	; () banked
  1914   001846  6B69               	clrf	(os_create_task@new_task+4)& (0+255),b
  1915   001848                     
  1916                           ; BSR set to: 0
  1917                           ;kernel.c: 28:     new_task.task_priority = prior;
  1918   001848  C062  F06A         	movff	os_create_task@prior,os_create_task@new_task+5
  1919   00184C                     
  1920                           ; BSR set to: 0
  1921                           ;kernel.c: 29:     new_task.task_ptr = func;
  1922   00184C  C060  F067         	movff	os_create_task@func,os_create_task@new_task+2
  1923   001850  C061  F068         	movff	os_create_task@func+1,os_create_task@new_task+3
  1924   001854                     
  1925                           ; BSR set to: 0
  1926                           ;kernel.c: 30:     new_task.task_state = READY;
  1927   001854  6B66               	clrf	(os_create_task@new_task+1)& (0+255),b
  1928   001856                     
  1929                           ; BSR set to: 0
  1930                           ;kernel.c: 32:     new_task.BSR_REG = 0;
  1931   001856  6B6D               	clrf	(os_create_task@new_task+8)& (0+255),b
  1932   001858                     
  1933                           ; BSR set to: 0
  1934                           ;kernel.c: 33:     new_task.FSR0H_REG = 0;
  1935   001858  6B71               	clrf	(os_create_task@new_task+12)& (0+255),b
  1936   00185A                     
  1937                           ; BSR set to: 0
  1938                           ;kernel.c: 34:     new_task.FSR0L_REG = 0;
  1939   00185A  6B70               	clrf	(os_create_task@new_task+11)& (0+255),b
  1940   00185C                     
  1941                           ; BSR set to: 0
  1942                           ;kernel.c: 35:     new_task.FSR1H_REG = 0;
  1943   00185C  6B73               	clrf	(os_create_task@new_task+14)& (0+255),b
  1944   00185E                     
  1945                           ; BSR set to: 0
  1946                           ;kernel.c: 36:     new_task.FSR1L_REG = 0;
  1947   00185E  6B72               	clrf	(os_create_task@new_task+13)& (0+255),b
  1948   001860                     
  1949                           ; BSR set to: 0
  1950                           ;kernel.c: 37:     new_task.FSR2H_REG = 0;
  1951   001860  6B75               	clrf	(os_create_task@new_task+16)& (0+255),b
  1952   001862                     
  1953                           ; BSR set to: 0
  1954                           ;kernel.c: 38:     new_task.FSR2L_REG = 0;
  1955   001862  6B74               	clrf	(os_create_task@new_task+15)& (0+255),b
  1956   001864                     
  1957                           ; BSR set to: 0
  1958                           ;kernel.c: 39:     new_task.PCLATH_REG = 0;
  1959   001864  6B7A               	clrf	(os_create_task@new_task+21)& (0+255),b
  1960   001866                     
  1961                           ; BSR set to: 0
  1962                           ;kernel.c: 40:     new_task.PCLATU_REG = 0;
  1963   001866  6B7B               	clrf	(os_create_task@new_task+22)& (0+255),b
  1964   001868                     
  1965                           ; BSR set to: 0
  1966                           ;kernel.c: 41:     new_task.PRODH_REG = 0;
  1967   001868  6B6F               	clrf	(os_create_task@new_task+10)& (0+255),b
  1968   00186A                     
  1969                           ; BSR set to: 0
  1970                           ;kernel.c: 42:     new_task.PRODL_REG = 0;
  1971   00186A  6B6E               	clrf	(os_create_task@new_task+9)& (0+255),b
  1972   00186C                     
  1973                           ; BSR set to: 0
  1974                           ;kernel.c: 43:     new_task.STATUS_REG = 0;
  1975   00186C  6B6C               	clrf	(os_create_task@new_task+7)& (0+255),b
  1976   00186E                     
  1977                           ; BSR set to: 0
  1978                           ;kernel.c: 44:     new_task.TABLAT_REG = 0;
  1979   00186E  6B76               	clrf	(os_create_task@new_task+17)& (0+255),b
  1980   001870                     
  1981                           ; BSR set to: 0
  1982                           ;kernel.c: 45:     new_task.TBLPTRH_REG = 0;
  1983   001870  6B78               	clrf	(os_create_task@new_task+19)& (0+255),b
  1984   001872                     
  1985                           ; BSR set to: 0
  1986                           ;kernel.c: 46:     new_task.TBLPTRL_REG = 0;
  1987   001872  6B77               	clrf	(os_create_task@new_task+18)& (0+255),b
  1988   001874                     
  1989                           ; BSR set to: 0
  1990                           ;kernel.c: 47:     new_task.TBLPTRU_REG = 0;
  1991   001874  6B79               	clrf	(os_create_task@new_task+20)& (0+255),b
  1992   001876                     
  1993                           ; BSR set to: 0
  1994                           ;kernel.c: 48:     new_task.W_REG = 0;
  1995   001876  6B6B               	clrf	(os_create_task@new_task+6)& (0+255),b
  1996   001878                     
  1997                           ; BSR set to: 0
  1998                           ;kernel.c: 49:     new_task.task_stack.stack_size = 0;
  1999   001878  6BD9               	clrf	(os_create_task@new_task+116)& (0+255),b
  2000   00187A                     
  2001                           ; BSR set to: 0
  2002                           ;kernel.c: 52:     r_queue.TASKS[r_queue.size++] = new_task;
  2003   00187A  EE20  F065         	lfsr	2,os_create_task@new_task
  2004   00187E  C2AE  F063         	movff	_r_queue+468,??_os_create_task
  2005   001882  5163               	movf	??_os_create_task& (0+255),w,b
  2006   001884  0D75               	mullw	117
  2007   001886  0EDA               	movlw	low _r_queue
  2008   001888  24F3               	addwf	243,w,c
  2009   00188A  6EE1               	movwf	fsr1l,c
  2010   00188C  0E00               	movlw	high _r_queue
  2011   00188E  20F4               	addwfc	prodh,w,c
  2012   001890  6EE2               	movwf	fsr1h,c
  2013   001892  0E74               	movlw	116
  2014   001894                     u591:
  2015   001894  CFDB FFE3          	movff	plusw2,plusw1
  2016   001898  06E8               	decf	wreg,f,c
  2017   00189A  E2FC               	bc	u591
  2018   00189C                     
  2019                           ; BSR set to: 0
  2020   00189C  C2AE  FFE8         	movff	_r_queue+468,wreg
  2021   0018A0  0F01               	addlw	1
  2022   0018A2  CFE8 F2AE          	movff	wreg,_r_queue+468
  2023   0018A6                     
  2024                           ; BSR set to: 0
  2025   0018A6  0012               	return		;funcret
  2026   0018A8                     __end_of_os_create_task:
  2027                           	callstack 0
  2028                           
  2029 ;; *************** function _config_user *****************
  2030 ;; Defined at:
  2031 ;;		line 5 in file "user.c"
  2032 ;; Parameters:    Size  Location     Type
  2033 ;;		None
  2034 ;; Auto vars:     Size  Location     Type
  2035 ;;		None
  2036 ;; Return value:  Size  Location     Type
  2037 ;;                  1    wreg      void 
  2038 ;; Registers used:
  2039 ;;		None
  2040 ;; Tracked objects:
  2041 ;;		On entry : 0/0
  2042 ;;		On exit  : 0/0
  2043 ;;		Unchanged: 0/0
  2044 ;; Data sizes:     COMRAM   BANK0   BANK1   BANK2   BANK3   BANK4   BANK5   BANK6   BANK7   BANK8   BANK9  BANK10  BANK1
      +1  BANK12  BANK13  BANK14  BANK15
  2045 ;;      Params:         0       0       0       0       0       0       0       0       0       0       0       0       
      +0       0       0       0       0
  2046 ;;      Locals:         0       0       0       0       0       0       0       0       0       0       0       0       
      +0       0       0       0       0
  2047 ;;      Temps:          0       0       0       0       0       0       0       0       0       0       0       0       
      +0       0       0       0       0
  2048 ;;      Totals:         0       0       0       0       0       0       0       0       0       0       0       0       
      +0       0       0       0       0
  2049 ;;Total ram usage:        0 bytes
  2050 ;; Hardware stack levels used: 1
  2051 ;; Hardware stack levels required when called: 9
  2052 ;; This function calls:
  2053 ;;		Nothing
  2054 ;; This function is called by:
  2055 ;;		_os_config
  2056 ;; This function uses a non-reentrant model
  2057 ;;
  2058                           
  2059                           	psect	text5
  2060   001A6C                     __ptext5:
  2061                           	callstack 0
  2062   001A6C                     _config_user:
  2063                           	callstack 20
  2064   001A6C                     
  2065                           ;user.c: 7:     TRISCbits.RC6 = 0;
  2066   001A6C  9C94               	bcf	148,6,c	;volatile
  2067                           
  2068                           ;user.c: 8:     TRISCbits.RC7 = 0;
  2069   001A6E  9E94               	bcf	148,7,c	;volatile
  2070                           
  2071                           ;user.c: 9:     TRISDbits.RD0 = 0;
  2072   001A70  9095               	bcf	149,0,c	;volatile
  2073                           
  2074                           ;user.c: 10:     ANSELDbits.ANSD0 = 0;
  2075   001A72  010F               	movlb	15	; () banked
  2076   001A74  913B               	bcf	59,0,b	;volatile
  2077                           
  2078                           ;user.c: 11:     ANSELCbits.ANSC6 = 0;
  2079   001A76  9D3A               	bcf	58,6,b	;volatile
  2080                           
  2081                           ;user.c: 12:     ANSELCbits.ANSC7 = 0;
  2082   001A78  9F3A               	bcf	58,7,b	;# 
  2083   001A7A  0012               	return		;funcret
  2084   001A7C                     __end_of_config_user:
  2085                           	callstack 0
  2086                           
  2087 ;; *************** function _idle *****************
  2088 ;; Defined at:
  2089 ;;		line 86 in file "kernel.c"
  2090 ;; Parameters:    Size  Location     Type
  2091 ;;		None
  2092 ;; Auto vars:     Size  Location     Type
  2093 ;;		None
  2094 ;; Return value:  Size  Location     Type
  2095 ;;                  1    wreg      void 
  2096 ;; Registers used:
  2097 ;;		wreg, status,2, status,0
  2098 ;; Tracked objects:
  2099 ;;		On entry : 0/0
  2100 ;;		On exit  : 0/0
  2101 ;;		Unchanged: 0/0
  2102 ;; Data sizes:     COMRAM   BANK0   BANK1   BANK2   BANK3   BANK4   BANK5   BANK6   BANK7   BANK8   BANK9  BANK10  BANK1
      +1  BANK12  BANK13  BANK14  BANK15
  2103 ;;      Params:         0       0       0       0       0       0       0       0       0       0       0       0       
      +0       0       0       0       0
  2104 ;;      Locals:         0       0       0       0       0       0       0       0       0       0       0       0       
      +0       0       0       0       0
  2105 ;;      Temps:          1       0       0       0       0       0       0       0       0       0       0       0       
      +0       0       0       0       0
  2106 ;;      Totals:         1       0       0       0       0       0       0       0       0       0       0       0       
      +0       0       0       0       0
  2107 ;;Total ram usage:        1 bytes
  2108 ;; Hardware stack levels used: 1
  2109 ;; Hardware stack levels required when called: 4
  2110 ;; This function calls:
  2111 ;;		Nothing
  2112 ;; This function is called by:
  2113 ;;		_os_config
  2114 ;;		_RR_scheduler
  2115 ;;		i2_RR_scheduler
  2116 ;; This function uses a non-reentrant model
  2117 ;;
  2118                           
  2119                           	psect	text6
  2120   0019B6                     __ptext6:
  2121                           	callstack 0
  2122   0019B6                     _idle:
  2123                           	callstack 24
  2124   0019B6                     
  2125                           ;kernel.c: 88:     TRISCbits.RC0 = 0;
  2126   0019B6  9094               	bcf	148,0,c	;volatile
  2127   0019B8                     l1309:
  2128                           
  2129                           ;kernel.c: 91:         PORTCbits.RC0 = ~PORTCbits.RC0;
  2130   0019B8  B082               	btfsc	130,0,c	;volatile
  2131   0019BA  EFE1  F00C         	goto	u30_21
  2132   0019BE  EFE4  F00C         	goto	u30_20
  2133   0019C2                     u30_21:
  2134   0019C2  0E01               	movlw	1
  2135   0019C4  EFE5  F00C         	goto	u30_26
  2136   0019C8                     u30_20:
  2137   0019C8  0E00               	movlw	0
  2138   0019CA                     u30_26:
  2139   0019CA  0AFF               	xorlw	255
  2140   0019CC  6E02               	movwf	??_idle^0,c
  2141   0019CE  5082               	movf	130,w,c	;volatile
  2142   0019D0  1802               	xorwf	??_idle^0,w,c
  2143   0019D2  0BFE               	andlw	-2
  2144   0019D4  1802               	xorwf	??_idle^0,w,c
  2145   0019D6  6E82               	movwf	130,c	;volatile
  2146   0019D8  EFDC  F00C         	goto	l1309
  2147   0019DC  0012               	return		;funcret
  2148   0019DE                     __end_of_idle:
  2149                           	callstack 0
  2150                           
  2151 ;; *************** function _LED_1 *****************
  2152 ;; Defined at:
  2153 ;;		line 38 in file "user.c"
  2154 ;; Parameters:    Size  Location     Type
  2155 ;;		None
  2156 ;; Auto vars:     Size  Location     Type
  2157 ;;		None
  2158 ;; Return value:  Size  Location     Type
  2159 ;;                  1    wreg      void 
  2160 ;; Registers used:
  2161 ;;		wreg, status,2, status,0
  2162 ;; Tracked objects:
  2163 ;;		On entry : 0/0
  2164 ;;		On exit  : 0/0
  2165 ;;		Unchanged: 0/0
  2166 ;; Data sizes:     COMRAM   BANK0   BANK1   BANK2   BANK3   BANK4   BANK5   BANK6   BANK7   BANK8   BANK9  BANK10  BANK1
      +1  BANK12  BANK13  BANK14  BANK15
  2167 ;;      Params:         0       0       0       0       0       0       0       0       0       0       0       0       
      +0       0       0       0       0
  2168 ;;      Locals:         0       0       0       0       0       0       0       0       0       0       0       0       
      +0       0       0       0       0
  2169 ;;      Temps:          1       0       0       0       0       0       0       0       0       0       0       0       
      +0       0       0       0       0
  2170 ;;      Totals:         1       0       0       0       0       0       0       0       0       0       0       0       
      +0       0       0       0       0
  2171 ;;Total ram usage:        1 bytes
  2172 ;; Hardware stack levels used: 1
  2173 ;; Hardware stack levels required when called: 4
  2174 ;; This function calls:
  2175 ;;		Nothing
  2176 ;; This function is called by:
  2177 ;;		_main
  2178 ;; This function uses a non-reentrant model
  2179 ;;
  2180                           
  2181                           	psect	text7
  2182   00198A                     __ptext7:
  2183                           	callstack 0
  2184   00198A                     _LED_1:
  2185                           	callstack 24
  2186   00198A                     l163:
  2187   00198A                     
  2188                           ;user.c: 41:         PORTCbits.RC6 = ~PORTCbits.RC6;
  2189   00198A  BC82               	btfsc	130,6,c	;volatile
  2190   00198C  EFCA  F00C         	goto	u31_21
  2191   001990  EFCD  F00C         	goto	u31_20
  2192   001994                     u31_21:
  2193   001994  0E01               	movlw	1
  2194   001996  EFCE  F00C         	goto	u31_26
  2195   00199A                     u31_20:
  2196   00199A  0E00               	movlw	0
  2197   00199C                     u31_26:
  2198   00199C  0AFF               	xorlw	255
  2199   00199E  6E1A               	movwf	??_LED_1^0,c
  2200   0019A0  3A1A               	swapf	??_LED_1^0,f,c
  2201   0019A2  461A               	rlncf	??_LED_1^0,f,c
  2202   0019A4  461A               	rlncf	??_LED_1^0,f,c
  2203   0019A6  5082               	movf	130,w,c	;volatile
  2204   0019A8  181A               	xorwf	??_LED_1^0,w,c
  2205   0019AA  0BBF               	andlw	-65
  2206   0019AC  181A               	xorwf	??_LED_1^0,w,c
  2207   0019AE  6E82               	movwf	130,c	;volatile
  2208   0019B0  EFC5  F00C         	goto	l163
  2209   0019B4  0012               	return		;funcret
  2210   0019B6                     __end_of_LED_1:
  2211                           	callstack 0
  2212                           
  2213 ;; *************** function _LED_2 *****************
  2214 ;; Defined at:
  2215 ;;		line 45 in file "user.c"
  2216 ;; Parameters:    Size  Location     Type
  2217 ;;		None
  2218 ;; Auto vars:     Size  Location     Type
  2219 ;;		None
  2220 ;; Return value:  Size  Location     Type
  2221 ;;                  1    wreg      void 
  2222 ;; Registers used:
  2223 ;;		wreg, fsr1l, fsr1h, fsr2l, fsr2h, status,2, status,0, prodl, prodh, cstack
  2224 ;; Tracked objects:
  2225 ;;		On entry : 0/0
  2226 ;;		On exit  : 0/0
  2227 ;;		Unchanged: 0/0
  2228 ;; Data sizes:     COMRAM   BANK0   BANK1   BANK2   BANK3   BANK4   BANK5   BANK6   BANK7   BANK8   BANK9  BANK10  BANK1
      +1  BANK12  BANK13  BANK14  BANK15
  2229 ;;      Params:         0       0       0       0       0       0       0       0       0       0       0       0       
      +0       0       0       0       0
  2230 ;;      Locals:         0       0       0       0       0       0       0       0       0       0       0       0       
      +0       0       0       0       0
  2231 ;;      Temps:          1       0       0       0       0       0       0       0       0       0       0       0       
      +0       0       0       0       0
  2232 ;;      Totals:         1       0       0       0       0       0       0       0       0       0       0       0       
      +0       0       0       0       0
  2233 ;;Total ram usage:        1 bytes
  2234 ;; Hardware stack levels used: 1
  2235 ;; Hardware stack levels required when called: 8
  2236 ;; This function calls:
  2237 ;;		_os_delay
  2238 ;; This function is called by:
  2239 ;;		_main
  2240 ;; This function uses a non-reentrant model
  2241 ;;
  2242                           
  2243                           	psect	text8
  2244   00195A                     __ptext8:
  2245                           	callstack 0
  2246   00195A                     _LED_2:
  2247                           	callstack 20
  2248   00195A                     l169:
  2249   00195A                     
  2250                           ;user.c: 48:         PORTCbits.RC7 = ~PORTCbits.RC7;
  2251   00195A  BE82               	btfsc	130,7,c	;volatile
  2252   00195C  EFB2  F00C         	goto	u74_21
  2253   001960  EFB5  F00C         	goto	u74_20
  2254   001964                     u74_21:
  2255   001964  0E01               	movlw	1
  2256   001966  EFB6  F00C         	goto	u74_26
  2257   00196A                     u74_20:
  2258   00196A  0E00               	movlw	0
  2259   00196C                     u74_26:
  2260   00196C  0AFF               	xorlw	255
  2261   00196E  6E2F               	movwf	??_LED_2^0,c
  2262   001970  322F               	rrcf	??_LED_2^0,f,c
  2263   001972  322F               	rrcf	??_LED_2^0,f,c
  2264   001974  5082               	movf	130,w,c	;volatile
  2265   001976  182F               	xorwf	??_LED_2^0,w,c
  2266   001978  0B7F               	andlw	-129
  2267   00197A  182F               	xorwf	??_LED_2^0,w,c
  2268   00197C  6E82               	movwf	130,c	;volatile
  2269   00197E                     
  2270                           ;user.c: 49:         os_delay(100);
  2271   00197E  0E64               	movlw	100
  2272   001980  EC01  F008         	call	_os_delay
  2273   001984  EFAD  F00C         	goto	l169
  2274   001988  0012               	return		;funcret
  2275   00198A                     __end_of_LED_2:
  2276                           	callstack 0
  2277                           
  2278 ;; *************** function _os_delay *****************
  2279 ;; Defined at:
  2280 ;;		line 10 in file "kernel.c"
  2281 ;; Parameters:    Size  Location     Type
  2282 ;;  time            1    wreg     unsigned char 
  2283 ;; Auto vars:     Size  Location     Type
  2284 ;;  time            1   44[COMRAM] unsigned char 
  2285 ;; Return value:  Size  Location     Type
  2286 ;;                  1    wreg      void 
  2287 ;; Registers used:
  2288 ;;		wreg, fsr1l, fsr1h, fsr2l, fsr2h, status,2, status,0, prodl, prodh, cstack
  2289 ;; Tracked objects:
  2290 ;;		On entry : 0/0
  2291 ;;		On exit  : 0/0
  2292 ;;		Unchanged: 0/0
  2293 ;; Data sizes:     COMRAM   BANK0   BANK1   BANK2   BANK3   BANK4   BANK5   BANK6   BANK7   BANK8   BANK9  BANK10  BANK1
      +1  BANK12  BANK13  BANK14  BANK15
  2294 ;;      Params:         0       0       0       0       0       0       0       0       0       0       0       0       
      +0       0       0       0       0
  2295 ;;      Locals:         1       0       0       0       0       0       0       0       0       0       0       0       
      +0       0       0       0       0
  2296 ;;      Temps:          7       0       0       0       0       0       0       0       0       0       0       0       
      +0       0       0       0       0
  2297 ;;      Totals:         8       0       0       0       0       0       0       0       0       0       0       0       
      +0       0       0       0       0
  2298 ;;Total ram usage:        8 bytes
  2299 ;; Hardware stack levels used: 1
  2300 ;; Hardware stack levels required when called: 7
  2301 ;; This function calls:
  2302 ;;		_scheduler
  2303 ;; This function is called by:
  2304 ;;		_LED_2
  2305 ;; This function uses a non-reentrant model
  2306 ;;
  2307                           
  2308                           	psect	text9
  2309   001002                     __ptext9:
  2310                           	callstack 0
  2311   001002                     _os_delay:
  2312                           	callstack 20
  2313                           
  2314                           ;incstack = 0
  2315                           ;os_delay@time stored from wreg
  2316   001002  6E2E               	movwf	os_delay@time^0,c
  2317   001004                     
  2318                           ;kernel.c: 10: void os_delay(uint8_t time);kernel.c: 11: {;kernel.c: 12:     INTCONbits.
      +                          GIE = 0;;
  2319   001004  9EF2               	bcf	242,7,c	;volatile
  2320   001006  EE22  F0AF         	lfsr	2,_r_queue+469
  2321   00100A  EE10 F001          	lfsr	1,1
  2322   00100E  50DE               	movf	postinc2,w,c
  2323   001010  26E1               	addwf	fsr1l,f,c
  2324   001012  50DD               	movf	postdec2,w,c
  2325   001014  22E2               	addwfc	fsr1h,f,c
  2326   001016  0E02               	movlw	2
  2327   001018  18E6               	xorwf	postinc1,w,c
  2328   00101A  A4D8               	btfss	status,2,c
  2329   00101C  EF12  F008         	goto	i1u62_21
  2330   001020  EF14  F008         	goto	i1u62_20
  2331   001024                     i1u62_21:
  2332   001024  EF51  F009         	goto	i1l1539
  2333   001028                     i1u62_20:
  2334   001028  EE22  F0AF         	lfsr	2,_r_queue+469
  2335   00102C  EE10 F001          	lfsr	1,1
  2336   001030  50DE               	movf	postinc2,w,c
  2337   001032  26E1               	addwf	fsr1l,f,c
  2338   001034  50DD               	movf	postdec2,w,c
  2339   001036  22E2               	addwfc	fsr1h,f,c
  2340   001038  0E01               	movlw	1
  2341   00103A  6EE7               	movwf	indf1,c
  2342   00103C  EE22  F0AF         	lfsr	2,_r_queue+469
  2343   001040  EE10 F008          	lfsr	1,8
  2344   001044  50DE               	movf	postinc2,w,c
  2345   001046  26E1               	addwf	fsr1l,f,c
  2346   001048  50DD               	movf	postdec2,w,c
  2347   00104A  22E2               	addwfc	fsr1h,f,c
  2348   00104C  CFE0 FFE7          	movff	bsr,indf1	;volatile
  2349   001050  EE22  F0AF         	lfsr	2,_r_queue+469
  2350   001054  EE10 F00C          	lfsr	1,12
  2351   001058  50DE               	movf	postinc2,w,c
  2352   00105A  26E1               	addwf	fsr1l,f,c
  2353   00105C  50DD               	movf	postdec2,w,c
  2354   00105E  22E2               	addwfc	fsr1h,f,c
  2355   001060  CFEA FFE7          	movff	fsr0h,indf1	;volatile
  2356   001064  EE22  F0AF         	lfsr	2,_r_queue+469
  2357   001068  EE10 F00B          	lfsr	1,11
  2358   00106C  50DE               	movf	postinc2,w,c
  2359   00106E  26E1               	addwf	fsr1l,f,c
  2360   001070  50DD               	movf	postdec2,w,c
  2361   001072  22E2               	addwfc	fsr1h,f,c
  2362   001074  CFE9 FFE7          	movff	fsr0l,indf1	;volatile
  2363   001078  EE22  F0AF         	lfsr	2,_r_queue+469
  2364   00107C  EE10 F00E          	lfsr	1,14
  2365   001080  50DE               	movf	postinc2,w,c
  2366   001082  26E1               	addwf	fsr1l,f,c
  2367   001084  50DD               	movf	postdec2,w,c
  2368   001086  22E2               	addwfc	fsr1h,f,c
  2369   001088  CFE2 FFE7          	movff	fsr1h,indf1	;volatile
  2370   00108C  EE22  F0AF         	lfsr	2,_r_queue+469
  2371   001090  EE10 F00D          	lfsr	1,13
  2372   001094  50DE               	movf	postinc2,w,c
  2373   001096  26E1               	addwf	fsr1l,f,c
  2374   001098  50DD               	movf	postdec2,w,c
  2375   00109A  22E2               	addwfc	fsr1h,f,c
  2376   00109C  CFE1 FFE7          	movff	fsr1l,indf1	;volatile
  2377   0010A0  EE22  F0AF         	lfsr	2,_r_queue+469
  2378   0010A4  EE10 F010          	lfsr	1,16
  2379   0010A8  50DE               	movf	postinc2,w,c
  2380   0010AA  26E1               	addwf	fsr1l,f,c
  2381   0010AC  50DD               	movf	postdec2,w,c
  2382   0010AE  22E2               	addwfc	fsr1h,f,c
  2383   0010B0  CFDA FFE7          	movff	fsr2h,indf1	;volatile
  2384   0010B4  EE22  F0AF         	lfsr	2,_r_queue+469
  2385   0010B8  EE10 F00F          	lfsr	1,15
  2386   0010BC  50DE               	movf	postinc2,w,c
  2387   0010BE  26E1               	addwf	fsr1l,f,c
  2388   0010C0  50DD               	movf	postdec2,w,c
  2389   0010C2  22E2               	addwfc	fsr1h,f,c
  2390   0010C4  CFD9 FFE7          	movff	fsr2l,indf1	;volatile
  2391   0010C8  EE22  F0AF         	lfsr	2,_r_queue+469
  2392   0010CC  EE10 F015          	lfsr	1,21
  2393   0010D0  50DE               	movf	postinc2,w,c
  2394   0010D2  26E1               	addwf	fsr1l,f,c
  2395   0010D4  50DD               	movf	postdec2,w,c
  2396   0010D6  22E2               	addwfc	fsr1h,f,c
  2397   0010D8  CFFA FFE7          	movff	pclath,indf1	;volatile
  2398   0010DC  EE22  F0AF         	lfsr	2,_r_queue+469
  2399   0010E0  EE10 F016          	lfsr	1,22
  2400   0010E4  50DE               	movf	postinc2,w,c
  2401   0010E6  26E1               	addwf	fsr1l,f,c
  2402   0010E8  50DD               	movf	postdec2,w,c
  2403   0010EA  22E2               	addwfc	fsr1h,f,c
  2404   0010EC  CFFB FFE7          	movff	pclatu,indf1	;volatile
  2405   0010F0  EE22  F0AF         	lfsr	2,_r_queue+469
  2406   0010F4  EE10 F00A          	lfsr	1,10
  2407   0010F8  50DE               	movf	postinc2,w,c
  2408   0010FA  26E1               	addwf	fsr1l,f,c
  2409   0010FC  50DD               	movf	postdec2,w,c
  2410   0010FE  22E2               	addwfc	fsr1h,f,c
  2411   001100  CFF4 FFE7          	movff	prodh,indf1	;volatile
  2412   001104  EE22  F0AF         	lfsr	2,_r_queue+469
  2413   001108  EE10 F009          	lfsr	1,9
  2414   00110C  50DE               	movf	postinc2,w,c
  2415   00110E  26E1               	addwf	fsr1l,f,c
  2416   001110  50DD               	movf	postdec2,w,c
  2417   001112  22E2               	addwfc	fsr1h,f,c
  2418   001114  CFF3 FFE7          	movff	prodl,indf1	;volatile
  2419   001118  EE22  F0AF         	lfsr	2,_r_queue+469
  2420   00111C  EE10 F011          	lfsr	1,17
  2421   001120  50DE               	movf	postinc2,w,c
  2422   001122  26E1               	addwf	fsr1l,f,c
  2423   001124  50DD               	movf	postdec2,w,c
  2424   001126  22E2               	addwfc	fsr1h,f,c
  2425   001128  CFF5 FFE7          	movff	tablat,indf1	;volatile
  2426   00112C  EE22  F0AF         	lfsr	2,_r_queue+469
  2427   001130  EE10 F013          	lfsr	1,19
  2428   001134  50DE               	movf	postinc2,w,c
  2429   001136  26E1               	addwf	fsr1l,f,c
  2430   001138  50DD               	movf	postdec2,w,c
  2431   00113A  22E2               	addwfc	fsr1h,f,c
  2432   00113C  CFF7 FFE7          	movff	tblptrh,indf1	;volatile
  2433   001140  EE22  F0AF         	lfsr	2,_r_queue+469
  2434   001144  EE10 F012          	lfsr	1,18
  2435   001148  50DE               	movf	postinc2,w,c
  2436   00114A  26E1               	addwf	fsr1l,f,c
  2437   00114C  50DD               	movf	postdec2,w,c
  2438   00114E  22E2               	addwfc	fsr1h,f,c
  2439   001150  CFF6 FFE7          	movff	tblptrl,indf1	;volatile
  2440   001154  EE22  F0AF         	lfsr	2,_r_queue+469
  2441   001158  EE10 F014          	lfsr	1,20
  2442   00115C  50DE               	movf	postinc2,w,c
  2443   00115E  26E1               	addwf	fsr1l,f,c
  2444   001160  50DD               	movf	postdec2,w,c
  2445   001162  22E2               	addwfc	fsr1h,f,c
  2446   001164  CFF8 FFE7          	movff	tblptru,indf1	;volatile
  2447   001168  EE22  F0AF         	lfsr	2,_r_queue+469
  2448   00116C  EE10 F006          	lfsr	1,6
  2449   001170  50DE               	movf	postinc2,w,c
  2450   001172  26E1               	addwf	fsr1l,f,c
  2451   001174  50DD               	movf	postdec2,w,c
  2452   001176  22E2               	addwfc	fsr1h,f,c
  2453   001178  CFE8 FFE7          	movff	wreg,indf1	;volatile
  2454   00117C  EE22  F0AF         	lfsr	2,_r_queue+469
  2455   001180  EE10 F007          	lfsr	1,7
  2456   001184  50DE               	movf	postinc2,w,c
  2457   001186  26E1               	addwf	fsr1l,f,c
  2458   001188  50DD               	movf	postdec2,w,c
  2459   00118A  22E2               	addwfc	fsr1h,f,c
  2460   00118C  CFD8 FFE7          	movff	status,indf1	;volatile
  2461   001190  EE22  F0AF         	lfsr	2,_r_queue+469
  2462   001194  EE10 F074          	lfsr	1,116
  2463   001198  50DE               	movf	postinc2,w,c
  2464   00119A  26E1               	addwf	fsr1l,f,c
  2465   00119C  50DD               	movf	postdec2,w,c
  2466   00119E  22E2               	addwfc	fsr1h,f,c
  2467   0011A0  6AE7               	clrf	indf1,c
  2468   0011A2  EF49  F009         	goto	i1l1537
  2469   0011A6                     i1l1533:
  2470   0011A6  EE22  F0AF         	lfsr	2,_r_queue+469
  2471   0011AA  EE10 F074          	lfsr	1,116
  2472   0011AE  50DE               	movf	postinc2,w,c
  2473   0011B0  26E1               	addwf	fsr1l,f,c
  2474   0011B2  50DD               	movf	postdec2,w,c
  2475   0011B4  22E2               	addwfc	fsr1h,f,c
  2476   0011B6  50E7               	movf	indf1,w,c
  2477   0011B8  6E27               	movwf	??_os_delay^0,c
  2478   0011BA  5027               	movf	??_os_delay^0,w,c
  2479   0011BC  0D03               	mullw	3
  2480   0011BE  CFF3 F028          	movff	prodl,??_os_delay+1
  2481   0011C2  CFF4 F029          	movff	prodh,??_os_delay+2
  2482   0011C6  EE22  F0AF         	lfsr	2,_r_queue+469
  2483   0011CA  CFDE F02A          	movff	postinc2,??_os_delay+3
  2484   0011CE  CFDD F02B          	movff	postdec2,??_os_delay+4
  2485   0011D2  5028               	movf	(??_os_delay+1)^0,w,c
  2486   0011D4  242A               	addwf	(??_os_delay+3)^0,w,c
  2487   0011D6  6E2C               	movwf	(??_os_delay+5)^0,c
  2488   0011D8  5029               	movf	(??_os_delay+2)^0,w,c
  2489   0011DA  202B               	addwfc	(??_os_delay+4)^0,w,c
  2490   0011DC  6E2D               	movwf	(??_os_delay+6)^0,c
  2491   0011DE  0E17               	movlw	23
  2492   0011E0  242C               	addwf	(??_os_delay+5)^0,w,c
  2493   0011E2  6ED9               	movwf	fsr2l,c
  2494   0011E4  0E00               	movlw	0
  2495   0011E6  202D               	addwfc	(??_os_delay+6)^0,w,c
  2496   0011E8  6EDA               	movwf	fsr2h,c
  2497   0011EA  CFFD FFDF          	movff	tosl,indf2	;volatile
  2498   0011EE  EE22  F0AF         	lfsr	2,_r_queue+469
  2499   0011F2  EE10 F074          	lfsr	1,116
  2500   0011F6  50DE               	movf	postinc2,w,c
  2501   0011F8  26E1               	addwf	fsr1l,f,c
  2502   0011FA  50DD               	movf	postdec2,w,c
  2503   0011FC  22E2               	addwfc	fsr1h,f,c
  2504   0011FE  50E7               	movf	indf1,w,c
  2505   001200  6E27               	movwf	??_os_delay^0,c
  2506   001202  5027               	movf	??_os_delay^0,w,c
  2507   001204  0D03               	mullw	3
  2508   001206  CFF3 F028          	movff	prodl,??_os_delay+1
  2509   00120A  CFF4 F029          	movff	prodh,??_os_delay+2
  2510   00120E  EE22  F0AF         	lfsr	2,_r_queue+469
  2511   001212  CFDE F02A          	movff	postinc2,??_os_delay+3
  2512   001216  CFDD F02B          	movff	postdec2,??_os_delay+4
  2513   00121A  5028               	movf	(??_os_delay+1)^0,w,c
  2514   00121C  242A               	addwf	(??_os_delay+3)^0,w,c
  2515   00121E  6E2C               	movwf	(??_os_delay+5)^0,c
  2516   001220  5029               	movf	(??_os_delay+2)^0,w,c
  2517   001222  202B               	addwfc	(??_os_delay+4)^0,w,c
  2518   001224  6E2D               	movwf	(??_os_delay+6)^0,c
  2519   001226  0E18               	movlw	24
  2520   001228  242C               	addwf	(??_os_delay+5)^0,w,c
  2521   00122A  6ED9               	movwf	fsr2l,c
  2522   00122C  0E00               	movlw	0
  2523   00122E  202D               	addwfc	(??_os_delay+6)^0,w,c
  2524   001230  6EDA               	movwf	fsr2h,c
  2525   001232  CFFE FFDF          	movff	tosh,indf2	;volatile
  2526   001236  EE22  F0AF         	lfsr	2,_r_queue+469
  2527   00123A  EE10 F074          	lfsr	1,116
  2528   00123E  50DE               	movf	postinc2,w,c
  2529   001240  26E1               	addwf	fsr1l,f,c
  2530   001242  50DD               	movf	postdec2,w,c
  2531   001244  22E2               	addwfc	fsr1h,f,c
  2532   001246  50E7               	movf	indf1,w,c
  2533   001248  6E27               	movwf	??_os_delay^0,c
  2534   00124A  5027               	movf	??_os_delay^0,w,c
  2535   00124C  0D03               	mullw	3
  2536   00124E  CFF3 F028          	movff	prodl,??_os_delay+1
  2537   001252  CFF4 F029          	movff	prodh,??_os_delay+2
  2538   001256  EE22  F0AF         	lfsr	2,_r_queue+469
  2539   00125A  CFDE F02A          	movff	postinc2,??_os_delay+3
  2540   00125E  CFDD F02B          	movff	postdec2,??_os_delay+4
  2541   001262  5028               	movf	(??_os_delay+1)^0,w,c
  2542   001264  242A               	addwf	(??_os_delay+3)^0,w,c
  2543   001266  6E2C               	movwf	(??_os_delay+5)^0,c
  2544   001268  5029               	movf	(??_os_delay+2)^0,w,c
  2545   00126A  202B               	addwfc	(??_os_delay+4)^0,w,c
  2546   00126C  6E2D               	movwf	(??_os_delay+6)^0,c
  2547   00126E  0E19               	movlw	25
  2548   001270  242C               	addwf	(??_os_delay+5)^0,w,c
  2549   001272  6ED9               	movwf	fsr2l,c
  2550   001274  0E00               	movlw	0
  2551   001276  202D               	addwfc	(??_os_delay+6)^0,w,c
  2552   001278  6EDA               	movwf	fsr2h,c
  2553   00127A  CFFF FFDF          	movff	tosu,indf2	;volatile
  2554   00127E  EE22  F0AF         	lfsr	2,_r_queue+469
  2555   001282  EE10 F074          	lfsr	1,116
  2556   001286  50DE               	movf	postinc2,w,c
  2557   001288  26E1               	addwf	fsr1l,f,c
  2558   00128A  50DD               	movf	postdec2,w,c
  2559   00128C  22E2               	addwfc	fsr1h,f,c
  2560   00128E  2AE7               	incf	indf1,f,c
  2561   001290  0006               	pop		;# 
  2562   001292                     i1l1537:
  2563   001292  50FC               	movf	252,w,c	;volatile
  2564   001294  A4D8               	btfss	status,2,c
  2565   001296  EF4F  F009         	goto	i1u63_21
  2566   00129A  EF51  F009         	goto	i1u63_20
  2567   00129E                     i1u63_21:
  2568   00129E  EFD3  F008         	goto	i1l1533
  2569   0012A2                     i1u63_20:
  2570   0012A2                     i1l1539:
  2571                           
  2572                           ;kernel.c: 15:     r_queue.TASKS[r_queue.pos_task_running].task_delay = time;
  2573   0012A2  C2B1  F027         	movff	_r_queue+471,??_os_delay
  2574   0012A6  5027               	movf	??_os_delay^0,w,c
  2575   0012A8  0D75               	mullw	117
  2576   0012AA  0EDE               	movlw	low (_r_queue+4)
  2577   0012AC  24F3               	addwf	243,w,c
  2578   0012AE  6ED9               	movwf	fsr2l,c
  2579   0012B0  0E00               	movlw	high (_r_queue+4)
  2580   0012B2  20F4               	addwfc	prodh,w,c
  2581   0012B4  6EDA               	movwf	fsr2h,c
  2582   0012B6  C02E  FFDF         	movff	os_delay@time,indf2
  2583   0012BA                     
  2584                           ;kernel.c: 16:     scheduler();
  2585   0012BA  ECEF  F00C         	call	_scheduler	;wreg free
  2586   0012BE  EE22  F0AF         	lfsr	2,_r_queue+469
  2587   0012C2  EE10 F001          	lfsr	1,1
  2588   0012C6  50DE               	movf	postinc2,w,c
  2589   0012C8  26E1               	addwf	fsr1l,f,c
  2590   0012CA  50DD               	movf	postdec2,w,c
  2591   0012CC  22E2               	addwfc	fsr1h,f,c
  2592   0012CE  50E7               	movf	indf1,w,c
  2593   0012D0  A4D8               	btfss	status,2,c
  2594   0012D2  EF6D  F009         	goto	i1u64_21
  2595   0012D6  EF6F  F009         	goto	i1u64_20
  2596   0012DA                     i1u64_21:
  2597   0012DA  EF00  F00B         	goto	i1l1561
  2598   0012DE                     i1u64_20:
  2599   0012DE  EE22  F0AF         	lfsr	2,_r_queue+469
  2600   0012E2  EE10 F001          	lfsr	1,1
  2601   0012E6  50DE               	movf	postinc2,w,c
  2602   0012E8  26E1               	addwf	fsr1l,f,c
  2603   0012EA  50DD               	movf	postdec2,w,c
  2604   0012EC  22E2               	addwfc	fsr1h,f,c
  2605   0012EE  0E02               	movlw	2
  2606   0012F0  6EE7               	movwf	indf1,c
  2607   0012F2  EE22  F0AF         	lfsr	2,_r_queue+469
  2608   0012F6  EE10 F008          	lfsr	1,8
  2609   0012FA  50DE               	movf	postinc2,w,c
  2610   0012FC  26E1               	addwf	fsr1l,f,c
  2611   0012FE  50DD               	movf	postdec2,w,c
  2612   001300  22E2               	addwfc	fsr1h,f,c
  2613   001302  50E7               	movf	indf1,w,c
  2614   001304  6EE0               	movwf	224,c	;volatile
  2615   001306  EE22  F0AF         	lfsr	2,_r_queue+469
  2616   00130A  EE10 F00C          	lfsr	1,12
  2617   00130E  50DE               	movf	postinc2,w,c
  2618   001310  26E1               	addwf	fsr1l,f,c
  2619   001312  50DD               	movf	postdec2,w,c
  2620   001314  22E2               	addwfc	fsr1h,f,c
  2621   001316  50E7               	movf	indf1,w,c
  2622   001318  6EEA               	movwf	234,c	;volatile
  2623   00131A  EE22  F0AF         	lfsr	2,_r_queue+469
  2624   00131E  EE10 F00B          	lfsr	1,11
  2625   001322  50DE               	movf	postinc2,w,c
  2626   001324  26E1               	addwf	fsr1l,f,c
  2627   001326  50DD               	movf	postdec2,w,c
  2628   001328  22E2               	addwfc	fsr1h,f,c
  2629   00132A  50E7               	movf	indf1,w,c
  2630   00132C  6EE9               	movwf	233,c	;volatile
  2631   00132E  EE22  F0AF         	lfsr	2,_r_queue+469
  2632   001332  EE10 F00E          	lfsr	1,14
  2633   001336  50DE               	movf	postinc2,w,c
  2634   001338  26E1               	addwf	fsr1l,f,c
  2635   00133A  50DD               	movf	postdec2,w,c
  2636   00133C  22E2               	addwfc	fsr1h,f,c
  2637   00133E  50E7               	movf	indf1,w,c
  2638   001340  6EE2               	movwf	226,c	;volatile
  2639   001342  EE22  F0AF         	lfsr	2,_r_queue+469
  2640   001346  EE10 F00D          	lfsr	1,13
  2641   00134A  50DE               	movf	postinc2,w,c
  2642   00134C  26E1               	addwf	fsr1l,f,c
  2643   00134E  50DD               	movf	postdec2,w,c
  2644   001350  22E2               	addwfc	fsr1h,f,c
  2645   001352  50E7               	movf	indf1,w,c
  2646   001354  6EE1               	movwf	225,c	;volatile
  2647   001356  EE22  F0AF         	lfsr	2,_r_queue+469
  2648   00135A  EE10 F010          	lfsr	1,16
  2649   00135E  50DE               	movf	postinc2,w,c
  2650   001360  26E1               	addwf	fsr1l,f,c
  2651   001362  50DD               	movf	postdec2,w,c
  2652   001364  22E2               	addwfc	fsr1h,f,c
  2653   001366  50E7               	movf	indf1,w,c
  2654   001368  6EDA               	movwf	218,c	;volatile
  2655   00136A  EE22  F0AF         	lfsr	2,_r_queue+469
  2656   00136E  EE10 F00F          	lfsr	1,15
  2657   001372  50DE               	movf	postinc2,w,c
  2658   001374  26E1               	addwf	fsr1l,f,c
  2659   001376  50DD               	movf	postdec2,w,c
  2660   001378  22E2               	addwfc	fsr1h,f,c
  2661   00137A  50E7               	movf	indf1,w,c
  2662   00137C  6ED9               	movwf	217,c	;volatile
  2663   00137E  EE22  F0AF         	lfsr	2,_r_queue+469
  2664   001382  EE10 F015          	lfsr	1,21
  2665   001386  50DE               	movf	postinc2,w,c
  2666   001388  26E1               	addwf	fsr1l,f,c
  2667   00138A  50DD               	movf	postdec2,w,c
  2668   00138C  22E2               	addwfc	fsr1h,f,c
  2669   00138E  50E7               	movf	indf1,w,c
  2670   001390  6EFA               	movwf	250,c	;volatile
  2671   001392  EE22  F0AF         	lfsr	2,_r_queue+469
  2672   001396  EE10 F016          	lfsr	1,22
  2673   00139A  50DE               	movf	postinc2,w,c
  2674   00139C  26E1               	addwf	fsr1l,f,c
  2675   00139E  50DD               	movf	postdec2,w,c
  2676   0013A0  22E2               	addwfc	fsr1h,f,c
  2677   0013A2  50E7               	movf	indf1,w,c
  2678   0013A4  6EFB               	movwf	251,c	;volatile
  2679   0013A6  EE22  F0AF         	lfsr	2,_r_queue+469
  2680   0013AA  EE10 F00A          	lfsr	1,10
  2681   0013AE  50DE               	movf	postinc2,w,c
  2682   0013B0  26E1               	addwf	fsr1l,f,c
  2683   0013B2  50DD               	movf	postdec2,w,c
  2684   0013B4  22E2               	addwfc	fsr1h,f,c
  2685   0013B6  50E7               	movf	indf1,w,c
  2686   0013B8  6EF4               	movwf	244,c	;volatile
  2687   0013BA  EE22  F0AF         	lfsr	2,_r_queue+469
  2688   0013BE  EE10 F009          	lfsr	1,9
  2689   0013C2  50DE               	movf	postinc2,w,c
  2690   0013C4  26E1               	addwf	fsr1l,f,c
  2691   0013C6  50DD               	movf	postdec2,w,c
  2692   0013C8  22E2               	addwfc	fsr1h,f,c
  2693   0013CA  50E7               	movf	indf1,w,c
  2694   0013CC  6EF3               	movwf	243,c	;volatile
  2695   0013CE  EE22  F0AF         	lfsr	2,_r_queue+469
  2696   0013D2  EE10 F011          	lfsr	1,17
  2697   0013D6  50DE               	movf	postinc2,w,c
  2698   0013D8  26E1               	addwf	fsr1l,f,c
  2699   0013DA  50DD               	movf	postdec2,w,c
  2700   0013DC  22E2               	addwfc	fsr1h,f,c
  2701   0013DE  50E7               	movf	indf1,w,c
  2702   0013E0  6EF5               	movwf	245,c	;volatile
  2703   0013E2  EE22  F0AF         	lfsr	2,_r_queue+469
  2704   0013E6  EE10 F013          	lfsr	1,19
  2705   0013EA  50DE               	movf	postinc2,w,c
  2706   0013EC  26E1               	addwf	fsr1l,f,c
  2707   0013EE  50DD               	movf	postdec2,w,c
  2708   0013F0  22E2               	addwfc	fsr1h,f,c
  2709   0013F2  50E7               	movf	indf1,w,c
  2710   0013F4  6EF7               	movwf	247,c	;volatile
  2711   0013F6  EE22  F0AF         	lfsr	2,_r_queue+469
  2712   0013FA  EE10 F012          	lfsr	1,18
  2713   0013FE  50DE               	movf	postinc2,w,c
  2714   001400  26E1               	addwf	fsr1l,f,c
  2715   001402  50DD               	movf	postdec2,w,c
  2716   001404  22E2               	addwfc	fsr1h,f,c
  2717   001406  50E7               	movf	indf1,w,c
  2718   001408  6EF6               	movwf	246,c	;volatile
  2719   00140A  EE22  F0AF         	lfsr	2,_r_queue+469
  2720   00140E  EE10 F014          	lfsr	1,20
  2721   001412  50DE               	movf	postinc2,w,c
  2722   001414  26E1               	addwf	fsr1l,f,c
  2723   001416  50DD               	movf	postdec2,w,c
  2724   001418  22E2               	addwfc	fsr1h,f,c
  2725   00141A  50E7               	movf	indf1,w,c
  2726   00141C  6EF8               	movwf	248,c	;volatile
  2727   00141E  EE22  F0AF         	lfsr	2,_r_queue+469
  2728   001422  EE10 F007          	lfsr	1,7
  2729   001426  50DE               	movf	postinc2,w,c
  2730   001428  26E1               	addwf	fsr1l,f,c
  2731   00142A  50DD               	movf	postdec2,w,c
  2732   00142C  22E2               	addwfc	fsr1h,f,c
  2733   00142E  50E7               	movf	indf1,w,c
  2734   001430  6ED8               	movwf	216,c	;volatile
  2735   001432  EE22  F0AF         	lfsr	2,_r_queue+469
  2736   001436  EE10 F006          	lfsr	1,6
  2737   00143A  50DE               	movf	postinc2,w,c
  2738   00143C  26E1               	addwf	fsr1l,f,c
  2739   00143E  50DD               	movf	postdec2,w,c
  2740   001440  22E2               	addwfc	fsr1h,f,c
  2741   001442  50E7               	movf	indf1,w,c
  2742   001444  6E27               	movwf	??_os_delay^0,c
  2743   001446  5027               	movf	??_os_delay^0,w,c
  2744   001448  6AFC               	clrf	252,c	;volatile
  2745   00144A  EE22  F0AF         	lfsr	2,_r_queue+469
  2746   00144E  EE10 F074          	lfsr	1,116
  2747   001452  50DE               	movf	postinc2,w,c
  2748   001454  26E1               	addwf	fsr1l,f,c
  2749   001456  50DD               	movf	postdec2,w,c
  2750   001458  22E2               	addwfc	fsr1h,f,c
  2751   00145A  50E7               	movf	indf1,w,c
  2752   00145C  B4D8               	btfsc	status,2,c
  2753   00145E  EF33  F00A         	goto	i1u65_21
  2754   001462  EF35  F00A         	goto	i1u65_20
  2755   001466                     i1u65_21:
  2756   001466  EFBD  F00A         	goto	i1l89
  2757   00146A                     i1u65_20:
  2758   00146A                     i1l90:
  2759   00146A  0005               	push		;# 
  2760   00146C  EE22  F0AF         	lfsr	2,_r_queue+469
  2761   001470  EE10 F074          	lfsr	1,116
  2762   001474  50DE               	movf	postinc2,w,c
  2763   001476  26E1               	addwf	fsr1l,f,c
  2764   001478  50DD               	movf	postdec2,w,c
  2765   00147A  22E2               	addwfc	fsr1h,f,c
  2766   00147C  06E7               	decf	indf1,f,c
  2767   00147E  EE22  F0AF         	lfsr	2,_r_queue+469
  2768   001482  EE10 F074          	lfsr	1,116
  2769   001486  50DE               	movf	postinc2,w,c
  2770   001488  26E1               	addwf	fsr1l,f,c
  2771   00148A  50DD               	movf	postdec2,w,c
  2772   00148C  22E2               	addwfc	fsr1h,f,c
  2773   00148E  50E7               	movf	indf1,w,c
  2774   001490  6E27               	movwf	??_os_delay^0,c
  2775   001492  5027               	movf	??_os_delay^0,w,c
  2776   001494  0D03               	mullw	3
  2777   001496  CFF3 F028          	movff	prodl,??_os_delay+1
  2778   00149A  CFF4 F029          	movff	prodh,??_os_delay+2
  2779   00149E  EE22  F0AF         	lfsr	2,_r_queue+469
  2780   0014A2  CFDE F02A          	movff	postinc2,??_os_delay+3
  2781   0014A6  CFDD F02B          	movff	postdec2,??_os_delay+4
  2782   0014AA  5028               	movf	(??_os_delay+1)^0,w,c
  2783   0014AC  242A               	addwf	(??_os_delay+3)^0,w,c
  2784   0014AE  6E2C               	movwf	(??_os_delay+5)^0,c
  2785   0014B0  5029               	movf	(??_os_delay+2)^0,w,c
  2786   0014B2  202B               	addwfc	(??_os_delay+4)^0,w,c
  2787   0014B4  6E2D               	movwf	(??_os_delay+6)^0,c
  2788   0014B6  0E17               	movlw	23
  2789   0014B8  242C               	addwf	(??_os_delay+5)^0,w,c
  2790   0014BA  6ED9               	movwf	fsr2l,c
  2791   0014BC  0E00               	movlw	0
  2792   0014BE  202D               	addwfc	(??_os_delay+6)^0,w,c
  2793   0014C0  6EDA               	movwf	fsr2h,c
  2794   0014C2  50DF               	movf	indf2,w,c
  2795   0014C4  6EFD               	movwf	253,c	;volatile
  2796   0014C6  EE22  F0AF         	lfsr	2,_r_queue+469
  2797   0014CA  EE10 F074          	lfsr	1,116
  2798   0014CE  50DE               	movf	postinc2,w,c
  2799   0014D0  26E1               	addwf	fsr1l,f,c
  2800   0014D2  50DD               	movf	postdec2,w,c
  2801   0014D4  22E2               	addwfc	fsr1h,f,c
  2802   0014D6  50E7               	movf	indf1,w,c
  2803   0014D8  6E27               	movwf	??_os_delay^0,c
  2804   0014DA  5027               	movf	??_os_delay^0,w,c
  2805   0014DC  0D03               	mullw	3
  2806   0014DE  CFF3 F028          	movff	prodl,??_os_delay+1
  2807   0014E2  CFF4 F029          	movff	prodh,??_os_delay+2
  2808   0014E6  EE22  F0AF         	lfsr	2,_r_queue+469
  2809   0014EA  CFDE F02A          	movff	postinc2,??_os_delay+3
  2810   0014EE  CFDD F02B          	movff	postdec2,??_os_delay+4
  2811   0014F2  5028               	movf	(??_os_delay+1)^0,w,c
  2812   0014F4  242A               	addwf	(??_os_delay+3)^0,w,c
  2813   0014F6  6E2C               	movwf	(??_os_delay+5)^0,c
  2814   0014F8  5029               	movf	(??_os_delay+2)^0,w,c
  2815   0014FA  202B               	addwfc	(??_os_delay+4)^0,w,c
  2816   0014FC  6E2D               	movwf	(??_os_delay+6)^0,c
  2817   0014FE  0E18               	movlw	24
  2818   001500  242C               	addwf	(??_os_delay+5)^0,w,c
  2819   001502  6ED9               	movwf	fsr2l,c
  2820   001504  0E00               	movlw	0
  2821   001506  202D               	addwfc	(??_os_delay+6)^0,w,c
  2822   001508  6EDA               	movwf	fsr2h,c
  2823   00150A  50DF               	movf	indf2,w,c
  2824   00150C  6EFE               	movwf	254,c	;volatile
  2825   00150E  EE22  F0AF         	lfsr	2,_r_queue+469
  2826   001512  EE10 F074          	lfsr	1,116
  2827   001516  50DE               	movf	postinc2,w,c
  2828   001518  26E1               	addwf	fsr1l,f,c
  2829   00151A  50DD               	movf	postdec2,w,c
  2830   00151C  22E2               	addwfc	fsr1h,f,c
  2831   00151E  50E7               	movf	indf1,w,c
  2832   001520  6E27               	movwf	??_os_delay^0,c
  2833   001522  5027               	movf	??_os_delay^0,w,c
  2834   001524  0D03               	mullw	3
  2835   001526  CFF3 F028          	movff	prodl,??_os_delay+1
  2836   00152A  CFF4 F029          	movff	prodh,??_os_delay+2
  2837   00152E  EE22  F0AF         	lfsr	2,_r_queue+469
  2838   001532  CFDE F02A          	movff	postinc2,??_os_delay+3
  2839   001536  CFDD F02B          	movff	postdec2,??_os_delay+4
  2840   00153A  5028               	movf	(??_os_delay+1)^0,w,c
  2841   00153C  242A               	addwf	(??_os_delay+3)^0,w,c
  2842   00153E  6E2C               	movwf	(??_os_delay+5)^0,c
  2843   001540  5029               	movf	(??_os_delay+2)^0,w,c
  2844   001542  202B               	addwfc	(??_os_delay+4)^0,w,c
  2845   001544  6E2D               	movwf	(??_os_delay+6)^0,c
  2846   001546  0E19               	movlw	25
  2847   001548  242C               	addwf	(??_os_delay+5)^0,w,c
  2848   00154A  6ED9               	movwf	fsr2l,c
  2849   00154C  0E00               	movlw	0
  2850   00154E  202D               	addwfc	(??_os_delay+6)^0,w,c
  2851   001550  6EDA               	movwf	fsr2h,c
  2852   001552  50DF               	movf	indf2,w,c
  2853   001554  6EFF               	movwf	255,c	;volatile
  2854   001556  EE22  F0AF         	lfsr	2,_r_queue+469
  2855   00155A  EE10 F074          	lfsr	1,116
  2856   00155E  50DE               	movf	postinc2,w,c
  2857   001560  26E1               	addwf	fsr1l,f,c
  2858   001562  50DD               	movf	postdec2,w,c
  2859   001564  22E2               	addwfc	fsr1h,f,c
  2860   001566  50E7               	movf	indf1,w,c
  2861   001568  A4D8               	btfss	status,2,c
  2862   00156A  EFB9  F00A         	goto	i1u66_21
  2863   00156E  EFBB  F00A         	goto	i1u66_20
  2864   001572                     i1u66_21:
  2865   001572  EF35  F00A         	goto	i1l90
  2866   001576                     i1u66_20:
  2867   001576  EF00  F00B         	goto	i1l1561
  2868   00157A                     i1l89:
  2869   00157A  0005               	push		;# 
  2870   00157C  EE22  F0AF         	lfsr	2,_r_queue+469
  2871   001580  EE10 F002          	lfsr	1,2
  2872   001584  50DE               	movf	postinc2,w,c
  2873   001586  26E1               	addwf	fsr1l,f,c
  2874   001588  50DD               	movf	postdec2,w,c
  2875   00158A  22E2               	addwfc	fsr1h,f,c
  2876   00158C  50E7               	movf	indf1,w,c
  2877   00158E  6EFD               	movwf	253,c	;volatile
  2878   001590  EE22  F0AF         	lfsr	2,_r_queue+469
  2879   001594  EE10 F002          	lfsr	1,2
  2880   001598  50DE               	movf	postinc2,w,c
  2881   00159A  26E1               	addwf	fsr1l,f,c
  2882   00159C  50DD               	movf	postdec2,w,c
  2883   00159E  22E2               	addwfc	fsr1h,f,c
  2884   0015A0  CFE6 F027          	movff	postinc1,??_os_delay
  2885   0015A4  CFE5 F028          	movff	postdec1,??_os_delay+1
  2886   0015A8  C027  F029         	movff	??_os_delay,??_os_delay+2
  2887   0015AC  C028  F02A         	movff	??_os_delay+1,??_os_delay+3
  2888   0015B0  6A2B               	clrf	(??_os_delay+4)^0,c
  2889   0015B2  C02A  F029         	movff	??_os_delay+3,??_os_delay+2
  2890   0015B6  C02B  F02A         	movff	??_os_delay+4,??_os_delay+3
  2891   0015BA  6A2B               	clrf	(??_os_delay+4)^0,c
  2892   0015BC  5029               	movf	(??_os_delay+2)^0,w,c
  2893   0015BE  6EFE               	movwf	254,c	;volatile
  2894   0015C0  0E10               	movlw	16
  2895   0015C2  6E27               	movwf	??_os_delay^0,c
  2896   0015C4  EE22  F0AF         	lfsr	2,_r_queue+469
  2897   0015C8  EE10 F002          	lfsr	1,2
  2898   0015CC  50DE               	movf	postinc2,w,c
  2899   0015CE  26E1               	addwf	fsr1l,f,c
  2900   0015D0  50DD               	movf	postdec2,w,c
  2901   0015D2  22E2               	addwfc	fsr1h,f,c
  2902   0015D4  CFE6 F028          	movff	postinc1,??_os_delay+1
  2903   0015D8  CFE5 F029          	movff	postdec1,??_os_delay+2
  2904   0015DC  C028  F02A         	movff	??_os_delay+1,??_os_delay+3
  2905   0015E0  C029  F02B         	movff	??_os_delay+2,??_os_delay+4
  2906   0015E4  6A2C               	clrf	(??_os_delay+5)^0,c
  2907   0015E6  2827               	incf	??_os_delay^0,w,c
  2908   0015E8  6E2D               	movwf	(??_os_delay+6)^0,c
  2909   0015EA  EFFB  F00A         	goto	i1u67_20
  2910   0015EE                     i1u67_25:
  2911   0015EE  90D8               	bcf	status,0,c
  2912   0015F0  322C               	rrcf	(??_os_delay+5)^0,f,c
  2913   0015F2  322B               	rrcf	(??_os_delay+4)^0,f,c
  2914   0015F4  322A               	rrcf	(??_os_delay+3)^0,f,c
  2915   0015F6                     i1u67_20:
  2916   0015F6  2E2D               	decfsz	(??_os_delay+6)^0,f,c
  2917   0015F8  EFF7  F00A         	goto	i1u67_25
  2918   0015FC  502A               	movf	(??_os_delay+3)^0,w,c
  2919   0015FE  6EFF               	movwf	255,c	;volatile
  2920   001600                     i1l1561:
  2921                           
  2922                           ;kernel.c: 19:     INTCONbits.GIE = 1;;
  2923   001600  8EF2               	bsf	242,7,c	;volatile
  2924   001602  0012               	return		;funcret
  2925   001604                     __end_of_os_delay:
  2926                           	callstack 0
  2927                           
  2928 ;; *************** function _scheduler *****************
  2929 ;; Defined at:
  2930 ;;		line 9 in file "scheduler.c"
  2931 ;; Parameters:    Size  Location     Type
  2932 ;;		None
  2933 ;; Auto vars:     Size  Location     Type
  2934 ;;		None
  2935 ;; Return value:  Size  Location     Type
  2936 ;;                  1    wreg      void 
  2937 ;; Registers used:
  2938 ;;		wreg, fsr2l, fsr2h, status,2, status,0, prodl, prodh, cstack
  2939 ;; Tracked objects:
  2940 ;;		On entry : 0/0
  2941 ;;		On exit  : 0/0
  2942 ;;		Unchanged: 0/0
  2943 ;; Data sizes:     COMRAM   BANK0   BANK1   BANK2   BANK3   BANK4   BANK5   BANK6   BANK7   BANK8   BANK9  BANK10  BANK1
      +1  BANK12  BANK13  BANK14  BANK15
  2944 ;;      Params:         0       0       0       0       0       0       0       0       0       0       0       0       
      +0       0       0       0       0
  2945 ;;      Locals:         0       0       0       0       0       0       0       0       0       0       0       0       
      +0       0       0       0       0
  2946 ;;      Temps:          3       0       0       0       0       0       0       0       0       0       0       0       
      +0       0       0       0       0
  2947 ;;      Totals:         3       0       0       0       0       0       0       0       0       0       0       0       
      +0       0       0       0       0
  2948 ;;Total ram usage:        3 bytes
  2949 ;; Hardware stack levels used: 1
  2950 ;; Hardware stack levels required when called: 6
  2951 ;; This function calls:
  2952 ;;		_RR_scheduler
  2953 ;; This function is called by:
  2954 ;;		_os_delay
  2955 ;;		_os_yield
  2956 ;; This function uses a non-reentrant model
  2957 ;;
  2958                           
  2959                           	psect	text10
  2960   0019DE                     __ptext10:
  2961                           	callstack 0
  2962   0019DE                     _scheduler:
  2963                           	callstack 20
  2964   0019DE                     
  2965                           ;scheduler.c: 11:   r_queue.pos_task_running = RR_scheduler();
  2966   0019DE  ECB0  F00B         	call	_RR_scheduler	;wreg free
  2967   0019E2  6E24               	movwf	??_scheduler^0,c
  2968   0019E4  C024  F2B1         	movff	??_scheduler,_r_queue+471
  2969   0019E8                     
  2970                           ;scheduler.c: 12:   r_queue.task_running = &r_queue.TASKS[r_queue.pos_task_running];
  2971   0019E8  C2B1  F024         	movff	_r_queue+471,??_scheduler
  2972   0019EC  5024               	movf	??_scheduler^0,w,c
  2973   0019EE  0D75               	mullw	117
  2974   0019F0  0EDA               	movlw	low _r_queue
  2975   0019F2  24F3               	addwf	243,w,c
  2976   0019F4  6E25               	movwf	(??_scheduler+1)^0,c
  2977   0019F6  0E00               	movlw	high _r_queue
  2978   0019F8  20F4               	addwfc	prodh,w,c
  2979   0019FA  6E26               	movwf	(??_scheduler+2)^0,c
  2980   0019FC  C025  F2AF         	movff	??_scheduler+1,_r_queue+469
  2981   001A00  C026  F2B0         	movff	??_scheduler+2,_r_queue+470
  2982   001A04  0012               	return		;funcret
  2983   001A06                     __end_of_scheduler:
  2984                           	callstack 0
  2985                           
  2986 ;; *************** function _RR_scheduler *****************
  2987 ;; Defined at:
  2988 ;;		line 15 in file "scheduler.c"
  2989 ;; Parameters:    Size  Location     Type
  2990 ;;		None
  2991 ;; Auto vars:     Size  Location     Type
  2992 ;;  prox            1   33[COMRAM] unsigned char 
  2993 ;; Return value:  Size  Location     Type
  2994 ;;                  1    wreg      unsigned char 
  2995 ;; Registers used:
  2996 ;;		wreg, fsr2l, fsr2h, status,2, status,0, prodl, prodh, cstack
  2997 ;; Tracked objects:
  2998 ;;		On entry : 0/0
  2999 ;;		On exit  : 0/0
  3000 ;;		Unchanged: 0/0
  3001 ;; Data sizes:     COMRAM   BANK0   BANK1   BANK2   BANK3   BANK4   BANK5   BANK6   BANK7   BANK8   BANK9  BANK10  BANK1
      +1  BANK12  BANK13  BANK14  BANK15
  3002 ;;      Params:         0       0       0       0       0       0       0       0       0       0       0       0       
      +0       0       0       0       0
  3003 ;;      Locals:         1       0       0       0       0       0       0       0       0       0       0       0       
      +0       0       0       0       0
  3004 ;;      Temps:          2       0       0       0       0       0       0       0       0       0       0       0       
      +0       0       0       0       0
  3005 ;;      Totals:         3       0       0       0       0       0       0       0       0       0       0       0       
      +0       0       0       0       0
  3006 ;;Total ram usage:        3 bytes
  3007 ;; Hardware stack levels used: 1
  3008 ;; Hardware stack levels required when called: 5
  3009 ;; This function calls:
  3010 ;;		___awmod
  3011 ;; This function is called by:
  3012 ;;		_scheduler
  3013 ;; This function uses a non-reentrant model
  3014 ;;
  3015                           
  3016                           	psect	text11
  3017   001760                     __ptext11:
  3018                           	callstack 0
  3019   001760                     _RR_scheduler:
  3020                           	callstack 20
  3021   001760                     
  3022                           ;scheduler.c: 17:     uint8_t prox = r_queue.pos_task_running;
  3023   001760  C2B1  F023         	movff	_r_queue+471,RR_scheduler@prox
  3024   001764                     i1l1409:
  3025                           
  3026                           ;scheduler.c: 20:         prox = (prox+1) % r_queue.size;
  3027   001764  0E01               	movlw	1
  3028   001766  2423               	addwf	RR_scheduler@prox^0,w,c
  3029   001768  6E1B               	movwf	___awmod@dividend^0,c
  3030   00176A  6A1C               	clrf	(___awmod@dividend+1)^0,c
  3031   00176C  0E00               	movlw	0
  3032   00176E  221C               	addwfc	(___awmod@dividend+1)^0,f,c
  3033   001770  C2AE  F021         	movff	_r_queue+468,??_RR_scheduler
  3034   001774  5021               	movf	??_RR_scheduler^0,w,c
  3035   001776  6E1D               	movwf	___awmod@divisor^0,c
  3036   001778  6A1E               	clrf	(___awmod@divisor+1)^0,c
  3037   00177A  EC02  F00B         	call	___awmod	;wreg free
  3038   00177E  501B               	movf	?___awmod^0,w,c
  3039   001780  6E23               	movwf	RR_scheduler@prox^0,c
  3040   001782                     
  3041                           ;scheduler.c: 21:     } while (r_queue.TASKS[prox].task_state != READY ||
  3042   001782  5023               	movf	RR_scheduler@prox^0,w,c
  3043   001784  0D75               	mullw	117
  3044   001786  0EDB               	movlw	low (_r_queue+1)
  3045   001788  24F3               	addwf	243,w,c
  3046   00178A  6ED9               	movwf	fsr2l,c
  3047   00178C  0E00               	movlw	high (_r_queue+1)
  3048   00178E  20F4               	addwfc	prodh,w,c
  3049   001790  6EDA               	movwf	fsr2h,c
  3050   001792  50DF               	movf	indf2,w,c
  3051   001794  A4D8               	btfss	status,2,c
  3052   001796  EFCF  F00B         	goto	i1u51_21
  3053   00179A  EFD1  F00B         	goto	i1u51_20
  3054   00179E                     i1u51_21:
  3055   00179E  EFB2  F00B         	goto	i1l1409
  3056   0017A2                     i1u51_20:
  3057   0017A2  5023               	movf	RR_scheduler@prox^0,w,c
  3058   0017A4  0D75               	mullw	117
  3059   0017A6  0EDC               	movlw	low (_r_queue+2)
  3060   0017A8  24F3               	addwf	243,w,c
  3061   0017AA  6ED9               	movwf	fsr2l,c
  3062   0017AC  0E00               	movlw	high (_r_queue+2)
  3063   0017AE  20F4               	addwfc	prodh,w,c
  3064   0017B0  6EDA               	movwf	fsr2h,c
  3065   0017B2  0EB6               	movlw	low _idle
  3066   0017B4  18DE               	xorwf	postinc2,w,c
  3067   0017B6  E109               	bnz	i1u52_20
  3068   0017B8  0E19               	movlw	high _idle
  3069   0017BA  18DE               	xorwf	postinc2,w,c
  3070   0017BC  B4D8               	btfsc	status,2,c
  3071   0017BE  EFE3  F00B         	goto	i1u52_21
  3072   0017C2  EFE5  F00B         	goto	i1u52_20
  3073   0017C6                     i1u52_21:
  3074   0017C6  EFB2  F00B         	goto	i1l1409
  3075   0017CA                     i1u52_20:
  3076   0017CA                     
  3077                           ;scheduler.c: 24:     return prox;
  3078   0017CA  5023               	movf	RR_scheduler@prox^0,w,c
  3079   0017CC  0012               	return		;funcret
  3080   0017CE                     __end_of_RR_scheduler:
  3081                           	callstack 0
  3082                           
  3083 ;; *************** function ___awmod *****************
  3084 ;; Defined at:
  3085 ;;		line 7 in file "C:\Program Files\Microchip\xc8\v3.10\pic\sources\c99\common\awmod.c"
  3086 ;; Parameters:    Size  Location     Type
  3087 ;;  dividend        2   25[COMRAM] int 
  3088 ;;  divisor         2   27[COMRAM] int 
  3089 ;; Auto vars:     Size  Location     Type
  3090 ;;  sign            1   30[COMRAM] unsigned char 
  3091 ;;  counter         1   29[COMRAM] unsigned char 
  3092 ;; Return value:  Size  Location     Type
  3093 ;;                  2   25[COMRAM] int 
  3094 ;; Registers used:
  3095 ;;		wreg, status,2, status,0
  3096 ;; Tracked objects:
  3097 ;;		On entry : 0/0
  3098 ;;		On exit  : 0/0
  3099 ;;		Unchanged: 0/0
  3100 ;; Data sizes:     COMRAM   BANK0   BANK1   BANK2   BANK3   BANK4   BANK5   BANK6   BANK7   BANK8   BANK9  BANK10  BANK1
      +1  BANK12  BANK13  BANK14  BANK15
  3101 ;;      Params:         4       0       0       0       0       0       0       0       0       0       0       0       
      +0       0       0       0       0
  3102 ;;      Locals:         2       0       0       0       0       0       0       0       0       0       0       0       
      +0       0       0       0       0
  3103 ;;      Temps:          0       0       0       0       0       0       0       0       0       0       0       0       
      +0       0       0       0       0
  3104 ;;      Totals:         6       0       0       0       0       0       0       0       0       0       0       0       
      +0       0       0       0       0
  3105 ;;Total ram usage:        6 bytes
  3106 ;; Hardware stack levels used: 1
  3107 ;; Hardware stack levels required when called: 4
  3108 ;; This function calls:
  3109 ;;		Nothing
  3110 ;; This function is called by:
  3111 ;;		_RR_scheduler
  3112 ;; This function uses a non-reentrant model
  3113 ;;
  3114                           
  3115                           	psect	text12
  3116   001604                     __ptext12:
  3117                           	callstack 0
  3118   001604                     ___awmod:
  3119                           	callstack 20
  3120   001604  6A20               	clrf	___awmod@sign^0,c
  3121   001606  BE1C               	btfsc	(___awmod@dividend+1)^0,7,c
  3122   001608  EF0A  F00B         	goto	i1u45_20
  3123   00160C  EF08  F00B         	goto	i1u45_21
  3124   001610                     i1u45_21:
  3125   001610  EF10  F00B         	goto	i1l1379
  3126   001614                     i1u45_20:
  3127   001614  6C1B               	negf	___awmod@dividend^0,c
  3128   001616  1E1C               	comf	(___awmod@dividend+1)^0,f,c
  3129   001618  B0D8               	btfsc	status,0,c
  3130   00161A  2A1C               	incf	(___awmod@dividend+1)^0,f,c
  3131   00161C  0E01               	movlw	1
  3132   00161E  6E20               	movwf	___awmod@sign^0,c
  3133   001620                     i1l1379:
  3134   001620  BE1E               	btfsc	(___awmod@divisor+1)^0,7,c
  3135   001622  EF17  F00B         	goto	i1u46_20
  3136   001626  EF15  F00B         	goto	i1u46_21
  3137   00162A                     i1u46_21:
  3138   00162A  EF1B  F00B         	goto	i1l1383
  3139   00162E                     i1u46_20:
  3140   00162E  6C1D               	negf	___awmod@divisor^0,c
  3141   001630  1E1E               	comf	(___awmod@divisor+1)^0,f,c
  3142   001632  B0D8               	btfsc	status,0,c
  3143   001634  2A1E               	incf	(___awmod@divisor+1)^0,f,c
  3144   001636                     i1l1383:
  3145   001636  501D               	movf	___awmod@divisor^0,w,c
  3146   001638  101E               	iorwf	(___awmod@divisor+1)^0,w,c
  3147   00163A  B4D8               	btfsc	status,2,c
  3148   00163C  EF22  F00B         	goto	i1u47_21
  3149   001640  EF24  F00B         	goto	i1u47_20
  3150   001644                     i1u47_21:
  3151   001644  EF48  F00B         	goto	i1l1399
  3152   001648                     i1u47_20:
  3153   001648  0E01               	movlw	1
  3154   00164A  6E1F               	movwf	___awmod@counter^0,c
  3155   00164C  EF2C  F00B         	goto	i1l1389
  3156   001650                     i1l1387:
  3157   001650  90D8               	bcf	status,0,c
  3158   001652  361D               	rlcf	___awmod@divisor^0,f,c
  3159   001654  361E               	rlcf	(___awmod@divisor+1)^0,f,c
  3160   001656  2A1F               	incf	___awmod@counter^0,f,c
  3161   001658                     i1l1389:
  3162   001658  AE1E               	btfss	(___awmod@divisor+1)^0,7,c
  3163   00165A  EF31  F00B         	goto	i1u48_21
  3164   00165E  EF33  F00B         	goto	i1u48_20
  3165   001662                     i1u48_21:
  3166   001662  EF28  F00B         	goto	i1l1387
  3167   001666                     i1u48_20:
  3168   001666                     i1l1391:
  3169   001666  501D               	movf	___awmod@divisor^0,w,c
  3170   001668  5C1B               	subwf	___awmod@dividend^0,w,c
  3171   00166A  501E               	movf	(___awmod@divisor+1)^0,w,c
  3172   00166C  581C               	subwfb	(___awmod@dividend+1)^0,w,c
  3173   00166E  A0D8               	btfss	status,0,c
  3174   001670  EF3C  F00B         	goto	i1u49_21
  3175   001674  EF3E  F00B         	goto	i1u49_20
  3176   001678                     i1u49_21:
  3177   001678  EF42  F00B         	goto	i1l1395
  3178   00167C                     i1u49_20:
  3179   00167C  501D               	movf	___awmod@divisor^0,w,c
  3180   00167E  5E1B               	subwf	___awmod@dividend^0,f,c
  3181   001680  501E               	movf	(___awmod@divisor+1)^0,w,c
  3182   001682  5A1C               	subwfb	(___awmod@dividend+1)^0,f,c
  3183   001684                     i1l1395:
  3184   001684  90D8               	bcf	status,0,c
  3185   001686  321E               	rrcf	(___awmod@divisor+1)^0,f,c
  3186   001688  321D               	rrcf	___awmod@divisor^0,f,c
  3187   00168A  2E1F               	decfsz	___awmod@counter^0,f,c
  3188   00168C  EF33  F00B         	goto	i1l1391
  3189   001690                     i1l1399:
  3190   001690  5020               	movf	___awmod@sign^0,w,c
  3191   001692  B4D8               	btfsc	status,2,c
  3192   001694  EF4E  F00B         	goto	i1u50_21
  3193   001698  EF50  F00B         	goto	i1u50_20
  3194   00169C                     i1u50_21:
  3195   00169C  EF54  F00B         	goto	i1l1403
  3196   0016A0                     i1u50_20:
  3197   0016A0  6C1B               	negf	___awmod@dividend^0,c
  3198   0016A2  1E1C               	comf	(___awmod@dividend+1)^0,f,c
  3199   0016A4  B0D8               	btfsc	status,0,c
  3200   0016A6  2A1C               	incf	(___awmod@dividend+1)^0,f,c
  3201   0016A8                     i1l1403:
  3202   0016A8  C01B  F01B         	movff	___awmod@dividend,?___awmod
  3203   0016AC  C01C  F01C         	movff	___awmod@dividend+1,?___awmod+1
  3204   0016B0  0012               	return		;funcret
  3205   0016B2                     __end_of___awmod:
  3206                           	callstack 0
  3207                           
  3208 ;; *************** function _LED_3 *****************
  3209 ;; Defined at:
  3210 ;;		line 53 in file "user.c"
  3211 ;; Parameters:    Size  Location     Type
  3212 ;;		None
  3213 ;; Auto vars:     Size  Location     Type
  3214 ;;		None
  3215 ;; Return value:  Size  Location     Type
  3216 ;;                  1    wreg      void 
  3217 ;; Registers used:
  3218 ;;		wreg, status,2, status,0
  3219 ;; Tracked objects:
  3220 ;;		On entry : 0/0
  3221 ;;		On exit  : 0/0
  3222 ;;		Unchanged: 0/0
  3223 ;; Data sizes:     COMRAM   BANK0   BANK1   BANK2   BANK3   BANK4   BANK5   BANK6   BANK7   BANK8   BANK9  BANK10  BANK1
      +1  BANK12  BANK13  BANK14  BANK15
  3224 ;;      Params:         0       0       0       0       0       0       0       0       0       0       0       0       
      +0       0       0       0       0
  3225 ;;      Locals:         0       0       0       0       0       0       0       0       0       0       0       0       
      +0       0       0       0       0
  3226 ;;      Temps:          1       0       0       0       0       0       0       0       0       0       0       0       
      +0       0       0       0       0
  3227 ;;      Totals:         1       0       0       0       0       0       0       0       0       0       0       0       
      +0       0       0       0       0
  3228 ;;Total ram usage:        1 bytes
  3229 ;; Hardware stack levels used: 1
  3230 ;; Hardware stack levels required when called: 4
  3231 ;; This function calls:
  3232 ;;		Nothing
  3233 ;; This function is called by:
  3234 ;;		_main
  3235 ;; This function uses a non-reentrant model
  3236 ;;
  3237                           
  3238                           	psect	text13
  3239   001A2E                     __ptext13:
  3240                           	callstack 0
  3241   001A2E                     _LED_3:
  3242                           	callstack 24
  3243   001A2E                     l175:
  3244   001A2E                     
  3245                           ;user.c: 56:         PORTDbits.RD0 = ~PORTDbits.RD0;
  3246   001A2E  B083               	btfsc	131,0,c	;volatile
  3247   001A30  EF1C  F00D         	goto	u33_21
  3248   001A34  EF1F  F00D         	goto	u33_20
  3249   001A38                     u33_21:
  3250   001A38  0E01               	movlw	1
  3251   001A3A  EF20  F00D         	goto	u33_26
  3252   001A3E                     u33_20:
  3253   001A3E  0E00               	movlw	0
  3254   001A40                     u33_26:
  3255   001A40  0AFF               	xorlw	255
  3256   001A42  6E30               	movwf	??_LED_3^0,c
  3257   001A44  5083               	movf	131,w,c	;volatile
  3258   001A46  1830               	xorwf	??_LED_3^0,w,c
  3259   001A48  0BFE               	andlw	-2
  3260   001A4A  1830               	xorwf	??_LED_3^0,w,c
  3261   001A4C  6E83               	movwf	131,c	;volatile
  3262   001A4E  EF17  F00D         	goto	l175
  3263   001A52  0012               	return		;funcret
  3264   001A54                     __end_of_LED_3:
  3265                           	callstack 0
  3266                           
  3267 ;; *************** function _ISR *****************
  3268 ;; Defined at:
  3269 ;;		line 23 in file "hw.c"
  3270 ;; Parameters:    Size  Location     Type
  3271 ;;		None
  3272 ;; Auto vars:     Size  Location     Type
  3273 ;;  i               2   25[COMRAM] int 
  3274 ;; Return value:  Size  Location     Type
  3275 ;;                  1    wreg      void 
  3276 ;; Registers used:
  3277 ;;		wreg, fsr1l, fsr1h, fsr2l, fsr2h, status,2, status,0, prodl, prodh, cstack
  3278 ;; Tracked objects:
  3279 ;;		On entry : 0/0
  3280 ;;		On exit  : 0/0
  3281 ;;		Unchanged: 0/0
  3282 ;; Data sizes:     COMRAM   BANK0   BANK1   BANK2   BANK3   BANK4   BANK5   BANK6   BANK7   BANK8   BANK9  BANK10  BANK1
      +1  BANK12  BANK13  BANK14  BANK15
  3283 ;;      Params:         0       0       0       0       0       0       0       0       0       0       0       0       
      +0       0       0       0       0
  3284 ;;      Locals:         2       0       0       0       0       0       0       0       0       0       0       0       
      +0       0       0       0       0
  3285 ;;      Temps:         13       0       0       0       0       0       0       0       0       0       0       0       
      +0       0       0       0       0
  3286 ;;      Totals:        15       0       0       0       0       0       0       0       0       0       0       0       
      +0       0       0       0       0
  3287 ;;Total ram usage:       15 bytes
  3288 ;; Hardware stack levels used: 1
  3289 ;; Hardware stack levels required when called: 3
  3290 ;; This function calls:
  3291 ;;		i2_scheduler
  3292 ;; This function is called by:
  3293 ;;		Interrupt level 2
  3294 ;; This function uses a non-reentrant model
  3295 ;;
  3296                           
  3297                           	psect	intcode
  3298   000008                     __pintcode:
  3299                           	callstack 0
  3300   000008                     _ISR:
  3301                           	callstack 20
  3302                           
  3303                           ;incstack = 0
  3304   000008  8201               	bsf	int$flags,1,c	;set compiler interrupt flag (level 2)
  3305   00000A  CFE1 F015          	movff	fsr1l,??_ISR+7
  3306   00000E  CFE2 F016          	movff	fsr1h,??_ISR+8
  3307   000012  CFD9 F017          	movff	fsr2l,??_ISR+9
  3308   000016  CFDA F018          	movff	fsr2h,??_ISR+10
  3309   00001A  CFF3 F019          	movff	prodl,??_ISR+11
  3310   00001E  CFF4 F01A          	movff	prodh,??_ISR+12
  3311   000022                     
  3312                           ;hw.c: 25:     if (INTCONbits.TMR0IF) {
  3313   000022  A4F2               	btfss	242,2,c	;volatile
  3314   000024  EF16  F000         	goto	i2u75_41
  3315   000028  EF18  F000         	goto	i2u75_40
  3316   00002C                     i2u75_41:
  3317   00002C  EF7F  F003         	goto	i2l275
  3318   000030                     i2u75_40:
  3319   000030                     
  3320                           ;hw.c: 26:         INTCONbits.TMR0IF = 0;
  3321   000030  94F2               	bcf	242,2,c	;volatile
  3322   000032                     
  3323                           ;hw.c: 29:         for (int i = 0; i < r_queue.size; i++) {
  3324   000032  6A1C               	clrf	(ISR@i+1)^0,c
  3325   000034  0E00               	movlw	0
  3326   000036  6E1B               	movwf	ISR@i^0,c
  3327   000038  EF6E  F000         	goto	i2l1623
  3328   00003C                     i2l1615:
  3329                           
  3330                           ;hw.c: 30:             if (r_queue.TASKS[i].task_delay > 0) {
  3331   00003C  0E75               	movlw	117
  3332   00003E  021B               	mulwf	ISR@i^0,c
  3333   000040  CFF3 F00E          	movff	prodl,??_ISR
  3334   000044  CFF4 F00F          	movff	prodh,??_ISR+1
  3335   000048  021C               	mulwf	(ISR@i+1)^0,c
  3336   00004A  50F3               	movf	prodl,w,c
  3337   00004C  260F               	addwf	(??_ISR+1)^0,f,c
  3338   00004E  0EDE               	movlw	low (_r_queue+4)
  3339   000050  240E               	addwf	??_ISR^0,w,c
  3340   000052  6ED9               	movwf	fsr2l,c
  3341   000054  0E00               	movlw	high (_r_queue+4)
  3342   000056  200F               	addwfc	(??_ISR+1)^0,w,c
  3343   000058  6EDA               	movwf	fsr2h,c
  3344   00005A  50DF               	movf	indf2,w,c
  3345   00005C  B4D8               	btfsc	status,2,c
  3346   00005E  EF33  F000         	goto	i2u76_41
  3347   000062  EF35  F000         	goto	i2u76_40
  3348   000066                     i2u76_41:
  3349   000066  EF6C  F000         	goto	i2l1621
  3350   00006A                     i2u76_40:
  3351   00006A                     
  3352                           ;hw.c: 31:                 r_queue.TASKS[i].task_delay--;
  3353   00006A  0E75               	movlw	117
  3354   00006C  021B               	mulwf	ISR@i^0,c
  3355   00006E  CFF3 F00E          	movff	prodl,??_ISR
  3356   000072  CFF4 F00F          	movff	prodh,??_ISR+1
  3357   000076  021C               	mulwf	(ISR@i+1)^0,c
  3358   000078  50F3               	movf	prodl,w,c
  3359   00007A  260F               	addwf	(??_ISR+1)^0,f,c
  3360   00007C  0EDE               	movlw	low (_r_queue+4)
  3361   00007E  240E               	addwf	??_ISR^0,w,c
  3362   000080  6ED9               	movwf	fsr2l,c
  3363   000082  0E00               	movlw	high (_r_queue+4)
  3364   000084  200F               	addwfc	(??_ISR+1)^0,w,c
  3365   000086  6EDA               	movwf	fsr2h,c
  3366   000088  06DF               	decf	indf2,f,c
  3367                           
  3368                           ;hw.c: 32:                 if (r_queue.TASKS[i].task_delay == 0) {
  3369   00008A  0E75               	movlw	117
  3370   00008C  021B               	mulwf	ISR@i^0,c
  3371   00008E  CFF3 F00E          	movff	prodl,??_ISR
  3372   000092  CFF4 F00F          	movff	prodh,??_ISR+1
  3373   000096  021C               	mulwf	(ISR@i+1)^0,c
  3374   000098  50F3               	movf	prodl,w,c
  3375   00009A  260F               	addwf	(??_ISR+1)^0,f,c
  3376   00009C  0EDE               	movlw	low (_r_queue+4)
  3377   00009E  240E               	addwf	??_ISR^0,w,c
  3378   0000A0  6ED9               	movwf	fsr2l,c
  3379   0000A2  0E00               	movlw	high (_r_queue+4)
  3380   0000A4  200F               	addwfc	(??_ISR+1)^0,w,c
  3381   0000A6  6EDA               	movwf	fsr2h,c
  3382   0000A8  50DF               	movf	indf2,w,c
  3383   0000AA  A4D8               	btfss	status,2,c
  3384   0000AC  EF5A  F000         	goto	i2u77_41
  3385   0000B0  EF5C  F000         	goto	i2u77_40
  3386   0000B4                     i2u77_41:
  3387   0000B4  EF6C  F000         	goto	i2l1621
  3388   0000B8                     i2u77_40:
  3389   0000B8                     
  3390                           ;hw.c: 33:                     r_queue.TASKS[i].task_state = READY;
  3391   0000B8  0E75               	movlw	117
  3392   0000BA  021B               	mulwf	ISR@i^0,c
  3393   0000BC  CFF3 F00E          	movff	prodl,??_ISR
  3394   0000C0  CFF4 F00F          	movff	prodh,??_ISR+1
  3395   0000C4  021C               	mulwf	(ISR@i+1)^0,c
  3396   0000C6  50F3               	movf	prodl,w,c
  3397   0000C8  260F               	addwf	(??_ISR+1)^0,f,c
  3398   0000CA  0EDB               	movlw	low (_r_queue+1)
  3399   0000CC  240E               	addwf	??_ISR^0,w,c
  3400   0000CE  6ED9               	movwf	fsr2l,c
  3401   0000D0  0E00               	movlw	high (_r_queue+1)
  3402   0000D2  200F               	addwfc	(??_ISR+1)^0,w,c
  3403   0000D4  6EDA               	movwf	fsr2h,c
  3404   0000D6  6ADF               	clrf	indf2,c
  3405   0000D8                     i2l1621:
  3406                           
  3407                           ;hw.c: 36:         }
  3408   0000D8  4A1B               	infsnz	ISR@i^0,f,c
  3409   0000DA  2A1C               	incf	(ISR@i+1)^0,f,c
  3410   0000DC                     i2l1623:
  3411   0000DC  EE22  F0AE         	lfsr	2,_r_queue+468
  3412   0000E0  50DF               	movf	indf2,w,c
  3413   0000E2  6E0E               	movwf	??_ISR^0,c
  3414   0000E4  6A0F               	clrf	(??_ISR+1)^0,c
  3415   0000E6  500E               	movf	??_ISR^0,w,c
  3416   0000E8  5C1B               	subwf	ISR@i^0,w,c
  3417   0000EA  501C               	movf	(ISR@i+1)^0,w,c
  3418   0000EC  0A80               	xorlw	128
  3419   0000EE  6E10               	movwf	(??_ISR+2)^0,c
  3420   0000F0  500F               	movf	(??_ISR+1)^0,w,c
  3421   0000F2  0A80               	xorlw	128
  3422   0000F4  5810               	subwfb	(??_ISR+2)^0,w,c
  3423   0000F6  A0D8               	btfss	status,0,c
  3424   0000F8  EF80  F000         	goto	i2u78_41
  3425   0000FC  EF82  F000         	goto	i2u78_40
  3426   000100                     i2u78_41:
  3427   000100  EF1E  F000         	goto	i2l1615
  3428   000104                     i2u78_40:
  3429   000104                     
  3430                           ;hw.c: 40:         if (rr_quantum == 0) {
  3431   000104  5031               	movf	_rr_quantum^0,w,c
  3432   000106  A4D8               	btfss	status,2,c
  3433   000108  EF88  F000         	goto	i2u79_41
  3434   00010C  EF8A  F000         	goto	i2u79_40
  3435   000110                     i2u79_41:
  3436   000110  EF7E  F003         	goto	i2l1659
  3437   000114                     i2u79_40:
  3438   000114                     
  3439                           ;hw.c: 41:             rr_quantum = 50;
  3440   000114  0E32               	movlw	50
  3441   000116  6E31               	movwf	_rr_quantum^0,c
  3442   000118  EE22  F0AF         	lfsr	2,_r_queue+469
  3443   00011C  EE10 F001          	lfsr	1,1
  3444   000120  50DE               	movf	postinc2,w,c
  3445   000122  26E1               	addwf	fsr1l,f,c
  3446   000124  50DD               	movf	postdec2,w,c
  3447   000126  22E2               	addwfc	fsr1h,f,c
  3448   000128  0E02               	movlw	2
  3449   00012A  18E6               	xorwf	postinc1,w,c
  3450   00012C  A4D8               	btfss	status,2,c
  3451   00012E  EF9B  F000         	goto	i2u80_41
  3452   000132  EF9D  F000         	goto	i2u80_40
  3453   000136                     i2u80_41:
  3454   000136  EFD9  F001         	goto	i2l1639
  3455   00013A                     i2u80_40:
  3456   00013A  EE22  F0AF         	lfsr	2,_r_queue+469
  3457   00013E  EE10 F001          	lfsr	1,1
  3458   000142  50DE               	movf	postinc2,w,c
  3459   000144  26E1               	addwf	fsr1l,f,c
  3460   000146  50DD               	movf	postdec2,w,c
  3461   000148  22E2               	addwfc	fsr1h,f,c
  3462   00014A  6AE7               	clrf	indf1,c
  3463   00014C  EE22  F0AF         	lfsr	2,_r_queue+469
  3464   000150  EE10 F008          	lfsr	1,8
  3465   000154  50DE               	movf	postinc2,w,c
  3466   000156  26E1               	addwf	fsr1l,f,c
  3467   000158  50DD               	movf	postdec2,w,c
  3468   00015A  22E2               	addwfc	fsr1h,f,c
  3469   00015C  CFE0 FFE7          	movff	bsr,indf1	;volatile
  3470   000160  EE22  F0AF         	lfsr	2,_r_queue+469
  3471   000164  EE10 F00C          	lfsr	1,12
  3472   000168  50DE               	movf	postinc2,w,c
  3473   00016A  26E1               	addwf	fsr1l,f,c
  3474   00016C  50DD               	movf	postdec2,w,c
  3475   00016E  22E2               	addwfc	fsr1h,f,c
  3476   000170  CFEA FFE7          	movff	fsr0h,indf1	;volatile
  3477   000174  EE22  F0AF         	lfsr	2,_r_queue+469
  3478   000178  EE10 F00B          	lfsr	1,11
  3479   00017C  50DE               	movf	postinc2,w,c
  3480   00017E  26E1               	addwf	fsr1l,f,c
  3481   000180  50DD               	movf	postdec2,w,c
  3482   000182  22E2               	addwfc	fsr1h,f,c
  3483   000184  CFE9 FFE7          	movff	fsr0l,indf1	;volatile
  3484   000188  EE22  F0AF         	lfsr	2,_r_queue+469
  3485   00018C  EE10 F00E          	lfsr	1,14
  3486   000190  50DE               	movf	postinc2,w,c
  3487   000192  26E1               	addwf	fsr1l,f,c
  3488   000194  50DD               	movf	postdec2,w,c
  3489   000196  22E2               	addwfc	fsr1h,f,c
  3490   000198  CFE2 FFE7          	movff	fsr1h,indf1	;volatile
  3491   00019C  EE22  F0AF         	lfsr	2,_r_queue+469
  3492   0001A0  EE10 F00D          	lfsr	1,13
  3493   0001A4  50DE               	movf	postinc2,w,c
  3494   0001A6  26E1               	addwf	fsr1l,f,c
  3495   0001A8  50DD               	movf	postdec2,w,c
  3496   0001AA  22E2               	addwfc	fsr1h,f,c
  3497   0001AC  CFE1 FFE7          	movff	fsr1l,indf1	;volatile
  3498   0001B0  EE22  F0AF         	lfsr	2,_r_queue+469
  3499   0001B4  EE10 F010          	lfsr	1,16
  3500   0001B8  50DE               	movf	postinc2,w,c
  3501   0001BA  26E1               	addwf	fsr1l,f,c
  3502   0001BC  50DD               	movf	postdec2,w,c
  3503   0001BE  22E2               	addwfc	fsr1h,f,c
  3504   0001C0  CFDA FFE7          	movff	fsr2h,indf1	;volatile
  3505   0001C4  EE22  F0AF         	lfsr	2,_r_queue+469
  3506   0001C8  EE10 F00F          	lfsr	1,15
  3507   0001CC  50DE               	movf	postinc2,w,c
  3508   0001CE  26E1               	addwf	fsr1l,f,c
  3509   0001D0  50DD               	movf	postdec2,w,c
  3510   0001D2  22E2               	addwfc	fsr1h,f,c
  3511   0001D4  CFD9 FFE7          	movff	fsr2l,indf1	;volatile
  3512   0001D8  EE22  F0AF         	lfsr	2,_r_queue+469
  3513   0001DC  EE10 F015          	lfsr	1,21
  3514   0001E0  50DE               	movf	postinc2,w,c
  3515   0001E2  26E1               	addwf	fsr1l,f,c
  3516   0001E4  50DD               	movf	postdec2,w,c
  3517   0001E6  22E2               	addwfc	fsr1h,f,c
  3518   0001E8  CFFA FFE7          	movff	pclath,indf1	;volatile
  3519   0001EC  EE22  F0AF         	lfsr	2,_r_queue+469
  3520   0001F0  EE10 F016          	lfsr	1,22
  3521   0001F4  50DE               	movf	postinc2,w,c
  3522   0001F6  26E1               	addwf	fsr1l,f,c
  3523   0001F8  50DD               	movf	postdec2,w,c
  3524   0001FA  22E2               	addwfc	fsr1h,f,c
  3525   0001FC  CFFB FFE7          	movff	pclatu,indf1	;volatile
  3526   000200  EE22  F0AF         	lfsr	2,_r_queue+469
  3527   000204  EE10 F00A          	lfsr	1,10
  3528   000208  50DE               	movf	postinc2,w,c
  3529   00020A  26E1               	addwf	fsr1l,f,c
  3530   00020C  50DD               	movf	postdec2,w,c
  3531   00020E  22E2               	addwfc	fsr1h,f,c
  3532   000210  CFF4 FFE7          	movff	prodh,indf1	;volatile
  3533   000214  EE22  F0AF         	lfsr	2,_r_queue+469
  3534   000218  EE10 F009          	lfsr	1,9
  3535   00021C  50DE               	movf	postinc2,w,c
  3536   00021E  26E1               	addwf	fsr1l,f,c
  3537   000220  50DD               	movf	postdec2,w,c
  3538   000222  22E2               	addwfc	fsr1h,f,c
  3539   000224  CFF3 FFE7          	movff	prodl,indf1	;volatile
  3540   000228  EE22  F0AF         	lfsr	2,_r_queue+469
  3541   00022C  EE10 F011          	lfsr	1,17
  3542   000230  50DE               	movf	postinc2,w,c
  3543   000232  26E1               	addwf	fsr1l,f,c
  3544   000234  50DD               	movf	postdec2,w,c
  3545   000236  22E2               	addwfc	fsr1h,f,c
  3546   000238  CFF5 FFE7          	movff	tablat,indf1	;volatile
  3547   00023C  EE22  F0AF         	lfsr	2,_r_queue+469
  3548   000240  EE10 F013          	lfsr	1,19
  3549   000244  50DE               	movf	postinc2,w,c
  3550   000246  26E1               	addwf	fsr1l,f,c
  3551   000248  50DD               	movf	postdec2,w,c
  3552   00024A  22E2               	addwfc	fsr1h,f,c
  3553   00024C  CFF7 FFE7          	movff	tblptrh,indf1	;volatile
  3554   000250  EE22  F0AF         	lfsr	2,_r_queue+469
  3555   000254  EE10 F012          	lfsr	1,18
  3556   000258  50DE               	movf	postinc2,w,c
  3557   00025A  26E1               	addwf	fsr1l,f,c
  3558   00025C  50DD               	movf	postdec2,w,c
  3559   00025E  22E2               	addwfc	fsr1h,f,c
  3560   000260  CFF6 FFE7          	movff	tblptrl,indf1	;volatile
  3561   000264  EE22  F0AF         	lfsr	2,_r_queue+469
  3562   000268  EE10 F014          	lfsr	1,20
  3563   00026C  50DE               	movf	postinc2,w,c
  3564   00026E  26E1               	addwf	fsr1l,f,c
  3565   000270  50DD               	movf	postdec2,w,c
  3566   000272  22E2               	addwfc	fsr1h,f,c
  3567   000274  CFF8 FFE7          	movff	tblptru,indf1	;volatile
  3568   000278  EE22  F0AF         	lfsr	2,_r_queue+469
  3569   00027C  EE10 F006          	lfsr	1,6
  3570   000280  50DE               	movf	postinc2,w,c
  3571   000282  26E1               	addwf	fsr1l,f,c
  3572   000284  50DD               	movf	postdec2,w,c
  3573   000286  22E2               	addwfc	fsr1h,f,c
  3574   000288  CFE8 FFE7          	movff	wreg,indf1	;volatile
  3575   00028C  EE22  F0AF         	lfsr	2,_r_queue+469
  3576   000290  EE10 F007          	lfsr	1,7
  3577   000294  50DE               	movf	postinc2,w,c
  3578   000296  26E1               	addwf	fsr1l,f,c
  3579   000298  50DD               	movf	postdec2,w,c
  3580   00029A  22E2               	addwfc	fsr1h,f,c
  3581   00029C  CFD8 FFE7          	movff	status,indf1	;volatile
  3582   0002A0  EE22  F0AF         	lfsr	2,_r_queue+469
  3583   0002A4  EE10 F074          	lfsr	1,116
  3584   0002A8  50DE               	movf	postinc2,w,c
  3585   0002AA  26E1               	addwf	fsr1l,f,c
  3586   0002AC  50DD               	movf	postdec2,w,c
  3587   0002AE  22E2               	addwfc	fsr1h,f,c
  3588   0002B0  6AE7               	clrf	indf1,c
  3589   0002B2  EFD1  F001         	goto	i2l1637
  3590   0002B6                     i2l1633:
  3591   0002B6  EE22  F0AF         	lfsr	2,_r_queue+469
  3592   0002BA  EE10 F074          	lfsr	1,116
  3593   0002BE  50DE               	movf	postinc2,w,c
  3594   0002C0  26E1               	addwf	fsr1l,f,c
  3595   0002C2  50DD               	movf	postdec2,w,c
  3596   0002C4  22E2               	addwfc	fsr1h,f,c
  3597   0002C6  50E7               	movf	indf1,w,c
  3598   0002C8  6E0E               	movwf	??_ISR^0,c
  3599   0002CA  500E               	movf	??_ISR^0,w,c
  3600   0002CC  0D03               	mullw	3
  3601   0002CE  CFF3 F00F          	movff	prodl,??_ISR+1
  3602   0002D2  CFF4 F010          	movff	prodh,??_ISR+2
  3603   0002D6  EE22  F0AF         	lfsr	2,_r_queue+469
  3604   0002DA  CFDE F011          	movff	postinc2,??_ISR+3
  3605   0002DE  CFDD F012          	movff	postdec2,??_ISR+4
  3606   0002E2  500F               	movf	(??_ISR+1)^0,w,c
  3607   0002E4  2411               	addwf	(??_ISR+3)^0,w,c
  3608   0002E6  6E13               	movwf	(??_ISR+5)^0,c
  3609   0002E8  5010               	movf	(??_ISR+2)^0,w,c
  3610   0002EA  2012               	addwfc	(??_ISR+4)^0,w,c
  3611   0002EC  6E14               	movwf	(??_ISR+6)^0,c
  3612   0002EE  0E17               	movlw	23
  3613   0002F0  2413               	addwf	(??_ISR+5)^0,w,c
  3614   0002F2  6ED9               	movwf	fsr2l,c
  3615   0002F4  0E00               	movlw	0
  3616   0002F6  2014               	addwfc	(??_ISR+6)^0,w,c
  3617   0002F8  6EDA               	movwf	fsr2h,c
  3618   0002FA  CFFD FFDF          	movff	tosl,indf2	;volatile
  3619   0002FE  EE22  F0AF         	lfsr	2,_r_queue+469
  3620   000302  EE10 F074          	lfsr	1,116
  3621   000306  50DE               	movf	postinc2,w,c
  3622   000308  26E1               	addwf	fsr1l,f,c
  3623   00030A  50DD               	movf	postdec2,w,c
  3624   00030C  22E2               	addwfc	fsr1h,f,c
  3625   00030E  50E7               	movf	indf1,w,c
  3626   000310  6E0E               	movwf	??_ISR^0,c
  3627   000312  500E               	movf	??_ISR^0,w,c
  3628   000314  0D03               	mullw	3
  3629   000316  CFF3 F00F          	movff	prodl,??_ISR+1
  3630   00031A  CFF4 F010          	movff	prodh,??_ISR+2
  3631   00031E  EE22  F0AF         	lfsr	2,_r_queue+469
  3632   000322  CFDE F011          	movff	postinc2,??_ISR+3
  3633   000326  CFDD F012          	movff	postdec2,??_ISR+4
  3634   00032A  500F               	movf	(??_ISR+1)^0,w,c
  3635   00032C  2411               	addwf	(??_ISR+3)^0,w,c
  3636   00032E  6E13               	movwf	(??_ISR+5)^0,c
  3637   000330  5010               	movf	(??_ISR+2)^0,w,c
  3638   000332  2012               	addwfc	(??_ISR+4)^0,w,c
  3639   000334  6E14               	movwf	(??_ISR+6)^0,c
  3640   000336  0E18               	movlw	24
  3641   000338  2413               	addwf	(??_ISR+5)^0,w,c
  3642   00033A  6ED9               	movwf	fsr2l,c
  3643   00033C  0E00               	movlw	0
  3644   00033E  2014               	addwfc	(??_ISR+6)^0,w,c
  3645   000340  6EDA               	movwf	fsr2h,c
  3646   000342  CFFE FFDF          	movff	tosh,indf2	;volatile
  3647   000346  EE22  F0AF         	lfsr	2,_r_queue+469
  3648   00034A  EE10 F074          	lfsr	1,116
  3649   00034E  50DE               	movf	postinc2,w,c
  3650   000350  26E1               	addwf	fsr1l,f,c
  3651   000352  50DD               	movf	postdec2,w,c
  3652   000354  22E2               	addwfc	fsr1h,f,c
  3653   000356  50E7               	movf	indf1,w,c
  3654   000358  6E0E               	movwf	??_ISR^0,c
  3655   00035A  500E               	movf	??_ISR^0,w,c
  3656   00035C  0D03               	mullw	3
  3657   00035E  CFF3 F00F          	movff	prodl,??_ISR+1
  3658   000362  CFF4 F010          	movff	prodh,??_ISR+2
  3659   000366  EE22  F0AF         	lfsr	2,_r_queue+469
  3660   00036A  CFDE F011          	movff	postinc2,??_ISR+3
  3661   00036E  CFDD F012          	movff	postdec2,??_ISR+4
  3662   000372  500F               	movf	(??_ISR+1)^0,w,c
  3663   000374  2411               	addwf	(??_ISR+3)^0,w,c
  3664   000376  6E13               	movwf	(??_ISR+5)^0,c
  3665   000378  5010               	movf	(??_ISR+2)^0,w,c
  3666   00037A  2012               	addwfc	(??_ISR+4)^0,w,c
  3667   00037C  6E14               	movwf	(??_ISR+6)^0,c
  3668   00037E  0E19               	movlw	25
  3669   000380  2413               	addwf	(??_ISR+5)^0,w,c
  3670   000382  6ED9               	movwf	fsr2l,c
  3671   000384  0E00               	movlw	0
  3672   000386  2014               	addwfc	(??_ISR+6)^0,w,c
  3673   000388  6EDA               	movwf	fsr2h,c
  3674   00038A  CFFF FFDF          	movff	tosu,indf2	;volatile
  3675   00038E  EE22  F0AF         	lfsr	2,_r_queue+469
  3676   000392  EE10 F074          	lfsr	1,116
  3677   000396  50DE               	movf	postinc2,w,c
  3678   000398  26E1               	addwf	fsr1l,f,c
  3679   00039A  50DD               	movf	postdec2,w,c
  3680   00039C  22E2               	addwfc	fsr1h,f,c
  3681   00039E  2AE7               	incf	indf1,f,c
  3682   0003A0  0006               	pop		;# 
  3683   0003A2                     i2l1637:
  3684   0003A2  50FC               	movf	252,w,c	;volatile
  3685   0003A4  A4D8               	btfss	status,2,c
  3686   0003A6  EFD7  F001         	goto	i2u81_41
  3687   0003AA  EFD9  F001         	goto	i2u81_40
  3688   0003AE                     i2u81_41:
  3689   0003AE  EF5B  F001         	goto	i2l1633
  3690   0003B2                     i2u81_40:
  3691   0003B2                     i2l1639:
  3692                           
  3693                           ;hw.c: 43:             scheduler();
  3694   0003B2  EC03  F00D         	call	i2_scheduler	;wreg free
  3695   0003B6  EE22  F0AF         	lfsr	2,_r_queue+469
  3696   0003BA  EE10 F001          	lfsr	1,1
  3697   0003BE  50DE               	movf	postinc2,w,c
  3698   0003C0  26E1               	addwf	fsr1l,f,c
  3699   0003C2  50DD               	movf	postdec2,w,c
  3700   0003C4  22E2               	addwfc	fsr1h,f,c
  3701   0003C6  50E7               	movf	indf1,w,c
  3702   0003C8  A4D8               	btfss	status,2,c
  3703   0003CA  EFE9  F001         	goto	i2u82_41
  3704   0003CE  EFEB  F001         	goto	i2u82_40
  3705   0003D2                     i2u82_41:
  3706   0003D2  EF7F  F003         	goto	i2l275
  3707   0003D6                     i2u82_40:
  3708   0003D6  EE22  F0AF         	lfsr	2,_r_queue+469
  3709   0003DA  EE10 F001          	lfsr	1,1
  3710   0003DE  50DE               	movf	postinc2,w,c
  3711   0003E0  26E1               	addwf	fsr1l,f,c
  3712   0003E2  50DD               	movf	postdec2,w,c
  3713   0003E4  22E2               	addwfc	fsr1h,f,c
  3714   0003E6  0E02               	movlw	2
  3715   0003E8  6EE7               	movwf	indf1,c
  3716   0003EA  EE22  F0AF         	lfsr	2,_r_queue+469
  3717   0003EE  EE10 F008          	lfsr	1,8
  3718   0003F2  50DE               	movf	postinc2,w,c
  3719   0003F4  26E1               	addwf	fsr1l,f,c
  3720   0003F6  50DD               	movf	postdec2,w,c
  3721   0003F8  22E2               	addwfc	fsr1h,f,c
  3722   0003FA  50E7               	movf	indf1,w,c
  3723   0003FC  6EE0               	movwf	224,c	;volatile
  3724   0003FE  EE22  F0AF         	lfsr	2,_r_queue+469
  3725   000402  EE10 F00C          	lfsr	1,12
  3726   000406  50DE               	movf	postinc2,w,c
  3727   000408  26E1               	addwf	fsr1l,f,c
  3728   00040A  50DD               	movf	postdec2,w,c
  3729   00040C  22E2               	addwfc	fsr1h,f,c
  3730   00040E  50E7               	movf	indf1,w,c
  3731   000410  6EEA               	movwf	234,c	;volatile
  3732   000412  EE22  F0AF         	lfsr	2,_r_queue+469
  3733   000416  EE10 F00B          	lfsr	1,11
  3734   00041A  50DE               	movf	postinc2,w,c
  3735   00041C  26E1               	addwf	fsr1l,f,c
  3736   00041E  50DD               	movf	postdec2,w,c
  3737   000420  22E2               	addwfc	fsr1h,f,c
  3738   000422  50E7               	movf	indf1,w,c
  3739   000424  6EE9               	movwf	233,c	;volatile
  3740   000426  EE22  F0AF         	lfsr	2,_r_queue+469
  3741   00042A  EE10 F00E          	lfsr	1,14
  3742   00042E  50DE               	movf	postinc2,w,c
  3743   000430  26E1               	addwf	fsr1l,f,c
  3744   000432  50DD               	movf	postdec2,w,c
  3745   000434  22E2               	addwfc	fsr1h,f,c
  3746   000436  50E7               	movf	indf1,w,c
  3747   000438  6EE2               	movwf	226,c	;volatile
  3748   00043A  EE22  F0AF         	lfsr	2,_r_queue+469
  3749   00043E  EE10 F00D          	lfsr	1,13
  3750   000442  50DE               	movf	postinc2,w,c
  3751   000444  26E1               	addwf	fsr1l,f,c
  3752   000446  50DD               	movf	postdec2,w,c
  3753   000448  22E2               	addwfc	fsr1h,f,c
  3754   00044A  50E7               	movf	indf1,w,c
  3755   00044C  6EE1               	movwf	225,c	;volatile
  3756   00044E  EE22  F0AF         	lfsr	2,_r_queue+469
  3757   000452  EE10 F010          	lfsr	1,16
  3758   000456  50DE               	movf	postinc2,w,c
  3759   000458  26E1               	addwf	fsr1l,f,c
  3760   00045A  50DD               	movf	postdec2,w,c
  3761   00045C  22E2               	addwfc	fsr1h,f,c
  3762   00045E  50E7               	movf	indf1,w,c
  3763   000460  6EDA               	movwf	218,c	;volatile
  3764   000462  EE22  F0AF         	lfsr	2,_r_queue+469
  3765   000466  EE10 F00F          	lfsr	1,15
  3766   00046A  50DE               	movf	postinc2,w,c
  3767   00046C  26E1               	addwf	fsr1l,f,c
  3768   00046E  50DD               	movf	postdec2,w,c
  3769   000470  22E2               	addwfc	fsr1h,f,c
  3770   000472  50E7               	movf	indf1,w,c
  3771   000474  6ED9               	movwf	217,c	;volatile
  3772   000476  EE22  F0AF         	lfsr	2,_r_queue+469
  3773   00047A  EE10 F015          	lfsr	1,21
  3774   00047E  50DE               	movf	postinc2,w,c
  3775   000480  26E1               	addwf	fsr1l,f,c
  3776   000482  50DD               	movf	postdec2,w,c
  3777   000484  22E2               	addwfc	fsr1h,f,c
  3778   000486  50E7               	movf	indf1,w,c
  3779   000488  6EFA               	movwf	250,c	;volatile
  3780   00048A  EE22  F0AF         	lfsr	2,_r_queue+469
  3781   00048E  EE10 F016          	lfsr	1,22
  3782   000492  50DE               	movf	postinc2,w,c
  3783   000494  26E1               	addwf	fsr1l,f,c
  3784   000496  50DD               	movf	postdec2,w,c
  3785   000498  22E2               	addwfc	fsr1h,f,c
  3786   00049A  50E7               	movf	indf1,w,c
  3787   00049C  6EFB               	movwf	251,c	;volatile
  3788   00049E  EE22  F0AF         	lfsr	2,_r_queue+469
  3789   0004A2  EE10 F00A          	lfsr	1,10
  3790   0004A6  50DE               	movf	postinc2,w,c
  3791   0004A8  26E1               	addwf	fsr1l,f,c
  3792   0004AA  50DD               	movf	postdec2,w,c
  3793   0004AC  22E2               	addwfc	fsr1h,f,c
  3794   0004AE  50E7               	movf	indf1,w,c
  3795   0004B0  6EF4               	movwf	244,c	;volatile
  3796   0004B2  EE22  F0AF         	lfsr	2,_r_queue+469
  3797   0004B6  EE10 F009          	lfsr	1,9
  3798   0004BA  50DE               	movf	postinc2,w,c
  3799   0004BC  26E1               	addwf	fsr1l,f,c
  3800   0004BE  50DD               	movf	postdec2,w,c
  3801   0004C0  22E2               	addwfc	fsr1h,f,c
  3802   0004C2  50E7               	movf	indf1,w,c
  3803   0004C4  6EF3               	movwf	243,c	;volatile
  3804   0004C6  EE22  F0AF         	lfsr	2,_r_queue+469
  3805   0004CA  EE10 F011          	lfsr	1,17
  3806   0004CE  50DE               	movf	postinc2,w,c
  3807   0004D0  26E1               	addwf	fsr1l,f,c
  3808   0004D2  50DD               	movf	postdec2,w,c
  3809   0004D4  22E2               	addwfc	fsr1h,f,c
  3810   0004D6  50E7               	movf	indf1,w,c
  3811   0004D8  6EF5               	movwf	245,c	;volatile
  3812   0004DA  EE22  F0AF         	lfsr	2,_r_queue+469
  3813   0004DE  EE10 F013          	lfsr	1,19
  3814   0004E2  50DE               	movf	postinc2,w,c
  3815   0004E4  26E1               	addwf	fsr1l,f,c
  3816   0004E6  50DD               	movf	postdec2,w,c
  3817   0004E8  22E2               	addwfc	fsr1h,f,c
  3818   0004EA  50E7               	movf	indf1,w,c
  3819   0004EC  6EF7               	movwf	247,c	;volatile
  3820   0004EE  EE22  F0AF         	lfsr	2,_r_queue+469
  3821   0004F2  EE10 F012          	lfsr	1,18
  3822   0004F6  50DE               	movf	postinc2,w,c
  3823   0004F8  26E1               	addwf	fsr1l,f,c
  3824   0004FA  50DD               	movf	postdec2,w,c
  3825   0004FC  22E2               	addwfc	fsr1h,f,c
  3826   0004FE  50E7               	movf	indf1,w,c
  3827   000500  6EF6               	movwf	246,c	;volatile
  3828   000502  EE22  F0AF         	lfsr	2,_r_queue+469
  3829   000506  EE10 F014          	lfsr	1,20
  3830   00050A  50DE               	movf	postinc2,w,c
  3831   00050C  26E1               	addwf	fsr1l,f,c
  3832   00050E  50DD               	movf	postdec2,w,c
  3833   000510  22E2               	addwfc	fsr1h,f,c
  3834   000512  50E7               	movf	indf1,w,c
  3835   000514  6EF8               	movwf	248,c	;volatile
  3836   000516  EE22  F0AF         	lfsr	2,_r_queue+469
  3837   00051A  EE10 F007          	lfsr	1,7
  3838   00051E  50DE               	movf	postinc2,w,c
  3839   000520  26E1               	addwf	fsr1l,f,c
  3840   000522  50DD               	movf	postdec2,w,c
  3841   000524  22E2               	addwfc	fsr1h,f,c
  3842   000526  50E7               	movf	indf1,w,c
  3843   000528  6ED8               	movwf	216,c	;volatile
  3844   00052A  EE22  F0AF         	lfsr	2,_r_queue+469
  3845   00052E  EE10 F006          	lfsr	1,6
  3846   000532  50DE               	movf	postinc2,w,c
  3847   000534  26E1               	addwf	fsr1l,f,c
  3848   000536  50DD               	movf	postdec2,w,c
  3849   000538  22E2               	addwfc	fsr1h,f,c
  3850   00053A  50E7               	movf	indf1,w,c
  3851   00053C  6E0E               	movwf	??_ISR^0,c
  3852   00053E  500E               	movf	??_ISR^0,w,c
  3853   000540  6AFC               	clrf	252,c	;volatile
  3854   000542  EE22  F0AF         	lfsr	2,_r_queue+469
  3855   000546  EE10 F074          	lfsr	1,116
  3856   00054A  50DE               	movf	postinc2,w,c
  3857   00054C  26E1               	addwf	fsr1l,f,c
  3858   00054E  50DD               	movf	postdec2,w,c
  3859   000550  22E2               	addwfc	fsr1h,f,c
  3860   000552  50E7               	movf	indf1,w,c
  3861   000554  B4D8               	btfsc	status,2,c
  3862   000556  EFAF  F002         	goto	i2u83_41
  3863   00055A  EFB1  F002         	goto	i2u83_40
  3864   00055E                     i2u83_41:
  3865   00055E  EF39  F003         	goto	i2l269
  3866   000562                     i2u83_40:
  3867   000562                     i2l270:
  3868   000562  0005               	push		;# 
  3869   000564  EE22  F0AF         	lfsr	2,_r_queue+469
  3870   000568  EE10 F074          	lfsr	1,116
  3871   00056C  50DE               	movf	postinc2,w,c
  3872   00056E  26E1               	addwf	fsr1l,f,c
  3873   000570  50DD               	movf	postdec2,w,c
  3874   000572  22E2               	addwfc	fsr1h,f,c
  3875   000574  06E7               	decf	indf1,f,c
  3876   000576  EE22  F0AF         	lfsr	2,_r_queue+469
  3877   00057A  EE10 F074          	lfsr	1,116
  3878   00057E  50DE               	movf	postinc2,w,c
  3879   000580  26E1               	addwf	fsr1l,f,c
  3880   000582  50DD               	movf	postdec2,w,c
  3881   000584  22E2               	addwfc	fsr1h,f,c
  3882   000586  50E7               	movf	indf1,w,c
  3883   000588  6E0E               	movwf	??_ISR^0,c
  3884   00058A  500E               	movf	??_ISR^0,w,c
  3885   00058C  0D03               	mullw	3
  3886   00058E  CFF3 F00F          	movff	prodl,??_ISR+1
  3887   000592  CFF4 F010          	movff	prodh,??_ISR+2
  3888   000596  EE22  F0AF         	lfsr	2,_r_queue+469
  3889   00059A  CFDE F011          	movff	postinc2,??_ISR+3
  3890   00059E  CFDD F012          	movff	postdec2,??_ISR+4
  3891   0005A2  500F               	movf	(??_ISR+1)^0,w,c
  3892   0005A4  2411               	addwf	(??_ISR+3)^0,w,c
  3893   0005A6  6E13               	movwf	(??_ISR+5)^0,c
  3894   0005A8  5010               	movf	(??_ISR+2)^0,w,c
  3895   0005AA  2012               	addwfc	(??_ISR+4)^0,w,c
  3896   0005AC  6E14               	movwf	(??_ISR+6)^0,c
  3897   0005AE  0E17               	movlw	23
  3898   0005B0  2413               	addwf	(??_ISR+5)^0,w,c
  3899   0005B2  6ED9               	movwf	fsr2l,c
  3900   0005B4  0E00               	movlw	0
  3901   0005B6  2014               	addwfc	(??_ISR+6)^0,w,c
  3902   0005B8  6EDA               	movwf	fsr2h,c
  3903   0005BA  50DF               	movf	indf2,w,c
  3904   0005BC  6EFD               	movwf	253,c	;volatile
  3905   0005BE  EE22  F0AF         	lfsr	2,_r_queue+469
  3906   0005C2  EE10 F074          	lfsr	1,116
  3907   0005C6  50DE               	movf	postinc2,w,c
  3908   0005C8  26E1               	addwf	fsr1l,f,c
  3909   0005CA  50DD               	movf	postdec2,w,c
  3910   0005CC  22E2               	addwfc	fsr1h,f,c
  3911   0005CE  50E7               	movf	indf1,w,c
  3912   0005D0  6E0E               	movwf	??_ISR^0,c
  3913   0005D2  500E               	movf	??_ISR^0,w,c
  3914   0005D4  0D03               	mullw	3
  3915   0005D6  CFF3 F00F          	movff	prodl,??_ISR+1
  3916   0005DA  CFF4 F010          	movff	prodh,??_ISR+2
  3917   0005DE  EE22  F0AF         	lfsr	2,_r_queue+469
  3918   0005E2  CFDE F011          	movff	postinc2,??_ISR+3
  3919   0005E6  CFDD F012          	movff	postdec2,??_ISR+4
  3920   0005EA  500F               	movf	(??_ISR+1)^0,w,c
  3921   0005EC  2411               	addwf	(??_ISR+3)^0,w,c
  3922   0005EE  6E13               	movwf	(??_ISR+5)^0,c
  3923   0005F0  5010               	movf	(??_ISR+2)^0,w,c
  3924   0005F2  2012               	addwfc	(??_ISR+4)^0,w,c
  3925   0005F4  6E14               	movwf	(??_ISR+6)^0,c
  3926   0005F6  0E18               	movlw	24
  3927   0005F8  2413               	addwf	(??_ISR+5)^0,w,c
  3928   0005FA  6ED9               	movwf	fsr2l,c
  3929   0005FC  0E00               	movlw	0
  3930   0005FE  2014               	addwfc	(??_ISR+6)^0,w,c
  3931   000600  6EDA               	movwf	fsr2h,c
  3932   000602  50DF               	movf	indf2,w,c
  3933   000604  6EFE               	movwf	254,c	;volatile
  3934   000606  EE22  F0AF         	lfsr	2,_r_queue+469
  3935   00060A  EE10 F074          	lfsr	1,116
  3936   00060E  50DE               	movf	postinc2,w,c
  3937   000610  26E1               	addwf	fsr1l,f,c
  3938   000612  50DD               	movf	postdec2,w,c
  3939   000614  22E2               	addwfc	fsr1h,f,c
  3940   000616  50E7               	movf	indf1,w,c
  3941   000618  6E0E               	movwf	??_ISR^0,c
  3942   00061A  500E               	movf	??_ISR^0,w,c
  3943   00061C  0D03               	mullw	3
  3944   00061E  CFF3 F00F          	movff	prodl,??_ISR+1
  3945   000622  CFF4 F010          	movff	prodh,??_ISR+2
  3946   000626  EE22  F0AF         	lfsr	2,_r_queue+469
  3947   00062A  CFDE F011          	movff	postinc2,??_ISR+3
  3948   00062E  CFDD F012          	movff	postdec2,??_ISR+4
  3949   000632  500F               	movf	(??_ISR+1)^0,w,c
  3950   000634  2411               	addwf	(??_ISR+3)^0,w,c
  3951   000636  6E13               	movwf	(??_ISR+5)^0,c
  3952   000638  5010               	movf	(??_ISR+2)^0,w,c
  3953   00063A  2012               	addwfc	(??_ISR+4)^0,w,c
  3954   00063C  6E14               	movwf	(??_ISR+6)^0,c
  3955   00063E  0E19               	movlw	25
  3956   000640  2413               	addwf	(??_ISR+5)^0,w,c
  3957   000642  6ED9               	movwf	fsr2l,c
  3958   000644  0E00               	movlw	0
  3959   000646  2014               	addwfc	(??_ISR+6)^0,w,c
  3960   000648  6EDA               	movwf	fsr2h,c
  3961   00064A  50DF               	movf	indf2,w,c
  3962   00064C  6EFF               	movwf	255,c	;volatile
  3963   00064E  EE22  F0AF         	lfsr	2,_r_queue+469
  3964   000652  EE10 F074          	lfsr	1,116
  3965   000656  50DE               	movf	postinc2,w,c
  3966   000658  26E1               	addwf	fsr1l,f,c
  3967   00065A  50DD               	movf	postdec2,w,c
  3968   00065C  22E2               	addwfc	fsr1h,f,c
  3969   00065E  50E7               	movf	indf1,w,c
  3970   000660  A4D8               	btfss	status,2,c
  3971   000662  EF35  F003         	goto	i2u84_41
  3972   000666  EF37  F003         	goto	i2u84_40
  3973   00066A                     i2u84_41:
  3974   00066A  EFB1  F002         	goto	i2l270
  3975   00066E                     i2u84_40:
  3976   00066E  EF7F  F003         	goto	i2l275
  3977   000672                     i2l269:
  3978   000672  0005               	push		;# 
  3979   000674  EE22  F0AF         	lfsr	2,_r_queue+469
  3980   000678  EE10 F002          	lfsr	1,2
  3981   00067C  50DE               	movf	postinc2,w,c
  3982   00067E  26E1               	addwf	fsr1l,f,c
  3983   000680  50DD               	movf	postdec2,w,c
  3984   000682  22E2               	addwfc	fsr1h,f,c
  3985   000684  50E7               	movf	indf1,w,c
  3986   000686  6EFD               	movwf	253,c	;volatile
  3987   000688  EE22  F0AF         	lfsr	2,_r_queue+469
  3988   00068C  EE10 F002          	lfsr	1,2
  3989   000690  50DE               	movf	postinc2,w,c
  3990   000692  26E1               	addwf	fsr1l,f,c
  3991   000694  50DD               	movf	postdec2,w,c
  3992   000696  22E2               	addwfc	fsr1h,f,c
  3993   000698  CFE6 F00E          	movff	postinc1,??_ISR
  3994   00069C  CFE5 F00F          	movff	postdec1,??_ISR+1
  3995   0006A0  C00E  F010         	movff	??_ISR,??_ISR+2
  3996   0006A4  C00F  F011         	movff	??_ISR+1,??_ISR+3
  3997   0006A8  6A12               	clrf	(??_ISR+4)^0,c
  3998   0006AA  C011  F010         	movff	??_ISR+3,??_ISR+2
  3999   0006AE  C012  F011         	movff	??_ISR+4,??_ISR+3
  4000   0006B2  6A12               	clrf	(??_ISR+4)^0,c
  4001   0006B4  5010               	movf	(??_ISR+2)^0,w,c
  4002   0006B6  6EFE               	movwf	254,c	;volatile
  4003   0006B8  0E10               	movlw	16
  4004   0006BA  6E0E               	movwf	??_ISR^0,c
  4005   0006BC  EE22  F0AF         	lfsr	2,_r_queue+469
  4006   0006C0  EE10 F002          	lfsr	1,2
  4007   0006C4  50DE               	movf	postinc2,w,c
  4008   0006C6  26E1               	addwf	fsr1l,f,c
  4009   0006C8  50DD               	movf	postdec2,w,c
  4010   0006CA  22E2               	addwfc	fsr1h,f,c
  4011   0006CC  CFE6 F00F          	movff	postinc1,??_ISR+1
  4012   0006D0  CFE5 F010          	movff	postdec1,??_ISR+2
  4013   0006D4  C00F  F011         	movff	??_ISR+1,??_ISR+3
  4014   0006D8  C010  F012         	movff	??_ISR+2,??_ISR+4
  4015   0006DC  6A13               	clrf	(??_ISR+5)^0,c
  4016   0006DE  280E               	incf	??_ISR^0,w,c
  4017   0006E0  6E14               	movwf	(??_ISR+6)^0,c
  4018   0006E2  EF77  F003         	goto	i2u85_40
  4019   0006E6                     i2u85_45:
  4020   0006E6  90D8               	bcf	status,0,c
  4021   0006E8  3213               	rrcf	(??_ISR+5)^0,f,c
  4022   0006EA  3212               	rrcf	(??_ISR+4)^0,f,c
  4023   0006EC  3211               	rrcf	(??_ISR+3)^0,f,c
  4024   0006EE                     i2u85_40:
  4025   0006EE  2E14               	decfsz	(??_ISR+6)^0,f,c
  4026   0006F0  EF73  F003         	goto	i2u85_45
  4027   0006F4  5011               	movf	(??_ISR+3)^0,w,c
  4028   0006F6  6EFF               	movwf	255,c	;volatile
  4029   0006F8  EF7F  F003         	goto	i2l275
  4030   0006FC                     i2l1659:
  4031                           
  4032                           ;hw.c: 47:             rr_quantum--;
  4033   0006FC  0631               	decf	_rr_quantum^0,f,c
  4034   0006FE                     i2l275:
  4035   0006FE  C01A  FFF4         	movff	??_ISR+12,prodh
  4036   000702  C019  FFF3         	movff	??_ISR+11,prodl
  4037   000706  C018  FFDA         	movff	??_ISR+10,fsr2h
  4038   00070A  C017  FFD9         	movff	??_ISR+9,fsr2l
  4039   00070E  C016  FFE2         	movff	??_ISR+8,fsr1h
  4040   000712  C015  FFE1         	movff	??_ISR+7,fsr1l
  4041   000716  9201               	bcf	int$flags,1,c	;clear compiler interrupt flag (level 2)
  4042   000718  0011               	retfie		f
  4043   00071A                     __end_of_ISR:
  4044                           	callstack 0
  4045                           
  4046 ;; *************** function i2_scheduler *****************
  4047 ;; Defined at:
  4048 ;;		line 9 in file "scheduler.c"
  4049 ;; Parameters:    Size  Location     Type
  4050 ;;		None
  4051 ;; Auto vars:     Size  Location     Type
  4052 ;;		None
  4053 ;; Return value:  Size  Location     Type
  4054 ;;                  1    wreg      void 
  4055 ;; Registers used:
  4056 ;;		wreg, fsr2l, fsr2h, status,2, status,0, prodl, prodh, cstack
  4057 ;; Tracked objects:
  4058 ;;		On entry : 0/0
  4059 ;;		On exit  : 0/0
  4060 ;;		Unchanged: 0/0
  4061 ;; Data sizes:     COMRAM   BANK0   BANK1   BANK2   BANK3   BANK4   BANK5   BANK6   BANK7   BANK8   BANK9  BANK10  BANK1
      +1  BANK12  BANK13  BANK14  BANK15
  4062 ;;      Params:         0       0       0       0       0       0       0       0       0       0       0       0       
      +0       0       0       0       0
  4063 ;;      Locals:         0       0       0       0       0       0       0       0       0       0       0       0       
      +0       0       0       0       0
  4064 ;;      Temps:          3       0       0       0       0       0       0       0       0       0       0       0       
      +0       0       0       0       0
  4065 ;;      Totals:         3       0       0       0       0       0       0       0       0       0       0       0       
      +0       0       0       0       0
  4066 ;;Total ram usage:        3 bytes
  4067 ;; Hardware stack levels used: 1
  4068 ;; Hardware stack levels required when called: 2
  4069 ;; This function calls:
  4070 ;;		i2_RR_scheduler
  4071 ;; This function is called by:
  4072 ;;		_ISR
  4073 ;; This function uses a non-reentrant model
  4074 ;;
  4075                           
  4076                           	psect	text15
  4077   001A06                     __ptext15:
  4078                           	callstack 0
  4079   001A06                     i2_scheduler:
  4080                           	callstack 20
  4081   001A06                     
  4082                           ;scheduler.c: 11:   r_queue.pos_task_running = RR_scheduler();
  4083   001A06  ECE7  F00B         	call	i2_RR_scheduler	;wreg free
  4084   001A0A  6E0B               	movwf	??i2_scheduler^0,c
  4085   001A0C  C00B  F2B1         	movff	??i2_scheduler,_r_queue+471
  4086   001A10                     
  4087                           ;scheduler.c: 12:   r_queue.task_running = &r_queue.TASKS[r_queue.pos_task_running];
  4088   001A10  C2B1  F00B         	movff	_r_queue+471,??i2_scheduler
  4089   001A14  500B               	movf	??i2_scheduler^0,w,c
  4090   001A16  0D75               	mullw	117
  4091   001A18  0EDA               	movlw	low _r_queue
  4092   001A1A  24F3               	addwf	243,w,c
  4093   001A1C  6E0C               	movwf	(??i2_scheduler+1)^0,c
  4094   001A1E  0E00               	movlw	high _r_queue
  4095   001A20  20F4               	addwfc	prodh,w,c
  4096   001A22  6E0D               	movwf	(??i2_scheduler+2)^0,c
  4097   001A24  C00C  F2AF         	movff	??i2_scheduler+1,_r_queue+469
  4098   001A28  C00D  F2B0         	movff	??i2_scheduler+2,_r_queue+470
  4099   001A2C  0012               	return		;funcret
  4100   001A2E                     __end_ofi2_scheduler:
  4101                           	callstack 0
  4102                           
  4103 ;; *************** function i2_RR_scheduler *****************
  4104 ;; Defined at:
  4105 ;;		line 15 in file "scheduler.c"
  4106 ;; Parameters:    Size  Location     Type
  4107 ;;		None
  4108 ;; Auto vars:     Size  Location     Type
  4109 ;;  prox            1    8[COMRAM] unsigned char 
  4110 ;; Return value:  Size  Location     Type
  4111 ;;                  1    wreg      unsigned char 
  4112 ;; Registers used:
  4113 ;;		wreg, fsr2l, fsr2h, status,2, status,0, prodl, prodh, cstack
  4114 ;; Tracked objects:
  4115 ;;		On entry : 0/0
  4116 ;;		On exit  : 0/0
  4117 ;;		Unchanged: 0/0
  4118 ;; Data sizes:     COMRAM   BANK0   BANK1   BANK2   BANK3   BANK4   BANK5   BANK6   BANK7   BANK8   BANK9  BANK10  BANK1
      +1  BANK12  BANK13  BANK14  BANK15
  4119 ;;      Params:         0       0       0       0       0       0       0       0       0       0       0       0       
      +0       0       0       0       0
  4120 ;;      Locals:         1       0       0       0       0       0       0       0       0       0       0       0       
      +0       0       0       0       0
  4121 ;;      Temps:          2       0       0       0       0       0       0       0       0       0       0       0       
      +0       0       0       0       0
  4122 ;;      Totals:         3       0       0       0       0       0       0       0       0       0       0       0       
      +0       0       0       0       0
  4123 ;;Total ram usage:        3 bytes
  4124 ;; Hardware stack levels used: 1
  4125 ;; Hardware stack levels required when called: 1
  4126 ;; This function calls:
  4127 ;;		i2___awmod
  4128 ;; This function is called by:
  4129 ;;		i2_scheduler
  4130 ;; This function uses a non-reentrant model
  4131 ;;
  4132                           
  4133                           	psect	text16
  4134   0017CE                     __ptext16:
  4135                           	callstack 0
  4136   0017CE                     i2_RR_scheduler:
  4137                           	callstack 20
  4138   0017CE                     
  4139                           ;scheduler.c: 17:     uint8_t prox = r_queue.pos_task_running;
  4140   0017CE  C2B1  F00A         	movff	_r_queue+471,i2RR_scheduler@prox
  4141   0017D2                     i2l1511:
  4142                           
  4143                           ;scheduler.c: 20:         prox = (prox+1) % r_queue.size;
  4144   0017D2  0E01               	movlw	1
  4145   0017D4  240A               	addwf	i2RR_scheduler@prox^0,w,c
  4146   0017D6  6E02               	movwf	i2___awmod@dividend^0,c
  4147   0017D8  6A03               	clrf	(i2___awmod@dividend+1)^0,c
  4148   0017DA  0E00               	movlw	0
  4149   0017DC  2203               	addwfc	(i2___awmod@dividend+1)^0,f,c
  4150   0017DE  C2AE  F008         	movff	_r_queue+468,??i2_RR_scheduler
  4151   0017E2  5008               	movf	??i2_RR_scheduler^0,w,c
  4152   0017E4  6E04               	movwf	i2___awmod@divisor^0,c
  4153   0017E6  6A05               	clrf	(i2___awmod@divisor+1)^0,c
  4154   0017E8  EC59  F00B         	call	i2___awmod	;wreg free
  4155   0017EC  5002               	movf	?i2___awmod^0,w,c
  4156   0017EE  6E0A               	movwf	i2RR_scheduler@prox^0,c
  4157   0017F0                     
  4158                           ;scheduler.c: 21:     } while (r_queue.TASKS[prox].task_state != READY ||
  4159   0017F0  500A               	movf	i2RR_scheduler@prox^0,w,c
  4160   0017F2  0D75               	mullw	117
  4161   0017F4  0EDB               	movlw	low (_r_queue+1)
  4162   0017F6  24F3               	addwf	243,w,c
  4163   0017F8  6ED9               	movwf	fsr2l,c
  4164   0017FA  0E00               	movlw	high (_r_queue+1)
  4165   0017FC  20F4               	addwfc	prodh,w,c
  4166   0017FE  6EDA               	movwf	fsr2h,c
  4167   001800  50DF               	movf	indf2,w,c
  4168   001802  A4D8               	btfss	status,2,c
  4169   001804  EF06  F00C         	goto	i2u60_41
  4170   001808  EF08  F00C         	goto	i2u60_40
  4171   00180C                     i2u60_41:
  4172   00180C  EFE9  F00B         	goto	i2l1511
  4173   001810                     i2u60_40:
  4174   001810  500A               	movf	i2RR_scheduler@prox^0,w,c
  4175   001812  0D75               	mullw	117
  4176   001814  0EDC               	movlw	low (_r_queue+2)
  4177   001816  24F3               	addwf	243,w,c
  4178   001818  6ED9               	movwf	fsr2l,c
  4179   00181A  0E00               	movlw	high (_r_queue+2)
  4180   00181C  20F4               	addwfc	prodh,w,c
  4181   00181E  6EDA               	movwf	fsr2h,c
  4182   001820  0EB6               	movlw	low _idle
  4183   001822  18DE               	xorwf	postinc2,w,c
  4184   001824  E109               	bnz	i2u61_40
  4185   001826  0E19               	movlw	high _idle
  4186   001828  18DE               	xorwf	postinc2,w,c
  4187   00182A  B4D8               	btfsc	status,2,c
  4188   00182C  EF1A  F00C         	goto	i2u61_41
  4189   001830  EF1C  F00C         	goto	i2u61_40
  4190   001834                     i2u61_41:
  4191   001834  EFE9  F00B         	goto	i2l1511
  4192   001838                     i2u61_40:
  4193   001838                     
  4194                           ;scheduler.c: 24:     return prox;
  4195   001838  500A               	movf	i2RR_scheduler@prox^0,w,c
  4196   00183A  0012               	return		;funcret
  4197   00183C                     __end_ofi2_RR_scheduler:
  4198                           	callstack 0
  4199                           
  4200 ;; *************** function i2___awmod *****************
  4201 ;; Defined at:
  4202 ;;		line 7 in file "C:\Program Files\Microchip\xc8\v3.10\pic\sources\c99\common\awmod.c"
  4203 ;; Parameters:    Size  Location     Type
  4204 ;;  dividend        2    0[COMRAM] int 
  4205 ;;  divisor         2    2[COMRAM] int 
  4206 ;; Auto vars:     Size  Location     Type
  4207 ;;  sign            1    5[COMRAM] unsigned char 
  4208 ;;  counter         1    4[COMRAM] unsigned char 
  4209 ;; Return value:  Size  Location     Type
  4210 ;;                  2    0[COMRAM] int 
  4211 ;; Registers used:
  4212 ;;		wreg, status,2, status,0
  4213 ;; Tracked objects:
  4214 ;;		On entry : 0/0
  4215 ;;		On exit  : 0/0
  4216 ;;		Unchanged: 0/0
  4217 ;; Data sizes:     COMRAM   BANK0   BANK1   BANK2   BANK3   BANK4   BANK5   BANK6   BANK7   BANK8   BANK9  BANK10  BANK1
      +1  BANK12  BANK13  BANK14  BANK15
  4218 ;;      Params:         4       0       0       0       0       0       0       0       0       0       0       0       
      +0       0       0       0       0
  4219 ;;      Locals:         2       0       0       0       0       0       0       0       0       0       0       0       
      +0       0       0       0       0
  4220 ;;      Temps:          0       0       0       0       0       0       0       0       0       0       0       0       
      +0       0       0       0       0
  4221 ;;      Totals:         6       0       0       0       0       0       0       0       0       0       0       0       
      +0       0       0       0       0
  4222 ;;Total ram usage:        6 bytes
  4223 ;; Hardware stack levels used: 1
  4224 ;; This function calls:
  4225 ;;		Nothing
  4226 ;; This function is called by:
  4227 ;;		i2_RR_scheduler
  4228 ;; This function uses a non-reentrant model
  4229 ;;
  4230                           
  4231                           	psect	text17
  4232   0016B2                     __ptext17:
  4233                           	callstack 0
  4234   0016B2                     i2___awmod:
  4235                           	callstack 20
  4236   0016B2  6A07               	clrf	i2___awmod@sign^0,c
  4237   0016B4  BE03               	btfsc	(i2___awmod@dividend+1)^0,7,c
  4238   0016B6  EF61  F00B         	goto	i2u53_40
  4239   0016BA  EF5F  F00B         	goto	i2u53_41
  4240   0016BE                     i2u53_41:
  4241   0016BE  EF67  F00B         	goto	i2l1427
  4242   0016C2                     i2u53_40:
  4243   0016C2  6C02               	negf	i2___awmod@dividend^0,c
  4244   0016C4  1E03               	comf	(i2___awmod@dividend+1)^0,f,c
  4245   0016C6  B0D8               	btfsc	status,0,c
  4246   0016C8  2A03               	incf	(i2___awmod@dividend+1)^0,f,c
  4247   0016CA  0E01               	movlw	1
  4248   0016CC  6E07               	movwf	i2___awmod@sign^0,c
  4249   0016CE                     i2l1427:
  4250   0016CE  BE05               	btfsc	(i2___awmod@divisor+1)^0,7,c
  4251   0016D0  EF6E  F00B         	goto	i2u54_40
  4252   0016D4  EF6C  F00B         	goto	i2u54_41
  4253   0016D8                     i2u54_41:
  4254   0016D8  EF72  F00B         	goto	i2l1431
  4255   0016DC                     i2u54_40:
  4256   0016DC  6C04               	negf	i2___awmod@divisor^0,c
  4257   0016DE  1E05               	comf	(i2___awmod@divisor+1)^0,f,c
  4258   0016E0  B0D8               	btfsc	status,0,c
  4259   0016E2  2A05               	incf	(i2___awmod@divisor+1)^0,f,c
  4260   0016E4                     i2l1431:
  4261   0016E4  5004               	movf	i2___awmod@divisor^0,w,c
  4262   0016E6  1005               	iorwf	(i2___awmod@divisor+1)^0,w,c
  4263   0016E8  B4D8               	btfsc	status,2,c
  4264   0016EA  EF79  F00B         	goto	i2u55_41
  4265   0016EE  EF7B  F00B         	goto	i2u55_40
  4266   0016F2                     i2u55_41:
  4267   0016F2  EF9F  F00B         	goto	i2l1447
  4268   0016F6                     i2u55_40:
  4269   0016F6  0E01               	movlw	1
  4270   0016F8  6E06               	movwf	i2___awmod@counter^0,c
  4271   0016FA  EF83  F00B         	goto	i2l1437
  4272   0016FE                     i2l1435:
  4273   0016FE  90D8               	bcf	status,0,c
  4274   001700  3604               	rlcf	i2___awmod@divisor^0,f,c
  4275   001702  3605               	rlcf	(i2___awmod@divisor+1)^0,f,c
  4276   001704  2A06               	incf	i2___awmod@counter^0,f,c
  4277   001706                     i2l1437:
  4278   001706  AE05               	btfss	(i2___awmod@divisor+1)^0,7,c
  4279   001708  EF88  F00B         	goto	i2u56_41
  4280   00170C  EF8A  F00B         	goto	i2u56_40
  4281   001710                     i2u56_41:
  4282   001710  EF7F  F00B         	goto	i2l1435
  4283   001714                     i2u56_40:
  4284   001714                     i2l1439:
  4285   001714  5004               	movf	i2___awmod@divisor^0,w,c
  4286   001716  5C02               	subwf	i2___awmod@dividend^0,w,c
  4287   001718  5005               	movf	(i2___awmod@divisor+1)^0,w,c
  4288   00171A  5803               	subwfb	(i2___awmod@dividend+1)^0,w,c
  4289   00171C  A0D8               	btfss	status,0,c
  4290   00171E  EF93  F00B         	goto	i2u57_41
  4291   001722  EF95  F00B         	goto	i2u57_40
  4292   001726                     i2u57_41:
  4293   001726  EF99  F00B         	goto	i2l1443
  4294   00172A                     i2u57_40:
  4295   00172A  5004               	movf	i2___awmod@divisor^0,w,c
  4296   00172C  5E02               	subwf	i2___awmod@dividend^0,f,c
  4297   00172E  5005               	movf	(i2___awmod@divisor+1)^0,w,c
  4298   001730  5A03               	subwfb	(i2___awmod@dividend+1)^0,f,c
  4299   001732                     i2l1443:
  4300   001732  90D8               	bcf	status,0,c
  4301   001734  3205               	rrcf	(i2___awmod@divisor+1)^0,f,c
  4302   001736  3204               	rrcf	i2___awmod@divisor^0,f,c
  4303   001738  2E06               	decfsz	i2___awmod@counter^0,f,c
  4304   00173A  EF8A  F00B         	goto	i2l1439
  4305   00173E                     i2l1447:
  4306   00173E  5007               	movf	i2___awmod@sign^0,w,c
  4307   001740  B4D8               	btfsc	status,2,c
  4308   001742  EFA5  F00B         	goto	i2u58_41
  4309   001746  EFA7  F00B         	goto	i2u58_40
  4310   00174A                     i2u58_41:
  4311   00174A  EFAB  F00B         	goto	i2l1451
  4312   00174E                     i2u58_40:
  4313   00174E  6C02               	negf	i2___awmod@dividend^0,c
  4314   001750  1E03               	comf	(i2___awmod@dividend+1)^0,f,c
  4315   001752  B0D8               	btfsc	status,0,c
  4316   001754  2A03               	incf	(i2___awmod@dividend+1)^0,f,c
  4317   001756                     i2l1451:
  4318   001756  C002  F002         	movff	i2___awmod@dividend,?i2___awmod
  4319   00175A  C003  F003         	movff	i2___awmod@dividend+1,?i2___awmod+1
  4320   00175E  0012               	return		;funcret
  4321   001760                     __end_ofi2___awmod:
  4322                           	callstack 0
  4323                           
  4324                           	psect	smallconst
  4325   001000                     __psmallconst:
  4326                           	callstack 0
  4327   001000  00                 	db	0
  4328   001001  00                 	db	0	; dummy byte at the end
  4329   001000                     __smallconst    set	__psmallconst
  4330   001000                     __mediumconst   set	__psmallconst
  4331   000002                     __activetblptr  equ	2
  4332                           
  4333                           	psect	rparam
  4334   000001                     ___rparam_used  equ	1
  4335   000000                     ___param_bank   equ	0
  4336   000000                     __Lparam        equ	__Lrparam
  4337   000000                     __Hparam        equ	__Hrparam
  4338   000001                     btemp           set	1	;btemp
  4339   000001                     int$flags       set	1
  4340   000001                     btemp0          set	1
  4341   000002                     btemp1          set	2
  4342                           tosu	equ	0xFFF
  4343                           tosh	equ	0xFFE
  4344                           tosl	equ	0xFFD
  4345                           stkptr	equ	0xFFC
  4346                           pclatu	equ	0xFFB
  4347                           pclath	equ	0xFFA
  4348                           pcl	equ	0xFF9
  4349                           tblptru	equ	0xFF8
  4350                           tblptrh	equ	0xFF7
  4351                           tblptrl	equ	0xFF6
  4352                           tablat	equ	0xFF5
  4353                           prodh	equ	0xFF4
  4354                           prodl	equ	0xFF3
  4355                           indf0	equ	0xFEF
  4356                           postinc0	equ	0xFEE
  4357                           postdec0	equ	0xFED
  4358                           preinc0	equ	0xFEC
  4359                           plusw0	equ	0xFEB
  4360                           fsr0h	equ	0xFEA
  4361                           fsr0l	equ	0xFE9
  4362                           wreg	equ	0xFE8
  4363                           indf1	equ	0xFE7
  4364                           postinc1	equ	0xFE6
  4365                           postdec1	equ	0xFE5
  4366                           preinc1	equ	0xFE4
  4367                           plusw1	equ	0xFE3
  4368                           fsr1h	equ	0xFE2
  4369                           fsr1l	equ	0xFE1
  4370                           bsr	equ	0xFE0
  4371                           indf2	equ	0xFDF
  4372                           postinc2	equ	0xFDE
  4373                           postdec2	equ	0xFDD
  4374                           preinc2	equ	0xFDC
  4375                           plusw2	equ	0xFDB
  4376                           fsr2h	equ	0xFDA
  4377                           fsr2l	equ	0xFD9
  4378                           status	equ	0xFD8

Data Sizes:
    Strings     0
    Constant    0
    Data        1
    BSS         472
    Persistent  0
    Stack       0

Auto Spaces:
    Space          Size  Autos    Used
    COMRAM           94     47      48
    BANK0           160    122     122
    BANK1           256      0       0
    BANK2           256      0       0
    BANK3           256      0       0
    BANK4           256      0       0
    BANK5           256      0       0
    BANK6           256      0       0
    BANK7           256      0       0
    BANK8           256      0       0
    BANK9           256      0       0
    BANK10          256      0       0
    BANK11          256      0       0
    BANK12          256      0       0
    BANK13          256      0       0
    BANK14          256      0       0
    BANK15           56      0       0

Pointer List with Targets:

    new_task$task_ptr	PTR FTN()void  size(2) Largest target is 1
		 -> idle(), LED_1(), LED_2(), LED_3(), 

    os_create_task@func	PTR FTN()void  size(2) Largest target is 1
		 -> idle(), LED_1(), LED_2(), LED_3(), 

    r_queue$task_ptr	PTR FTN()void  size(2) Largest target is 1
		 -> idle(), LED_1(), LED_2(), LED_3(), 

    r_queue$task_running	PTR struct tcb size(2) Largest target is 472
		 -> r_queue(BIGRAM[472]), r_queue$TASKS(BIGRAM[468]), 

    r_queue$task_running$task_ptr	PTR FTN()void  size(2) Largest target is 1
		 -> idle(), LED_1(), LED_2(), LED_3(), 

    r_queue$TASKS$task_ptr	PTR FTN()void  size(2) Largest target is 1
		 -> idle(), LED_1(), LED_2(), LED_3(), 

    S69tcb$task_ptr	PTR FTN()void  size(2) Largest target is 1
		 -> idle(), LED_1(), LED_2(), LED_3(), 

    S93ready_queue$task_running	PTR struct tcb size(2) Largest target is 472
		 -> r_queue(BIGRAM[472]), 


Critical Paths under _main in COMRAM

    None.

Critical Paths under _idle in COMRAM

    None.

Critical Paths under _idle in COMRAM

    None.

Critical Paths under _LED_1 in COMRAM

    None.

Critical Paths under _LED_2 in COMRAM

    _LED_2->_os_delay
    _os_delay->_scheduler
    _scheduler->_RR_scheduler
    _RR_scheduler->___awmod

Critical Paths under _LED_3 in COMRAM

    None.

Critical Paths under _LED_1 in COMRAM

    None.

Critical Paths under _LED_2 in COMRAM

    _LED_2->_os_delay
    _os_delay->_scheduler
    _scheduler->_RR_scheduler
    _RR_scheduler->___awmod

Critical Paths under _LED_3 in COMRAM

    None.

Critical Paths under _ISR in COMRAM

    _ISR->i2_scheduler
    i2_scheduler->i2_RR_scheduler
    i2_RR_scheduler->i2___awmod

Critical Paths under _main in BANK0

    _main->_os_create_task
    _os_config->_os_create_task

Critical Paths under _idle in BANK0

    None.

Critical Paths under _idle in BANK0

    None.

Critical Paths under _LED_1 in BANK0

    None.

Critical Paths under _LED_2 in BANK0

    None.

Critical Paths under _LED_3 in BANK0

    None.

Critical Paths under _LED_1 in BANK0

    None.

Critical Paths under _LED_2 in BANK0

    None.

Critical Paths under _LED_3 in BANK0

    None.

Critical Paths under _ISR in BANK0

    None.

Critical Paths under _main in BANK1

    None.

Critical Paths under _idle in BANK1

    None.

Critical Paths under _idle in BANK1

    None.

Critical Paths under _LED_1 in BANK1

    None.

Critical Paths under _LED_2 in BANK1

    None.

Critical Paths under _LED_3 in BANK1

    None.

Critical Paths under _LED_1 in BANK1

    None.

Critical Paths under _LED_2 in BANK1

    None.

Critical Paths under _LED_3 in BANK1

    None.

Critical Paths under _ISR in BANK1

    None.

Critical Paths under _main in BANK2

    None.

Critical Paths under _idle in BANK2

    None.

Critical Paths under _idle in BANK2

    None.

Critical Paths under _LED_1 in BANK2

    None.

Critical Paths under _LED_2 in BANK2

    None.

Critical Paths under _LED_3 in BANK2

    None.

Critical Paths under _LED_1 in BANK2

    None.

Critical Paths under _LED_2 in BANK2

    None.

Critical Paths under _LED_3 in BANK2

    None.

Critical Paths under _ISR in BANK2

    None.

Critical Paths under _main in BANK3

    None.

Critical Paths under _idle in BANK3

    None.

Critical Paths under _idle in BANK3

    None.

Critical Paths under _LED_1 in BANK3

    None.

Critical Paths under _LED_2 in BANK3

    None.

Critical Paths under _LED_3 in BANK3

    None.

Critical Paths under _LED_1 in BANK3

    None.

Critical Paths under _LED_2 in BANK3

    None.

Critical Paths under _LED_3 in BANK3

    None.

Critical Paths under _ISR in BANK3

    None.

Critical Paths under _main in BANK4

    None.

Critical Paths under _idle in BANK4

    None.

Critical Paths under _idle in BANK4

    None.

Critical Paths under _LED_1 in BANK4

    None.

Critical Paths under _LED_2 in BANK4

    None.

Critical Paths under _LED_3 in BANK4

    None.

Critical Paths under _LED_1 in BANK4

    None.

Critical Paths under _LED_2 in BANK4

    None.

Critical Paths under _LED_3 in BANK4

    None.

Critical Paths under _ISR in BANK4

    None.

Critical Paths under _main in BANK5

    None.

Critical Paths under _idle in BANK5

    None.

Critical Paths under _idle in BANK5

    None.

Critical Paths under _LED_1 in BANK5

    None.

Critical Paths under _LED_2 in BANK5

    None.

Critical Paths under _LED_3 in BANK5

    None.

Critical Paths under _LED_1 in BANK5

    None.

Critical Paths under _LED_2 in BANK5

    None.

Critical Paths under _LED_3 in BANK5

    None.

Critical Paths under _ISR in BANK5

    None.

Critical Paths under _main in BANK6

    None.

Critical Paths under _idle in BANK6

    None.

Critical Paths under _idle in BANK6

    None.

Critical Paths under _LED_1 in BANK6

    None.

Critical Paths under _LED_2 in BANK6

    None.

Critical Paths under _LED_3 in BANK6

    None.

Critical Paths under _LED_1 in BANK6

    None.

Critical Paths under _LED_2 in BANK6

    None.

Critical Paths under _LED_3 in BANK6

    None.

Critical Paths under _ISR in BANK6

    None.

Critical Paths under _main in BANK7

    None.

Critical Paths under _idle in BANK7

    None.

Critical Paths under _idle in BANK7

    None.

Critical Paths under _LED_1 in BANK7

    None.

Critical Paths under _LED_2 in BANK7

    None.

Critical Paths under _LED_3 in BANK7

    None.

Critical Paths under _LED_1 in BANK7

    None.

Critical Paths under _LED_2 in BANK7

    None.

Critical Paths under _LED_3 in BANK7

    None.

Critical Paths under _ISR in BANK7

    None.

Critical Paths under _main in BANK8

    None.

Critical Paths under _idle in BANK8

    None.

Critical Paths under _idle in BANK8

    None.

Critical Paths under _LED_1 in BANK8

    None.

Critical Paths under _LED_2 in BANK8

    None.

Critical Paths under _LED_3 in BANK8

    None.

Critical Paths under _LED_1 in BANK8

    None.

Critical Paths under _LED_2 in BANK8

    None.

Critical Paths under _LED_3 in BANK8

    None.

Critical Paths under _ISR in BANK8

    None.

Critical Paths under _main in BANK9

    None.

Critical Paths under _idle in BANK9

    None.

Critical Paths under _idle in BANK9

    None.

Critical Paths under _LED_1 in BANK9

    None.

Critical Paths under _LED_2 in BANK9

    None.

Critical Paths under _LED_3 in BANK9

    None.

Critical Paths under _LED_1 in BANK9

    None.

Critical Paths under _LED_2 in BANK9

    None.

Critical Paths under _LED_3 in BANK9

    None.

Critical Paths under _ISR in BANK9

    None.

Critical Paths under _main in BANK10

    None.

Critical Paths under _idle in BANK10

    None.

Critical Paths under _idle in BANK10

    None.

Critical Paths under _LED_1 in BANK10

    None.

Critical Paths under _LED_2 in BANK10

    None.

Critical Paths under _LED_3 in BANK10

    None.

Critical Paths under _LED_1 in BANK10

    None.

Critical Paths under _LED_2 in BANK10

    None.

Critical Paths under _LED_3 in BANK10

    None.

Critical Paths under _ISR in BANK10

    None.

Critical Paths under _main in BANK11

    None.

Critical Paths under _idle in BANK11

    None.

Critical Paths under _idle in BANK11

    None.

Critical Paths under _LED_1 in BANK11

    None.

Critical Paths under _LED_2 in BANK11

    None.

Critical Paths under _LED_3 in BANK11

    None.

Critical Paths under _LED_1 in BANK11

    None.

Critical Paths under _LED_2 in BANK11

    None.

Critical Paths under _LED_3 in BANK11

    None.

Critical Paths under _ISR in BANK11

    None.

Critical Paths under _main in BANK12

    None.

Critical Paths under _idle in BANK12

    None.

Critical Paths under _idle in BANK12

    None.

Critical Paths under _LED_1 in BANK12

    None.

Critical Paths under _LED_2 in BANK12

    None.

Critical Paths under _LED_3 in BANK12

    None.

Critical Paths under _LED_1 in BANK12

    None.

Critical Paths under _LED_2 in BANK12

    None.

Critical Paths under _LED_3 in BANK12

    None.

Critical Paths under _ISR in BANK12

    None.

Critical Paths under _main in BANK13

    None.

Critical Paths under _idle in BANK13

    None.

Critical Paths under _idle in BANK13

    None.

Critical Paths under _LED_1 in BANK13

    None.

Critical Paths under _LED_2 in BANK13

    None.

Critical Paths under _LED_3 in BANK13

    None.

Critical Paths under _LED_1 in BANK13

    None.

Critical Paths under _LED_2 in BANK13

    None.

Critical Paths under _LED_3 in BANK13

    None.

Critical Paths under _ISR in BANK13

    None.

Critical Paths under _main in BANK14

    None.

Critical Paths under _idle in BANK14

    None.

Critical Paths under _idle in BANK14

    None.

Critical Paths under _LED_1 in BANK14

    None.

Critical Paths under _LED_2 in BANK14

    None.

Critical Paths under _LED_3 in BANK14

    None.

Critical Paths under _LED_1 in BANK14

    None.

Critical Paths under _LED_2 in BANK14

    None.

Critical Paths under _LED_3 in BANK14

    None.

Critical Paths under _ISR in BANK14

    None.

Critical Paths under _main in BANK15

    None.

Critical Paths under _idle in BANK15

    None.

Critical Paths under _idle in BANK15

    None.

Critical Paths under _LED_1 in BANK15

    None.

Critical Paths under _LED_2 in BANK15

    None.

Critical Paths under _LED_3 in BANK15

    None.

Critical Paths under _LED_1 in BANK15

    None.

Critical Paths under _LED_2 in BANK15

    None.

Critical Paths under _LED_3 in BANK15

    None.

Critical Paths under _ISR in BANK15

    None.

Call Graph Tables:

 ---------------------------------------------------------------------------------
 (Depth) Function   	        Calls       Base Space   Used Autos Params    Refs
 ---------------------------------------------------------------------------------
 (0) _main                                                 0     0      0    1264
                          _os_config
                     _os_create_task
                           _os_start
 ---------------------------------------------------------------------------------
 (1) _os_start                                             0     0      0       0
                     _setup_hardware
 ---------------------------------------------------------------------------------
 (2) _setup_hardware                                       0     0      0       0
 ---------------------------------------------------------------------------------
 (1) _os_config                                            0     0      0     632
                        _config_user
                     _os_create_task
 ---------------------------------------------------------------------------------
 (2) _os_create_task                                     122   119      3     632
                                              0 BANK0    122   119      3
 ---------------------------------------------------------------------------------
 (2) _config_user                                          0     0      0       0
 ---------------------------------------------------------------------------------
 Estimated maximum stack depth 2
 ---------------------------------------------------------------------------------
 (Depth) Function   	        Calls       Base Space   Used Autos Params    Refs
 ---------------------------------------------------------------------------------
 (3) _idle                                                 1     1      0       0
                                              0 COMRAM     1     1      0
 ---------------------------------------------------------------------------------
 Estimated maximum stack depth 3
 ---------------------------------------------------------------------------------
 (Depth) Function   	        Calls       Base Space   Used Autos Params    Refs
 ---------------------------------------------------------------------------------
 (3) _idle                                                 1     1      0       0
                                              0 COMRAM     1     1      0
 ---------------------------------------------------------------------------------
 Estimated maximum stack depth 3
 ---------------------------------------------------------------------------------
 (Depth) Function   	        Calls       Base Space   Used Autos Params    Refs
 ---------------------------------------------------------------------------------
 (3) _LED_1                                                1     1      0       0
                                             24 COMRAM     1     1      0
 ---------------------------------------------------------------------------------
 Estimated maximum stack depth 3
 ---------------------------------------------------------------------------------
 (Depth) Function   	        Calls       Base Space   Used Autos Params    Refs
 ---------------------------------------------------------------------------------
 (3) _LED_2                                                1     1      0     417
                                             45 COMRAM     1     1      0
                           _os_delay
 ---------------------------------------------------------------------------------
 (4) _os_delay                                             8     8      0     417
                                             37 COMRAM     8     8      0
                          _scheduler
 ---------------------------------------------------------------------------------
 (5) _scheduler                                            3     3      0     388
                                             34 COMRAM     3     3      0
                       _RR_scheduler
 ---------------------------------------------------------------------------------
 (6) _RR_scheduler                                         3     3      0     388
                                             31 COMRAM     3     3      0
                            ___awmod
 ---------------------------------------------------------------------------------
 (7) ___awmod                                              6     2      4     298
                                             25 COMRAM     6     2      4
 ---------------------------------------------------------------------------------
 Estimated maximum stack depth 7
 ---------------------------------------------------------------------------------
 (Depth) Function   	        Calls       Base Space   Used Autos Params    Refs
 ---------------------------------------------------------------------------------
 (3) _LED_3                                                1     1      0       0
                                             46 COMRAM     1     1      0
 ---------------------------------------------------------------------------------
 Estimated maximum stack depth 3
 ---------------------------------------------------------------------------------
 (Depth) Function   	        Calls       Base Space   Used Autos Params    Refs
 ---------------------------------------------------------------------------------
 (3) _LED_1                                                1     1      0       0
                                             24 COMRAM     1     1      0
 ---------------------------------------------------------------------------------
 Estimated maximum stack depth 3
 ---------------------------------------------------------------------------------
 (Depth) Function   	        Calls       Base Space   Used Autos Params    Refs
 ---------------------------------------------------------------------------------
 (3) _LED_2                                                1     1      0     417
                                             45 COMRAM     1     1      0
                           _os_delay
 ---------------------------------------------------------------------------------
 (4) _os_delay                                             8     8      0     417
                                             37 COMRAM     8     8      0
                          _scheduler
 ---------------------------------------------------------------------------------
 (5) _scheduler                                            3     3      0     388
                                             34 COMRAM     3     3      0
                       _RR_scheduler
 ---------------------------------------------------------------------------------
 (6) _RR_scheduler                                         3     3      0     388
                                             31 COMRAM     3     3      0
                            ___awmod
 ---------------------------------------------------------------------------------
 (7) ___awmod                                              6     2      4     298
                                             25 COMRAM     6     2      4
 ---------------------------------------------------------------------------------
 Estimated maximum stack depth 7
 ---------------------------------------------------------------------------------
 (Depth) Function   	        Calls       Base Space   Used Autos Params    Refs
 ---------------------------------------------------------------------------------
 (3) _LED_3                                                1     1      0       0
                                             46 COMRAM     1     1      0
 ---------------------------------------------------------------------------------
 Estimated maximum stack depth 3
 ---------------------------------------------------------------------------------
 (Depth) Function   	        Calls       Base Space   Used Autos Params    Refs
 ---------------------------------------------------------------------------------
 (8) _ISR                                                 15    15      0     500
                                             12 COMRAM    15    15      0
                        i2_scheduler
 ---------------------------------------------------------------------------------
 (9) i2_scheduler                                          3     3      0     388
                                              9 COMRAM     3     3      0
                     i2_RR_scheduler
 ---------------------------------------------------------------------------------
 (10) i2_RR_scheduler                                      3     3      0     388
                                              6 COMRAM     3     3      0
                          i2___awmod
 ---------------------------------------------------------------------------------
 (11) i2___awmod                                           6     2      4     298
                                              0 COMRAM     6     2      4
 ---------------------------------------------------------------------------------
 Estimated maximum stack depth 11
 ---------------------------------------------------------------------------------

 Call Graph Graphs:

 _main (ROOT)
   _os_config
     _config_user
     _os_create_task
   _os_create_task
   _os_start
     _setup_hardware

 _idle (ROOT)

 _idle (ROOT)

 _LED_1 (ROOT)

 _LED_2 (ROOT)
   _os_delay
     _scheduler
       _RR_scheduler
         ___awmod

 _LED_3 (ROOT)

 _LED_1 (ROOT)

 _LED_2 (ROOT)
   _os_delay
     _scheduler
       _RR_scheduler
         ___awmod

 _LED_3 (ROOT)

 _ISR (ROOT)
   i2_scheduler
     i2_RR_scheduler
       i2___awmod

Address spaces:
Name               Size   Autos  Total    Usage
BIGRAM            3895      0     472     12.1%
BITBANK14          256      0       0      0.0%
BANK14             256      0       0      0.0%
BITBANK13          256      0       0      0.0%
BANK13             256      0       0      0.0%
BITBANK12          256      0       0      0.0%
BANK12             256      0       0      0.0%
BITBANK11          256      0       0      0.0%
BANK11             256      0       0      0.0%
BITBANK10          256      0       0      0.0%
BANK10             256      0       0      0.0%
BITBANK9           256      0       0      0.0%
BANK9              256      0       0      0.0%
BITBANK8           256      0       0      0.0%
BANK8              256      0       0      0.0%
BITBANK7           256      0       0      0.0%
BANK7              256      0       0      0.0%
BITBANK6           256      0       0      0.0%
BANK6              256      0       0      0.0%
BITBANK5           256      0       0      0.0%
BANK5              256      0       0      0.0%
BITBANK4           256      0       0      0.0%
BANK4              256      0       0      0.0%
BITBANK3           256      0       0      0.0%
BANK3              256      0       0      0.0%
BITBANK2           256      0       0      0.0%
BANK2              256      0       0      0.0%
BITBANK1           256      0       0      0.0%
BANK1              256      0       0      0.0%
BITBANK0           160      0       0      0.0%
BANK0              160    122     122     76.2%
BITCOMRAM           94      0       0      0.0%
COMRAM              94     47      48     51.1%
BITBIGSFRllllh      88      0       0      0.0%
BITBIGSFRlllh       64      0       0      0.0%
BITBANK15           56      0       0      0.0%
BANK15              56      0       0      0.0%
BITBIGSFRllh        18      0       0      0.0%
BITBIGSFRlh         13      0       0      0.0%
BITBIGSFRh           8      0       0      0.0%
BITBIGSFRlllll       2      0       0      0.0%
STACK                0      0       0      0.0%
DATA                 0      0     642      0.0%


Microchip Technology PIC18 Macro Assembler V3.10 build 20250813170317 
Symbol Table                                                                                   Sun Apr  5 21:47:58 2026

    __end_ofi2_scheduler 1A2E                       l17 18EC                       l18 18EC  
                     l97 18A6                      l116 1958                      l142 1A7A  
                    l119 1A82                      l163 198A                      l175 1A2E  
                    l169 195A                      l249 1A6A                      _BSR 0FE0  
                    _ISR 0008                      u591 1894             ___awmod@sign 0020  
                    prod 0FF3                      wreg 0FE8                     ?_ISR 0002  
                   ISR@i 001B                     l1201 1A54                     l1203 1A5E  
                   l1205 1A62                     l1311 198A                     l1225 1A7C  
                   l1307 19B6                     l1227 1A80                     l1317 1A2E  
                   l1309 19B8                     l1501 187A                     l1503 189C  
                   l1521 1928                     l1523 1940                     l1605 195A  
                   l1461 184C                     l1525 1954                     l1607 197E  
                   l1199 1A6C                     l1471 185C                     l1463 1854  
                   l1455 1840                     l1481 1866                     l1473 185E  
                   l1465 1856                     l1457 1844                     l1491 1870  
                   l1483 1868                     l1475 1860                     l1467 1858  
                   l1459 1848                     l1493 1872                     l1485 186A  
                   l1477 1862                     l1469 185A                     l1495 1874  
                   l1487 186C                     l1479 1864                     l1567 18A8  
                   l1497 1876                     l1489 186E                     l1569 18E8  
                   l1499 1878                     i1l90 146A                     i1l94 1602  
                   i1l89 157A                     _TMR0 0FD6                     _TOSH 0FFE  
                   _TOSL 0FFD                     _WREG 0FE8                     _TOSU 0FFF  
                   _idle 19B6                     _main 18A8                     fsr1h 0FE2  
                   fsr2h 0FDA                     indf1 0FE7                     indf2 0FDF  
                   fsr1l 0FE1                     fsr2l 0FD9                     btemp 0001  
                   prodh 0FF4                     prodl 0FF3                     start 071A  
           ___param_bank 0000                    ??_ISR 000E     __end_of_RR_scheduler 17CE  
                  ?_idle 0002                    ?_main 0002          __end_of___awmod 16B2  
                  _LED_1 198A                    _FSR0H 0FEA                    _LED_2 195A  
                  _LED_3 1A2E                    _FSR1H 0FE2                    _FSR0L 0FE9  
                  _FSR2H 0FDA                    _FSR1L 0FE1                    _FSR2L 0FD9  
                  i1l192 17CC                    i1l187 1A04                    i1l632 16B0  
                  i2l270 0562                    i2l192 183A                    i2l187 1A2C  
                  i2l275 06FE                    i2l269 0672                    i2l632 175E  
                  u30_20 19C8                    u30_21 19C2                    u30_26 19CA  
                  u31_20 199A                    u31_21 1994                    u31_26 199C  
                  u33_20 1A3E                    u33_21 1A38                    _PRODH 0FF4  
                  u33_26 1A40                    _PRODL 0FF3                    u74_20 196A  
                  u74_21 1964                    u74_26 196C                    btemp0 0001  
                  btemp1 0002                    tablat 0FF5                    plusw1 0FE3  
                  plusw2 0FDB                    status 0FD8              i2_scheduler 1A06  
        __initialization 18F4             __end_of_idle 19DE             __end_of_main 18F4  
                 ??_idle 0002                   ??_main 00DA                   ?_LED_1 0002  
          __activetblptr 0002                   ?_LED_2 0002                   ?_LED_3 0002  
                 i1l1401 16A0                   i1l1403 16A8                   i1l1411 1782  
                 i1l1413 17A2                   i1l1415 17CA                   i1l1407 1760  
                 i1l1409 1764                   i1l1505 19DE                   i1l1371 1604  
                 i1l1507 19E8                   i1l1531 1028                   i1l1381 162E  
                 i1l1373 1606                   i1l1541 12BA                   i1l1533 11A6  
                 i1l1391 1666                   i1l1383 1636                   i1l1375 1614  
                 i1l1551 147E                   i1l1543 12BE                   i1l1535 127E  
                 i1l1527 1004                   i1l1393 167C                   i1l1385 1648  
                 i1l1377 161C                   i1l1553 14C6                   i1l1545 12DE  
                 i1l1561 1600                   i1l1537 1292                   i1l1529 1006  
                 i1l1395 1684                   i1l1387 1650                   i1l1379 1620  
                 i1l1555 150E                   i1l1547 1448                   i1l1539 12A2  
                 i1l1397 168A                   i1l1389 1658                   i1l1557 1556  
                 i1l1549 146C                   i1l1399 1690                   i1l1559 157C  
                 i2l1421 16B4                   i2l1431 16E4                   i2l1423 16C2  
                 i2l1511 17D2                   i2l1441 172A                   i2l1433 16F6  
                 i2l1425 16CA                   i2l1513 17F0                   i2l1451 1756  
                 i2l1443 1732                   i2l1435 16FE                   i2l1427 16CE  
                 i2l1419 16B2                   i2l1515 1810                   i2l1611 0030  
                 i2l1445 1738                   i2l1437 1706                   i2l1429 16DC  
                 i2l1517 1838                   i2l1509 17CE                   i2l1621 00D8  
                 i2l1613 0032                   i2l1439 1714                   i2l1447 173E  
                 i2l1631 013A                   i2l1615 003C                   i2l1623 00DC  
                 i2l1449 174E                   i2l1641 03B6                   i2l1633 02B6  
                 i2l1625 0104                   i2l1617 006A                   i2l1609 0022  
                 i2l1563 1A06                   i2l1651 05BE                   i2l1643 03D6  
                 i2l1635 038E                   i2l1627 0114                   i2l1619 00B8  
                 i2l1565 1A10                   i2l1653 0606                   i2l1645 0540  
                 i2l1637 03A2                   i2l1629 0118                   i2l1655 064E  
                 i2l1647 0564                   i2l1639 03B2                   i2l1657 0674  
                 i2l1649 0576                   i2l1659 06FC                   _PCLATH 0FFA  
                 _PCLATU 0FFB                   _TABLAT 0FF5                   _STATUS 0FD8  
                 _STKPTR 0FFC                ??___awmod 001F                   clear_0 190E  
        ___awmod@divisor 001D       os_create_task@func 0060         ??_setup_hardware 0060  
                 isa$std 0001          ___awmod@counter 001F         __end_of_os_delay 1604  
           __pdataCOMRAM 0031        __end_ofi2___awmod 1760         __end_of_os_start 1A84  
           __mediumconst 1000                   tblptrh 0FF7                   tblptrl 0FF6  
                 tblptru 0FF8           i2___awmod@sign 0007               __accesstop 0060  
__end_of__initialization 191A            ___rparam_used 0001            __end_of_LED_1 19B6  
          __end_of_LED_2 198A            __end_of_LED_3 1A54           _os_create_task 183C  
         __pcstackCOMRAM 0002         RR_scheduler@prox 0023                  ??_LED_1 001A  
                ??_LED_2 002F                  ??_LED_3 0030         os_create_task@id 0064  
           _RR_scheduler 1760   __end_of_os_create_task 18A8                  _TBLPTRH 0FF7  
                i1u50_20 16A0                  _TBLPTRL 0FF6                  i1u50_21 169C  
                i1u51_20 17A2                  i1u51_21 179E                  _TBLPTRU 0FF8  
                i1u52_20 17CA                  i1u52_21 17C6                  i1u45_20 1614  
                i1u45_21 1610                  i1u46_20 162E                  i1u62_20 1028  
                i1u46_21 162A                  i1u62_21 1024                  i1u47_20 1648  
                i1u63_20 12A2                  i1u47_21 1644                  i1u63_21 129E  
                i1u48_20 1666                  i1u64_20 12DE                  i1u48_21 1662  
                i1u64_21 12DA                  i1u49_20 167C                  i1u65_20 146A  
                i1u49_21 1678                  i1u65_21 1466                  i1u66_20 1576  
                i1u66_21 1572                  i1u67_20 15F6                  i1u67_25 15EE  
                i2u60_40 1810                  i2u60_41 180C                  i2u53_40 16C2  
                i2u61_40 1838                  i2u53_41 16BE                  i2u61_41 1834  
                i2u54_40 16DC                  i2u54_41 16D8                  i2u55_40 16F6  
                i2u55_41 16F2                  i2u56_40 1714                  i2u80_40 013A  
                i2u56_41 1710                  i2u80_41 0136                  i2u57_40 172A  
                i2u81_40 03B2                  i2u57_41 1726                  i2u81_41 03AE  
                i2u58_40 174E                  i2u82_40 03D6                  i2u58_41 174A  
                i2u82_41 03D2                  i2u83_40 0562                  i2u75_40 0030  
                i2u83_41 055E                  i2u75_41 002C                  i2u84_40 066E  
                i2u76_40 006A                  i2u84_41 066A                  i2u76_41 0066  
                i2u85_40 06EE                  i2u77_40 00B8                  i2u77_41 00B4  
                i2u85_45 06E6                  i2u78_40 0104                  i2u78_41 0100  
                i2u79_40 0114                  i2u79_41 0110             ?i2_scheduler 0002  
        ?_os_create_task 0060                ?_os_delay 0002                  __Hparam 0000  
                __Lparam 0000                ?_os_start 0002                  ___awmod 1604  
           __psmallconst 1000                  __pcinit 18F4                  __ramtop 1000  
                __ptext0 18A8                  __ptext1 1A7C                  __ptext2 1A54  
                __ptext3 1928                  __ptext4 183C                  __ptext5 1A6C  
                __ptext6 19B6                  __ptext7 198A                  __ptext8 195A  
                __ptext9 1002                _T0CONbits 0FD5         ___awmod@dividend 001B  
                _r_queue 00DA      os_create_task@prior 0062        __end_of_scheduler 1A06  
   end_of_initialization 191A        __end_of_os_config 195A            __Lmediumconst 0000  
 os_create_task@new_task 0065               ??_os_delay 0027               ??_os_start 0060  
                postdec1 0FE5                  postdec2 0FDD                  postinc0 0FEE  
                postinc1 0FE6                  postinc2 0FDE                _PORTCbits 0F82  
              _PORTDbits 0F83               _rr_quantum 0031                _TRISCbits 0F94  
              _TRISDbits 0F95                i2___awmod 16B2           i2_RR_scheduler 17CE  
          ??_config_user 0060            __pidataCOMRAM 1A84      start_initialization 18F4  
            __end_of_ISR 071A               ?i2___awmod 0002   __end_ofi2_RR_scheduler 183C  
    __end_of_config_user 1A7C       i2RR_scheduler@prox 000A              __pbssBIGRAM 00DA  
          __pcstackBANK0 0060         ??_os_create_task 0063          ?i2_RR_scheduler 0002  
              __pintcode 0008                 ?___awmod 001B              __smallconst 1000  
            ??i2___awmod 0006                _scheduler 19DE                _os_config 1928  
           os_delay@time 002E              _config_user 1A6C       i2___awmod@dividend 0002  
             ?_scheduler 0002               ?_os_config 0002                 __Hrparam 0000  
               __Lrparam 0000               _ANSELCbits 0F3A               _ANSELDbits 0F3B  
               __ptext10 19DE                 __ptext11 1760                 __ptext12 1604  
               __ptext13 1A2E                 __ptext15 1A06                 __ptext16 17CE  
               __ptext17 16B2           _setup_hardware 1A54            ?_RR_scheduler 0002  
               _os_delay 1002                 _os_start 1A7C                 isa$xinst 0000  
               int$flags 0001        i2___awmod@divisor 0004        i2___awmod@counter 0006  
             _INTCONbits 0FF2   __end_of_setup_hardware 1A6C         ??i2_RR_scheduler 0008  
         ??_RR_scheduler 0021                 intlevel1 0000                 intlevel2 0000  
          ??i2_scheduler 000B              ??_scheduler 0024              ??_os_config 00DA  
        ?_setup_hardware 0002             ?_config_user 0002  
